ID_Candidato,Nombre,Biografia,Tiene_Renuncia,Observaciones
COSTANTINO SERGIO,"Costantino, Sergio",EN CONSTRUCCION,NO,
CULOTTA MARCELO,"Culotta, Marcelo",EN CONSTRUCCION,NO,
AGOTE MANUEL,"Agote, Manuel","Abogado (UTDT), especializado en derecho comercial . Durante muchos años fue parte de la agrupación ""De Boedo Vengo"". Militando durante años la vuelta a Boedo. En 2016 impulsó reformas en el estatuto blindando al club contra la aparición de las sociedades anónimas deportivas. En 2022, Luego de años de militancia política en DBV, Manuel decidió alejarse de la agrupación, En ese mismo año organizó varias marchas contra la comisión directiva liderada por Horacio Arreceygor exigiendo elecciones anticipadas y marchas al Ministerio de Turismo y a la Vinería de Matías Lammens. Tambien fue parte del entramado político de ""Somos San Lorenzo"" del cual salió junto con otros referentes por discrepancias al momento de integrar a nuevos actores políticos a la lista. En 2023 Manuel formó Movete Boedo Movete del cual es considerado el lider. En 2024 Llevó a la justicia y sancionando a los miembros de la comisión directiva 2019-2023 por irregularidades en la gestión, siendo sancionados a finales de 2024.

En 2025 participó por primera vez de una elección, como candidato a presidente en una de las listas de la Asamblea Extraordinaria de Diciembre de 2025.",NO,
CESAR FRANCIS,"Francis, Cesar","Abogado (UBA) y periodista (ISER). Secretario de la Asociación Argentina de Tenis. Ha participación en procesos de salvataje de varios clubes del ascenso tales como Deportivo Español, Comunicaciones y Atlanta. Fue uno de los redactores de la ley de quiebras y entidades deportivas en el 2000. En la Legislatura porteña fue Director General de la Comisión de Turismo y Deporte y participó en leyes clave como la restitución histórica de Avenida La Plata para San Lorenzo. En 2012 ""fundó Volver a San Lorenzo"". Entre 2013 y 2016 fue vocal opositor, y en 2016 fue electo nuevamente como vocal opositor. Aunque tuvo que recurrir a la Inspección General de Justicia para poder asumir su lugar, el cual recién pudo ocupar a principios de 2019. En 2019 volvió a ser electo como vocal opositor (y único).",NO,
NICOLAS PAPASSO,"Papasso, Nicolas",EN CONSTRUCCION,NO,
CIPRIANO POMMIES,"Pommies, Cipriano","Uno de los productores arroceros mas grandes de la Argentina, tambien ligado al rubro agrupecuario. Fue candidato a presidente por la agrupación ""Siempre San Lorenzo"" en 2022. Actualmente es vocal de la comisión directiva y candidato a vice-presidente por ""San Lorenzo en Marcha""",NO,
CAMPOS JUAN MANUEL,"Campos, Juan Manuel","Dueño de la empresa Armaduras Argentinas SRL. Egresado de la UNCALP. Referente de ""Todo x San Lorenzo"". Actual candidato a vicepresidente por ""Orden y Progreso""",NO,
BITTA DELLA LEONARDO,"Della Bitta, Leonardo","Ingeniero industrial (UBA). Empresario metalúrgico, titular de DELLA BITTA SRL, de una de las principales fábricas de ascensores del país. Asesor en el Ministerio de Desarrollo de la Comunidad de la Provincia de Buenos Aires. Referente de la Agrupación Mística Solidaria. Fue candidato a vocal de Movete Boedo Movete en la Asamblea Extraordinaria del 22 de Diciembre de 2025",NO,
DANIEL DE FLORIAN,"De Florian, Daniel","Científico reconocido a nivel mundial, doctor en Física, especializado en físicas de altas energias y la física en el bosón de Higgs en el gran colisionador de hadrones (LHC). Trabaja en varias universidades de la Argentina. 

Tuvo una pequeña participación en política nacional el año pasado en la lista de Juan Manuel Abal Medina. Fue parte de la lista que presentó Cesar Francis en la asamblea de 2025.                  Premios:
2023. Premio Konex de Platino en la disciplina Física y Astronomía
2020. Miembro Titular de la Academia Nacional de Ciencias Exactas, Físicas y Naturales
2018. Miembro de la Academia de Ciencias de América Latina (ACAL) 
2017. Mención de Honor al valor Científico del Senado de la Nación 
2016. Premio Von Humboldt Research de la Fundación Alexander von Humboldt.
2014. Premio de la Academia Mundial de Ciencias (TWAS) en Física.
2008-2009. Fellow de la Fundación Guggenheim.
2008. Beller Lectureship, otorgado por la American Physical Society (Sociedad Física de Estados
Unidos)
2007. Premio Juan José Giambiagi, en Física, otorgado por la Academia de Ciencias de
Argentina.
2005. Premio Bernardo Houssay al investigador joven, otorgado por la Secretaría de Ciencia y
Tecnología (SeCyT).",NO,
ANGEL GRAS,"Gras, Angel",Gestor cultural. 30 años empresario teatral. Ex director general de Cultura y Museo de la camara de diputados de la nacion. Ex Embajador Cultural Argentino en Mondiacult (UNESCO).,NO,
EZEQUIEL SABOR,"Sabor, Ezequiel","Contador Público (UBA) y Magíster en Economía y Ciencias Políticas (ESEADE). Funcionario con casi 10 años en el GCBA. Secretario de trabajo y Embajador Argentino en México y Belice durante el gobierno de Mauricio Macri. Actual Secretario de Gobierno y Vinculo Ciudadano. Fue candidato a Fiscalizador por Nuevo San Lorenzo (2010), Formó parte de la comisión directiva transitoria de 2012 y fue candidato a vocal por ""X Amor a San Lorenzo"" (2023). Es vocal de comisión directiva y encargado del Tenis. Tambien es candidato a primer vocal por San Lorenzo en Marcha",NO,
BAUTISTA CASTAGNA JUAN,"Castagna, Juan Bautista",Uno de los fundadores de Orden y Progreso. Abogado (UM). Ejecutivo de cuentas y ventas en el Grupo SALIM,NO,
LUCIA ROJAS,"Rojas, Lucia","Licenciada en gestión de políticas públicas (UNTREF). Militante política, delegada sindical en UPCN SENAF. Ex integrante de San Lorenzo Feminista. Asambleista por San Lorenzo Siglo XXI (2019-2023). Rápidamente tomó distancia con el oficialismo y votó en contra los balances de esa gestión. Desde 2023 colabora con Manuel Agote en Movete Boedo Movete",NO,
FERRERA JORGE OMAR,"Ferrera, Jorge Omar","Corredor inmobiliario y administrador de propiedades. Participo como candiato a vocal en 2025, 2023 y 2022. Y Como asambleista en el 2019",NO,
MATIAS NOVAL,"Noval, Matias",Contador publico (UBA). Asesor economico. Candidato a Vicepresidente por la lista de Quique Ronzoni en 2022.,NO,
DIEGO MEJUTO,"Mejuto, Diego",EN CONSTRUCCION,NO,
ARIEL DEAN,"Dean, Ariel","Subdirector de la subdirección de Comunicación y Prensa de la Administración General de Puertos, dependiente del ministerio de transporte. Consultor en comunicación política e institucional. Referente de ""Actitud San Lorenzo"" Actual miembro de la comisión fiscalizadora de San Lorenzo (2023-2027). actual candidato a vocal por ""Orden y Progreso""",NO,
WALTER WEIMANN,"Weimann, Walter",Comunicador Social (UBA). Especialista en comunicación política y monitoreo de medios. Coordinador Presidencial de Medios Provinciales.en el estadio nacional.,NO,
FERNANDO MARCELO MEIS,"Meis, Marcelo Fernando","Abogado y ex legislador porteño, acutal miembro del Consejo de la Magistratura de Buenos Aires. Actualmente forma parte de la comisión fiscalizadora de San Lorenzo por el espacio de Volver a San Lorenzo",NO,
FARINA GONZALO,"Fariña, Gonzalo",Ingeniero industrial (UBA). Master en finanzas (UCEMA). Empresario. Ex gerente financiero de Celulosa Argentina. Ex gerente general de Grupo Quintana,NO,
CARTA MOGLIETTA VALERIA,"Carta Moglietta, Valeria","Licenciada en Administracion (UBA) y experta en Sustentabilidad. Funcionaria con mas de 20 años de experiencia en el CGBA. Asambleista en licencia por Boedo en acción (2023-2026). Actual vicepresidenta 1ero de San Lorenzo. Presidenta de la subcomisión del Voley, colaboradora en la subcomisión de sustentabilidad y colaboradora del fallido proyecto del colegio impulsado por Marcelo Moretti",NO,
ANA BOZZANO,"Bozzano, Ana","Docente, coordinadora del centro de estudiantes del profesorado Juan B Justo. Trabajadora judicial",NO,
ALFREDO ALONSO,"Alonso, Alfredo","Especialista en administración, mantenimiento y gestión de equipos. Trayectoria en el rubro gastronómico y conducción operativa. Referente histórico de la bandera de Devoto, autor de muchas de las canciones de la hinchada de San Lorenzo",NO,
AGUSTINA NORDENSTROM,"Nordenstrom, Agustina","Periodista deportiva y Azafata. Vocal por la minoría entre 2023 y 2025, ingresando por el cupo femenino. En 2025 renunció para contribuir a la acefalía. En 2026 integraría la lista de Volver A San Lorenzo de Cesar Francis, pero renunció por diferencias con Cesar Francis, esto debido a un declaraciones polémicas en redes sociales acerca del desempeño del equipo contra River",SI,Renuncia / Fin de mandato anticipado
DAVID VIVIANA,"David, Viviana","Empleada en Superintendencia de Riesgos del trabajo. Profesora de Natación, Gimnasia y Personal Trainer.",NO,
ARIEL MARTIN SAIZ,"Saiz, Martin Ariel","Maestria en Recursos Humanos (UADE), Doctorado en Administración de Empresas (UCA) y Doctorado en Historia (UTDT). Su carrera política inicia con su propia agrupación (Identidad San Lorencista) en el que estuvo involucrado en el armado del “Frente de Agrupaciones Unidas”, lo que terminó siendo “Siempre San Lorenzo”. Participando Martín como el primer fiscalizador de la lista. En 2023 fue candidato a vocal de “X Amor a San Lorenzo”. Finalmente en 2025 fue electo en la lista que encabezó Sergio Costantino para la asamblea extraordinaria del 22 de Diciembre. Actualmente es el secretario de la institución, presidente del departamento de peñas e impulsor del proyecto de “Gobernanza Abierta”",NO,
ETMAN HERNAN WALTER,"Etman, Hernan Walter","Empresario, presidente de la empresa IEP S.A. Vicepresidente segundo de San Lorenzo (2012-2023). Actual asambleista por Orden y Progreso (2023-2027) candidato a vocal por Orden y Progreso",NO,
CURUTCHET ERNESTO JUAN,"Curutchet, Juan Ernesto","Abogado (UBA), con máster en NYU. Amplia trayectoria en el sistema financiero. Director del Banco Central, ex presidente del Banco Provincia y ex vicepresidente del Banco Ciudad",NO,
CARUSO DANIEL JONATHAN,"Caruso, Jonathan Daniel","Licenciado en Gobierno y Relaciones Internacionales. Experiencia en la legislatura y la Auditoria de la CABA. Especializado en procesos legislativos, control de gestión y Análisis institucional. Fue asambleista por Volver a San Lorenzo entre 2016-2019. Tambien fue candidato a vocal por el mismo espacio en 2019, 2023 y en la asamblea de 2025",NO,
ANCAROLA GONZALO,"Ancarola, Gonzalo","Abogado, apoyò la candidatura de Marcelo Moretti a presidente en las elecciones de 2010",NO,
BOUZAS RODRIGO,"Bouzas, Rodrigo","Licenciado en Políticas Públicas (UNTREF). Funcionario del Gobierno de la Ciudad de Buenos Aires (GCBA) desde el 2011. Actual director general de la dirección general innovacion y simplificación de procesos, dentro de la secretaría de trabajo y empleo. Actual Sub-Intendente del Club",NO,
CAMPOS GONZALO,"Campos, Gonzalo","Licenciado en Administración (UBA). Mas de 25 años de experiencia en el sector financiero. Lidera la Banca Empresas en Brubank. Referente de ""Todo por San Lorenzo"". Actual candidato a vocal por Orden y Progreso",NO,
FLORENCIA RESTUCCI,"Restucci, Florencia",Licenciada en Comunicación Social y docente (UNQ). Especialista en comunicación estratégica y proyectos socioambientales. Coordinadora de Comunicación del proyecto Ciudades Sostenibles (GEF7) en la SSA. Ex directora del periodico digital El Numeral.,NO,
BLANCO FERNANDO MUINO,"Blanco Muiño, Fernando","Abogado (UBA), docente secundario y universitario. Subsecretario en la Subsecretaría de Defensa del Consumidor y Lealtad Comercial, dependiente del Ministerio de Economía de  la Argentina. Fue candidato a vocal por Volver a San Lorenzo en 2022 y 2023",NO,
ALESSANDRIA CLAUDIA,"Alessandria, Claudia",Ex delegada y congresal de SUTECBA en el ministerio de educación.de la Ciudad de Buenos Aires,NO,
ARIEL SCHALE,"Schale, Ariel","Licenciado en Economía (UBA), ex colaborador del proyecto CIELSA. y se desempeñó como subsecretario de Comercio Internacional del Ministerio de Relaciones Exteriores y Culto (2010-2011); de Política y Gestión Comercial de la Secretaría de Industria, Comercio y PyME (2007-2008); y subsecretario de Industria del Ministerio de la Producción de la Provincia de Buenos Aires (2008-2010). y Secretario de industria durante el gobierno de Alberto Fernández (2020-2023). Actualmente funge como el pro-tesorero del club",NO,
CRISCOLO PEDRO,"Críscolo, Pedro","Abogado (UBA). Mlitante estudiantil. Fue candidato a asambleista por ""Volver a San Lorenzo"" en el 2022. Actual candidato a vocal por ""Orden y Progreso""",NO,
FERNANDO FISCHER,"Fischer, Fernando",Entrenador con licencias oficiales ATFA (B y C) egresado de ISAD. Sobrino del Lobo Fischer,NO,
ALVAREZ JONATHAN,"Alvarez, Jonathan","Periodista deportivo (TEA), independiente e integrante de varios medios partidarios. Fue candidato a asambleista en 2023 y vocal en la asamblea de 2025, siempre desde el espacio de Volver a San Lorenzo",NO,
ANGEL MIGUEL SAVINO,"Savino, Miguel Angel",Secretario general de la Federación del Personal Jerárquico y Profesional de la Secretaría de Comunicaciones y Correo Oficial de la República Argentina (FEJEPROC),NO,
CAPRIA JOSE,"Capria, Jose",Abogado. Sub Intendente de la primera gestión de Rafael Savino (2004-2007) y secretario en la segunda gestión (2007-2010),NO,
ALEJANDRO MOREIRA OSCAR,"Moreira, Alejandro Oscar",,NO,
FRANCO ZUCCOLO,"Zuccolo, Franco","Contador Público (UBA) con especialización impositiva, administrativa y legal. Se desempeña en SEDESA Seguro de Depósitos S.A",NO,
CHAVARRIA FACUNDO,"Chavarria, Facundo","Abogado, trabaja actualmente en el Consejo de la Magistratura de la Nación.",NO,
CARLOS PERASSI,"Perassi, Carlos",Contador (UBA). 30 años de experiencia en altos cargos del banco HCBC y Galicia,NO,
KARINA LEFEVRE,"LEFEVRE, KARINA","Contadora y Traductora Pública (UBA). Vicepresidenta de la asociación civil MACFUT. Vocal de San Lorenzo (2019-2023), durante ese periodo, fue responsable de las areas de CASLA Social y Diversidad y Género. Tambien fue una de las responsables del fútbol femenino y del Futsal Inclusivo.",NO,
CLAUDIA COSTA DA DIAZ,"Da Costa Diaz, Claudia","Egresada de la UNLP, Directora y profesora de Teatro, directora de medios audiovisuales, Ex miembra de la Subcomisión del Hincha. Fue candidata a vocal en 2019 por ""Cruzada x San Lorenzo"" y candidata a asambleista por ""Siempre San Lorenzo"" en 2022",NO,
AREVALO DEL SABRINA VALLE,"Arevalo del Valle, Sabrina","Especialista en liderazgo de equipos y gestión de proyectos públicos y privados, con más de 20 años de experiencia. Actualmente se desempeña como nexo operativo en la provincia de Buenos Aires",NO,
MONICA NARVAEZ,"Narvaez, Monica","Ex jugadora de tenis del club, capitana, referente y colaboradora de la disciplina. Fue candidata a asambleista en 2022 y 2023, y candidata a vocal en la asamblea de 2025. Siempre como parte de Volver a San Lorenzo",NO,
BURGIN MARIELA,"Burgin, Mariela",Licenciada en Marketing (IEA). Empleada de INSSJP.,NO,
ARMANDO MUZOGLU,"Muzoglu, Armando","Empresario textil, Asambleista de ""San Lorenzo Siglo XXI"" (2019-2023, Candidato a vocal por ""X Amor a San Lorenzo (2023). y Actual vocal de comisión directiva. Actualmente es responsable de la Reserva, Futbol Femenino, Futsal Femenino y Handball. Ex Secretario General del club Deportivo Armenio a finales de los 90 hasta mediados de los 2000",NO,
DANIEL ROTELLA,"Rotella, Daniel",Licenciado en Administración y Contador (UADE). Especialista en planificación de transporte. Se ha postulado un total de 6 veces en las distintas elecciones. Desde 2023 es integrante de Orden y Progreso,NO,
EDUARDO RODRIGUEZ,"Rodriguez, Eduardo","Técnico en control de deudas previsionales (ANSES), delegado sindical de ATE y Director de Escenario de murga con 27 años de experiencia en representación laboral. Preparador físico. Estuvo como vocal en la lista de ""Por San Lorenzo"" en las elecciones extraordinarias de Septiembre de 2012",NO,
FELIPE LOZANO,"Lozano, Felipe",Especialista en marketing digital. Fue candiato a vocal en la asamblea de 2025 por el espacio de Volver a San Lorenzo,NO,
AGOSTINO DANIEL,"Agostino, Daniel","Abogado (UMSA). Especialista en Derecho Administrativo, Derecho Concursal y Comercial. Diplomado en Derecho del Deporte Administración y Gestión de Entidades Deportivas (UAI). Profesor a cargo de la Comisión de Economía Política (UAI) (2001-2006). Profesor adjunto Catedra de Derecho Concursal (UAI) (2003-2010). Candidato a Secretario de la lista de Marcelo Moretti en el 2010",NO,
ENRIQUE RONZONI,"Ronzoni, Enrique","Empresario ligado al turismo estudiantil, posee las empresas Travel Rock y Baxxter. Socio vitalicio, fue candidato a presidente en 2022 en la lista Renovación Sanlorencista. Actualmente funge como tesorero del club",NO,
FERREIRA MAXIMILIANO,"Ferreira, Maximiliano",Abogado. Co-Fundador del estudio jurídico T&F,NO,
FERRO NICOLAS,"Ferro, Nicolas",Licenciado en Economía (UCA). Vicesuperintendente de Entidades Financieras y Cambiarias y Presidente Comisión de Normas y Operaciones del BCRA con más de 30 años de experiencia en el mercado financiero. Trayectoria en bancos internacionales y en el ámbito local,NO,
ERTOLA PATRICIO,"Ertola, Patricio","Licenciado en administración. vicepresidente del club de empleados del Banco Ciudad. Fue candidato a vocal en 2022, 2023 y la asamblea del 2025, siempre por Volver a San Lorenzo",NO,
LEANDRO VIDAL,"Vidal, Leandro","Licenciado en Administración (UBA). Dueño de 2 franquicias de pastas ""Franccesca""",NO,
GARAY GERMAN,"Garay, German","Ingeniero Electrónico (UTN). CEO de la empresa Metrotel Argentina, candidato a vocal por ""San Lorenzo en Marcha""",NO,
MAIDANA NOEMI SILVANA,"Maidana, Silvana Noemi",,NO,
PABLO RODRIGUEZ,"Rodriguez, Pablo",Contador Público (UBA). Especialista en auditoría y forensic accounting con experiencia en control de gestión en empresas nacionales e internacionales. Se desempeña como Consultor técnico en el Cuerpo de Peritos Contadores de la CSJN,NO,
BARROS LEONARDO,"Barros, Leonardo",Abogado laborista. Actualmente trabajando en el sector privado. Fue candidato a vocal en la asamblea del 2025 por Volver a San Lorenzo,NO,
DANIEL REIMUNDES,"Reimundes, Daniel",Abogado (UCA). Especialista y magister en derecho administrativo economico (UCA). Doctor en ciencias juridicas (UCA). Managment y derecho deportivo FIFA (UCA).,NO,
FRAIMAN NICOLAS SERGIO,"Fraiman, Sergio Nicolas",EN CONSTRUCCION,NO,
LUCAS RAJOY,"Rajoy, Lucas","Nacido en Santa Cruz, actual colaborador de la peña ""Lomas Brown"" del GBA",NO,
LORENZO NATALICCHIO,"Natalicchio, Lorenzo",Egresado y docente universitario de Diseño de Imagen y Sonido (UBA). Realizador y productor audiovisual.,NO,
DARIO DORSI RUBEN,"Dorsi, Ruben Dario","Abogado, especializado en derecho inmobiliario y amparos de salud.",NO,
LEONARDO PRESTINI,"Prestini, Leonardo",Despachante de Aduana. Presidente de Positive Orgons S.A. Socio Gerente Phoenix Universe S.R.L.,NO,
HERMIDA SANCHEZ VANESA,"Sanchez Hermida, Vanesa","Abogada (UBA). Asambleista de licencia por Boedo en Acción (2023-2026). Actual vocal de comisión directiva. Tiene a cargo las areas de CASLA Social, Género y Diversidad y DDHH",NO,
GUILLERMO MANGONE,"Mangone, Guillermo","Secretario de la Federación de Trabajadores de la Industria del Gas Natural de la República Argentina (FETIGNRA). Sobrino de Oscar Mangone, ex vocal de Miele (2001) 2004). Fue candidato a vocal en la lista de Grandeza Azulgrana en 2004, por Renovación Sanlorencista en 2022, Por Orden y Progreso en 2023 y en la lista de Matías Lammens en 2025.",NO,
ALEJANDRO GIONGO,"Giongo, Alejandro",Licenciado en Administración (UBA) con más de 20 años de experiencia en el sector financiero. Carrera en el Banco Nación y desarrollo de productos financieros.,NO,
MARIEL RASCOVAN,"Rascovan, Mariel",Licenciada en Psicología (PSI). Fue candidata a vocal en 2022 y la asamblea del 2025 por Volver a San Lorenzo,NO,
FRANCISCO SAVOINI,"Savoini, Francisco","36 Años de trayectoria de dirigencia en mutuales.. Asociacion Mutual de Comunicaciones. (AMPF), ODEMA y UMM",NO,
BOUZAS MARCELO,"Bouzas, Marcelo","Padre del vocal Rodrigo Bouzas. Máxima autoridad de la Direccion General de Desarrollo de Estándares de Gestión de la Subsecretaría de Asuntos Públicos Territoriales del Gobierno de la Ciudad de Buenos Aires, fue presidente de la junta comunal 5 (2011-2019). Director General de Asuntos Gremiales y Formación Sindical en la Subsecretaría de Trabajo, Industria y Comercio (2019-2023) y como Subdirector Nacional de Asociaciones Sindicales del Ministerio de Trabajo, Empleo y Seguridad Social de la Nación (2016-2017) y otros cargos menores en el GCBA. Fue miembro de la comisión directiva de San Lorenzo entre el 2011 y 2012. Y estuvo en listas encabezadas por Sergio Costantino (2022, 2023 y 2026). Actualmente es colaborador del club y candidato a vocal por San Lorenzo en Marcha",NO,
CORDASCO GONZALEZ TOMAS,"Gonzalez Cordasco, Tomas","Sub director de Seguridad y Control del Senado de la Nación Argentina, Acompaña en las listas de Marcelo Culotta desde 2023. Miembro de actitud San Lorenzo",NO,
CLAUDIO DIOTALLEVI,"Diotallevi, Claudio","Técnico en Periodismo Deportivo en la Escuela Superior de Ciencias Deportivas. Productor, coordinador creativo y jefe de contenidos audiovisuales con 30 años de experiencia en Torneos y Competencias, Fox Sports y ESPN",NO,
ARAUJO NELSON OMAR,"Araujo, Nelson Omar","Abogado (UNLAM), con una decada de experiencia en el Gobierno Nacional y de la Ciudad de Buenos Aires en el area de comunicación. Actualmente trabaja como Gerente de Comunicaciones y Relaciones Institucionales en PAMI INSSJP. Fue candidato a asambleista en 2023 como parte de Volver a San Lorenzo",NO,
DARIO POUSTIS RUBEN,"Poustis, Ruben Dario",EN CONSTRUCCION,NO,
CASOLA FERNANDO,"Casola, Fernando","Abogado (UBA). Socio fundador del estudio Casola, colaborador del club durante la gestión de Sergio Costantino. Formó parte de la lista de Renovación San Lorencista de Enrique Ronzoni en 2022",NO,
DIEGO ESPINOSA GODOY,"Espinosa Godoy, diego","Abogado (UBA), Docente Universitario. Junto con Marcelo Culotta estuvieron a cargo de las presentaciones legales para evitar que se acepte la medida cautelar de Marcelo Moretti en la que intentaba impedir la acefalía. Presidente de la Peña de Pilar. Actual candidato a vocal por Orden y Progreso",NO,
CASTILLO MARCELO,"Castillo, Marcelo","Economista (UBA) y Magíster en Economía Urbana (UTDT). Como referente de la Vuelta a Boedo desde los inicios de la causa Sanlorencista, fue el responsable de designar la nomenclatura catastral de la Plaza Lorenzo Massa que hoy permite que en el predio se pueda construir un estadio",NO,
BARBARA DEL RIO,"Del Rio, Barbara",Encargada del area de comunicacion y Marketing en el sector privado.,NO,
ANGEL CALELLO MIGUEL,"Calello, Miguel Angel",Contador publico (UBA). Presidente de Open Solutions Argentina. Presidente honorario de CESSI. Miembro del comite ejecutivo de (UIA).,NO,
GONZALO PERALTA,"Peralta, Gonzalo","Responsable del Futbol interno de Socios y colaborador en la ciudad deportiva. Actual candidato a vocal por ""San Lorenzo en Marcha""",NO,
ACHILLE MARIANO,"Achille, Mariano",Gerente comercial y director regional en compañías de comunicación. Miembro fundador de Orden y Progreso Sanlorencista y Agrupación Jacobo Urso.,NO,
NATALY NOVILLO,"Novillo, Nataly",Técnica en Edición de Libros (UBA). Trabajadora bancaria y estudiante de Actuario (UBA). Militante en discapacidad y por la diversidad e inclusión,NO,
AMILCAR CARESTIA ESTEBAN,"CARESTIA, ESTEBAN AMILCAR","Licenciado en Filosofía, coordinador de cursos de Arte y Cultura en el Centro Cultural Ricardo Rojas. Fue candidato a asambleista en 2010 por Mas San Lorenzo, 2019, 2022 y 2023 por Volver a San Lorenzo",NO,
FEDERICO SCIGLIANO,"Scigliano, Federico","Licenciado en Letras (UBA) Periodista, productor. 15 años de experiencia en producciones documentales y de ficción para la industria audiovisual. Actualmente trabajando en prensa en la Auditoria General de la Ciudad de Buenos Aires.",NO,
MANSILLA MARLENE,"Mansilla, Marlene",EN CONSTRUCCION,NO,
MARIANA VILASECO,"Vilaseco, Mariana",Licenciada en Trabajo Social (UBA). Especialista en políticas sociales y públicas. Docente. Referente de Lorenzo Vive. Candidata a vocal por Orden y Progreso,NO,
ACIERNO JUAN PABLO,"Acierno, Juan Pablo","Técnico Superior en Producción Integral de Televisión (TEA). Coordinador Operativo de la Secretaría de Políticas Integrales del SEDRONAR, Ministerio de Salud. Productor integral de televisión. Asesor político",NO,
ALEJANDRO PAGLIA,"Paglia, Alejandro","Cirujano Plastico (USAL), ex presidente de la Sociedad de Cirugía Plástica de Buenos Aires. Miembro titular de SCPBA. Sin Experiencia política en el club.",NO,
LAURA MARIA YUSEF,"Yusef, Maria Laura",Secretaria en el Ministerio de educación. Actriz. Podologa.,NO,
DAFNE KWIST,"Kwist, Dafne",Fue encargada del departamento de peñas durante el gobierno de Alberto Guil (2001 - 2004). Candidata a vocal en el 2004 por Dignididad por San Lorenzo y fue vocal en 2012 hasta agosto por la agrupación oficialista de Carlos Abdo. Acompañó a Sergio Costantino en sus listas (2022 y 2023). Candidata a vocal por San Lorenzo en Marcha,NO,
FERNANDEZ GUSTAVO QUIROZ,"Fernandez Quiroz, Gustavo",Contador Público (UBA). Desde 2004 es Gerente de Administración y Finanzas en Prokete Argentina S.A. Es padre del asambleista Santiago Fernández Quiroz. Acompaña a Marcelo Culotta en sus listas desde el 2023,NO,
DELAMER JULIAN,"Delamer, Julian","Economista (UTDT), con un MBA en London Business School, Posgrado en Finanzas Corporativas de la UDESA y BA en Economía en la UTDT. Vicepresidente ejecutivo de Compass Lexecon, con más de 20 años de experiencia en economía financiera. Especialista en arbitrajes internacionales",NO,
FULCO GUSTAVO RAMOS,"Fulco Ramos, Gustavo","Doctor en discapacidad de la Universidad Favaloro, Profesor investigador de la UADE, Magister en gestión de la comunicación de la Universidad Austral, asesor parlamentario y escritor.",NO,
JUAN MANUEL VIDAL,"Vidal, Juan Manuel",Contador publico (UBA) 20 años de experiencia en Banco Galicia.,NO,
LAMMENS MATIAS,"Lammens, Matias","Hijo de Néstor Daniel Lammens, ex vicepresidente de la institución. Abogado (UBA) y empresario del sector vitivinícola. Inició su participación política en 2010 y asumió la presidencia en 2012 respaldado por Marcelo Tinelli. Su primera etapa se caracterizó por éxitos deportivos históricos, destacando el Torneo Inicial 2013, la Copa Libertadores 2014 y la Supercopa Argentina 2015, además de la recuperación institucional con la vuelta a Boedo y la construcción del Polideportivo Roberto Pando. Fue reelecto en 2016 con el 88% de los votos. Esta segunda etapa enfrentó mayores desafíos, incluyendo un aumento del pasivo financiero and deudas por transferencias que afectaron la competitividad del fútbol profesional. Durante este periodo se concretó la compra de terrenos en Av. La Plata, aunque con limitaciones espaciales para el proyecto del estadio. En 2019, Lammens incursionó en la política nacional como Ministro de Turismo y Deportes, manteniendo un rol de vicepresidente en el club. Su intento de retorno a la política activa del club en 2025 bajo la agrupación ""Revolución Azulgrana"" fue objeto de críticas por parte de sectores de la masa societaria que cuestionaron la falta de transparencia de su estrategia. Actualmente se desempeña como legislador de la Ciudad de Buenos Aires.",SI,Renuncia / Fin de mandato anticipado - Fallecimiento
ALEJANDRO CAMBAS,"Cambas, Alejandro",,NO,
MIGUEL PAREJA SEBASTIAN,"Pareja, Sebastian Miguel",,NO,
FERRONATO JORGE,"Ferronato, Jorge",Rector del CBC de la UBA,NO,
MARCELO PABLO VAZQUEZ,"Vazquez, Marcelo Pablo",,NO,
ALEJANDRO SEGURA,"Segura, Alejandro",Abogado (UBA). Juez Federal en La Matanza. Docente Universitario,NO,
MARCELO MASTROSIMONE MIGUEL,"Mastrosimone, Miguel Marcelo","Abogado, fiscal en varios tribunales.Cercano a Matías Lammens, Fue candidato a asambelista por Nuevo San Lorenzo (2010) y desde 2012 hasta 2023 fue parte del oficialismo. Desde 2013 a 2022 fungió como el secretario del club. En 2019 fue nombrado como uno de los posibles candidatos a presidente desde el lado de Matías Lammens. En 2022 asumió como vicepresidente primero luego de la renuncia de Marcelo Tinelli. Tambien en ese año fue candidato al mismo puesto por la agrupación ""San Lorenzo Querido"". Durante esos años trabajó en las subcomisiones de la Vuelta a Boedo, Futbol Profesional, Futbol Juvenil, Relaciones Internacionales, Futbol Inclusivo, Futbol Recreativo. En 2025 fue candidato a vocal en la lista de Matías Lammens",SI,Renuncia / Fin de mandato anticipado
CLAUDIO LANTARON,"Lantaron, Claudio","Empresario farmaceutico Hijo del ex vice presidente Alfredo Lantarón. Vocal de comisión directiva (2019-2023) y tesorero (2022-2023). Cercano a Matías Lammens, fue parte de su lista en la Asamblea de 2025",NO,
ARIEL CHRISTIAN EVANGELISTA,"Evangelista, Christian Ariel",,NO,
DIAZ JUAN MANUEL,"Diaz, Juan Manuel",Abogado. Milita en Somos San Lorenzo. Candidato a vocal por la lista de Matías Lammens en la Asamblea de 2025,NO,
GUILLERMO ZUCCOLO,"Zuccolo, Guillermo",,NO,
BELLOMO ESTEBAN,"Bellomo, Esteban",,NO,
ALEJANDRO ROO,"Roo, Alejandro","Ex presidente de la peña de Lomas del Mirador, Referente del futbol Senior",NO,
ANGEL CIANNI MIGUEL,"Cianni, Miguel Angel","Candidato a comisiòn directiva por las agrupaciones La Casa del Vitalicio (2001), Frente San Lorenzo (2007), Grandeza Azulgrana (2004 y 2010 y Revolucion Azulgrana (2025). Parte de Proyecto Azulgrana",NO,
BLANCO INES MARIA MUINO,"Muiño, Maria Ines Blanco",,NO,
MATIAS MUNIZ,"Muñiz, Matias",Asambleista de Boedo en acción elegido en 2023. Colaborador de algunos deportes federados y persona cercana a Marcelo Moretti. Estuvo en la lista de Matias Lammens en la transitoria,NO,
ANTONELLA CARUSO SOFIA,"Caruso, Antonella Sofia",,NO,
CARREIRA IGNACIO,"Carreira, Ignacio","Fue dirigente del futbol senior entre 2019 hasta 2021, fue muy cercano a Marcelo Moretti. entre 2024 y 2025 fue dirigente del futbol juvenil. A finales de 2025 formó parte de la lista de Matías Lammens en la asamblea extraordinaria",NO,
MORALES ULISES,"Morales, Ulises","Abogado, oriundo de la Provincia de Mendoza. Vicepresidente del colegio de abogados de Mendoza. Vicepresidente de la asamblea hasta su licencia. Es asambleista desde 2023 por la lista de Boedo en Accion. Llegó a ser presidente unos dias debido a la licencia de Daniel Matos durante octubre de 2023. Actualmente es vocal de la comisión directiva",NO,
FERNANDO MANUEL SUAREZ,"Suarez, Fernando Manuel",Martillero Público y administrador de consorcios. Asambleista electo desde 2023. Fue candidato a vocal por la lista de Matías Lammens en 2025,NO,
ARRIOLA PABLO RODRIGUEZ,"Arriola, Pablo Rodriguez",,NO,
FERNANDEZ GALIANA GUSTAVO,"Galiana, Gustavo Fernandez","Jugador de Tenis de Mesa del club, ex colaborador del Basquet. Parte de Somos San Lorenzo",NO,
CATALDI SEBASTIAN,"Cataldi, Sebastian",,NO,
CASTRO DIEGO FERNANDEZ JUAN,"Castro, Juan Diego Fernandez",EN CONSTRUCCION,NO,
FLORENCIA GABRIEL VICTORIA,"Gabriel, Victoria Florencia",Diseñadora de Indumentaria y Moda (UP). Docente Universitaria. Actual vocal de comisión directiva. Encargada del Hockey,NO,
DIEGO MOREIRA,"Moreira, Diego","Asambleista de Boedo en acción, colaborador del futbol infantil entre 2023 y 2025.",NO,
BARRIOS MALENA,"Barrios, Malena",,NO,
AXEL SCHALE,"Schale, Axel","Sub-secretario de gestiòn en UBA Sociales y Politólogo (UBA), parte de Prioridad San Lorenzo. Actual miembro de comisión directiva y colaborador en la Tesoreria. Hijo de Ariel Schale",NO,
BARROS ESTRADA MATEO,"Barros, Mateo Estrada",,NO,
JOSE MOSQUERA PABLO RIVA,"Mosquera, Pablo Jose Riva",,NO,
DIEGO JUAN LOPEZ,"Lopez, Juan Diego",,NO,
DANTE GUTIERREZ MONACO,"Monaco, Dante Gutierrez","Fue candidato a asambleista por las listas ""Nuevo San Lorenzo"" en 2010, ""Volver a San Lorenzo"" en 2013, 2016 y 2019. ""Boedo en acción"" en 2022 y 2023, siendo electa en está última. Actualmente es el director de deportes federados del club y vocal",NO,
MAYRA TUBIO,"Tubio, Mayra",Manager de grupos musicales. Fue la vicepresidencia de la subcomisión de Futbol Femenino y Futsal Femenino. Donde el fútbol femenino fue campeóna en 2024 y el Futsal Femenino ganó la Copa Argentina. En 2025 tambien fue una de las colaboradoras del Futsal Masculino. Estuvo en la lista de Matías Lammens de la transitoria. Fue desplazada de sus cargos luego de asumir Sergio Costantino,NO,
JONATHAN LIROSI,"Lirosi, Jonathan",Productor de medios partidarios (Sonido Cuervo). Parte de Nuevo Rumbo Sanlorencista. Actual vocal de CD y responsable del futbol juvenil,NO,
CAHN MARIANA,"Cahn, Mariana",,NO,
GALIGNIANA PAULA VANINA,"Galigniana, Paula Vanina",,NO,
COCCA JONATHAN MATIAS,"Cocca, Jonathan Matias","Referente de la peña de Gonzalez Catán. Parte de ""Somos San Lorenzo""",NO,
DANIEL PABLO RASCOVAN,"Rascovan, Pablo Daniel",,NO,
DANIEL GUILLERMO PEREZ,"Perez, Guillermo Daniel",,NO,
ACHUCARRO JAKELINE,"Achucarro, Jakeline",,NO,
EDUARDO MASTANTUONO,"Mastantuono, Eduardo",,NO,
JOSE RAMON VINAS,"Viñas, Jose Ramon",,NO,
MARCELO MORETTI,"Moretti, Marcelo","Hijo de Luis Ángel Moretti, dirigente de la década de 1980. Abogado (UP) y empresario. Inició su trayectoria política en ""De Nuevo San Lorenzo"" bajo la presidencia de Héctor Sluga y el apoyo de Fernando Miele. En 2010 lideró su propia agrupación, Boedo en Acción, obteniendo la vocalía por la segunda minoría; renunció en 2012 durante el proceso de acefalía institucional. Posteriormente, integró la lista de San Lorenzo Siglo XXI (Lammens-Tinelli), desempeñándose como vocal oficialista y encargado del Fútbol Senior. Tras renunciar en 2021 por discrepancias con la conducción, retomó su espacio político y resultó electo presidente en 2023 con una amplia alianza estratégica. Su gestión inicial se centró en la estabilización económica mediante la transferencia de jugadores clave para sanear deudas. Sin embargo, su administración enfrentó crisis institucionales significativas, incluyendo la rescisión de contrato de Rubén Darío Insúa y controversias administrativas vinculadas a transferencias. En 2024 y 2025, su presidencia se vio envuelta en tensiones por el debate sobre las Sociedades Anónimas Deportivas y la situación financiera del club, que derivó en la venta de porcentajes de juveniles. El punto de quiebre ocurrió a finales de abril de 2025, tras denuncias de irregularidades en la inscripción de juveniles, lo que derivó en una licencia de 90 días. Finalmente, tras un fallido intento de retomar sus funciones en un clima de fuerte protesta social y procesos judiciales cruzados, la acefalía forzada en diciembre de 2025 puso fin a su mandato.",SI,Renuncia / Fin de mandato anticipado
NAVARRO NESTOR,"Navarro, Nestor","Hijo del empresario cárnico Juan Maria Navarro. Nestor fue ex-combatiente de Malvinas y actualmente se dedica a la empresa de su padre, OFFAL S:A, ubicada en Burzaco. Fue vicepresidente de San Lorenzo entre el 2023 y 2025. Durante ese periodo, hizo varios aportes económicos al club, aunque sin encargarse de ninguna disciplina o cuestiones del dia al dia por estar radicado en Uruguay. Renunció en Mayo de 2025 luego del escándalo de los 25mil dólares de Marcelo Moretti",SI,Renuncia / Fin de mandato anticipado
ALEJANDRO TAMER,"Tamer, Alejandro","Ingeniero Industrial (UCA), Fundador de la empresa DESPEGAR. Colaboró con San Lorenzo durante los primeros años del gobierno de Matías Lammens acercando el sponsor de su empresa. En 2022 fue uno de los empresarios que se sumaron a la lista de Cipriano Pommies. En 2023 fue candidato a vice-presidente por la lista ""Orden y Progreso"" siendo electo vocal por la minoria.",NO,
FEDERICO TIRELLI,"Tirelli, Federico",,NO,
CHRISTIAN MERA,"Mera, Christian",,NO,
NESTOR ORTIGOZA,"Ortigoza, Nestor",EN CONSTRUCCION,NO,
SEBASTIAN TORRICO,"Torrico, Sebastian",,NO,
FERNANDEZ JOSE LUIS,"Fernandez, Jose Luis",,NO,
ANDRES OSCAR TERZANO,"Terzano, Andres Oscar","Oriundo de Berazategui, presidente durante muchos años de la peña ""Los Cuervos del Sur"" de Berazategui. Inicia su trayectoria política en el espacio de Boedo en Acción, siendo electo asambleísta en las elecciones de 2010. En septiembre de 2012 renuncia como asambleísta para ser el presidente del departamento de peñas, cargo que ocupó hasta el 2020. Su gestión más importante fue de ser uno de los responsables de la movida del “Cuervomovil” que asoció a gente tanto en capital como en el interior del país. En noviembre de 2020 renunció a la presidencia del departamento de peñas, aunque al año volvería pero como vicepresidente. En 2022 oficializó su agrupación “Somos San Lorenzo” junto con varios referentes de peñas. En 2023 formó una alianza política con Boedo en Acción de Marcelo Moretti, ganando la eleccion y siendo electo vicepresidente 2do. Durante la gestión Moretti, Terzano fue el directivo a cargo de las peñas y presidente de la subcomisión del Futsal Masculino. En 2025 fue denunciado por distintas peñas opositoras por no respetar el estatuto de peñas y por el proceso eleccionario de peñas del 2024, el cual consideraban fraudulento, la denuncia fue desestimada por el tribunal de ética siendo declarado no culpable, no se lo pudo juzgar al no estar reglamentado el estatuto de peñas. En diciembre de 2025 renunciaría junto con el bloque de “Somos San Lorenzo” para contribuir con la acefalía",SI,Renuncia / Fin de mandato anticipado
DINA FISCHER,"Fischer, Dina",,NO,
DONOFRIO JORGE,"Donofrio, Jorge",,NO,
MATIAS PLESCIA,"Plescia, Matias",,NO,
DANIELA MENDEZ RIGHI,"Mendez Righi, Daniela",Licenciada en RR.PP (UCES). Empleada del Banco Supervielle. Vocal por el oficialismo (2023-2025). Encargada del departamento de socios y del Hockey sobre Cesped,NO,
ALEJANDRO BARROS URIEL,"BARROS, URIEL ALEJANDRO","Abogado y empresario. Fue parte de la comisión fiscalizadora (2007-2010). Candidato a vocal por Boedo en Accion (2010) y asambleista de San Lorenzo Siglo XXI desde 2022 hasta su renuncia en 2022. En 2023 fue elegido vocal por el oficialismo. Durante el periodo de Moretti, Uriel fue el encargado del basquet, siendo su mayor logro poder abonar las deudas de la disciplina y no perder la plaza de la Liga Nacional de Basquet. Entre Agosto y Diciembre de 2024 fue el secretario del club, en ese lapso Uriel fue instado a firmar un contrato con Foster Gillett para ceder los terrenos en Boedo al empresario a cambio de construir el futuro estadio en Boedo y otras cuestiones. En diciembre de 2024 se lo designo como Pro-Secretario hasta su licencia y posterior renuncia en Diciembre 2025. Actualmente sigue colaborando con el basquet en la comisión transitoria",SI,Renuncia / Fin de mandato anticipado
EMILIANO LEONE RODRIGUEZ,"Leone, Emiliano Rodriguez",,NO,
GOROYESKY LEANDRO,"Goroyesky, Leandro","Docente Universitario, concejal del PRO en Escobar. Entra en la política del club en la lista de + SL en las elecciones extraordinarias de 2012. En 2022 llega a Boedo en Acción despues de estar varios años en las agrupaciones de Ricardo Saponare y Cesar Francis. Desde 2023 hasta 2025 fue el tesorero de San Lorenzo",NO,
LEONARDO LIPERA,"Lipera, Leonardo",EN CONSTRUCCION,NO,
JOSE VINAS,"Viñas, Jose",,NO,
ALLIEVI IGNACIO JAVIER,"Allievi, Javier Ignacio","Abogado (UBA). Colaborador del futbol amateur en la gestión de Alberto Guil. En 2007 fue elegido asambleista del Savinismo. En 2010 acompañó a Marcelo Moretti en Boedo en Acción. Desde 2023 es vocal oficialista de comisión directiva, fue encargado del futbol juveniil.",NO,
OSVALDO VAICIULIS,"Vaiciulis, Osvaldo",,NO,
JULIO LOPARDO,"Lopardo, Julio","Reconocido cantante en los años 80 bajo el seudónimo ""Julio Sandiego"". Su vínculo en la política azulgrana se daría en 1995 cuando asumió como Vicepresidente 1ero en el rearmado de la comisión directiva, luego de no presentarse ninguna lista para las hipotéticas eleccionees de ese año. Tuvo un rol importante en el fútbol juvenil y profesionalhasta su renuncia en 1998, a tan solo unos meses de las elecciones. La renuncia se habría dado luego de conflictos sobre una posible candidatura de Julio como presidente dentro de la agrupación de Miele. Regresaría en 2001 colaborando en el fútbol, siendo en parte un nexo entre los jugadores y el cuerpo técnico y la dirigencia. Ese mismo año fue elegido vocal por la minoría, puesto que representaría hasta 2004. En ese mismo año se distanciaría por unos años de Fernando Miele y formó su propio espacio: Grandeza Azulgrana. En la que se presentó como candidato a presidente, aunque sin llegar a ocupar lugar en CD. En 2007 estuvo como candidato en la lista de Frente San Lorenzo, en la cual tampoco pudo llegar a ser miembro de CD. En 2010 nuevamente se presentaría con Grandeza Azulgrana, aunque esta vez con el auspicio de Fernando Miele, con un pésimo resultado terminando último en esas elecciones. Los siguientes 13 años estuvo fuera de la política azulgrana, hasta que en 2023 fue elegido vocal de Boedo en Acción, nuevamente vinculado con tareas relacionadas al fútbol profesional. En agosto renunciaría al concejo de Fútbol por declaraciones contra la AFA. En mayo de 2025 fue designado como vicepresidente 1ero,, de facto presidente en funciones, luego de la licencia otorgada por Marcelo Moretti debido al escándalo de los 25mil dólares. Durante su corto periodo, el club llegó a las semifinales del Torneo Apertura 2025, resolvió la resición de contrato de Miguel Angel Russo, se confirmó a Damián Ayude como Director Técnico y se tomó la decisión de no levantar las inhibiciones para el Torneo Clausura. A principios de septiembre sus funciones de facto como presidente culminaron al levantarse la liencia de Moretti. Renunció en diciembre de 2025 para contribuir a la acefalía",SI,Renuncia / Fin de mandato anticipado
HAYDEE PRIETO,"Prieto, Haydee",,NO,
BOUFFLET MARIA SOLEDAD,"Boufflet, Maria Soledad","Licenciada en Servicio Social (UMSA). Presidenta de la peña de Nueve de 9 Julio desde 2017 hasta 2023. Colaboradora en la subcomisión de genero y diversidad (2019-2023). Referenta del area de mujeres, género y diversidad sexual del departamento de peñas (2022-2023). Vocal de Comisión directiva por Boedo en Acción (2023-2025). Encargada de las areas CASLA Social y Género. Referenta de la agrupación poítica ""Somos San Lorenzo"" relacionada a las peñas del club",NO,
DOMINGO MITOLO,"Mitolo, Domingo",,NO,
ARACELI MARTIN PEREZ,"Martin, Araceli Perez",,NO,
CIGNA MARTIN,"Cigna, Martin",Abogado (UBA). Intendente entre 2023 y 2024. Secretario entre 2024 y 2025,NO,
ALEJANDRO CABANA DIEGO,"Cabaña, Diego Alejandro",,NO,
RAMON VILLAVEIRAN,"Villaveiran, Ramon",,NO,
MATEO SAGARDOY,"Sagardoy, Mateo","Concejal de Marcos Paz (2017-2025) por Unión x la Patria. Licenciado en Administración. Intendente de San Lorenzo entre 2024 y 2025. Referente de ""Somos San Lorenzo""",NO,
LEVALLE PABLO,"Levalle, Pablo",EN CONSTRUCCION,NO,
AGUSTINA LENZI,"Lenzi, Agustina",,NO,
GARCIA LAGO PABLO,"Garcia Lago, Pablo","Abogado (UMSA). Titular del estudio jurídico ""García Lago / Villanueva"". En 2001 fue elegido asambleista por el oficialismo savinista. En ese periodo, García Lago colaboró con la reforma del estatuto aprobada en Septiembre del 2003. En 2004 decidió abstenerse en la votación para expulsar a Fernando Miele como socio, ingresando a su espacio político para las elecciones del 2004. Entre 2016 y 2022 fue funcionario dentro del Gobierno de la Ciudad de Buenos Aires, siendo inclusive candidato a Legislador de CABA en 2017. En 2023 fue elegido en la lista de Boedo en Acción y fue designado Secretario. Cargo al cual renunció en Agosto de 2024 por discrepancias. Renunció a su cargo de vocalía en Diciembre de 2025 para generar la acefalía",SI,Renuncia / Fin de mandato anticipado
FABIO LACOLLA,"Lacolla, Fabio",,NO,
CARINA FARIAS LILIANA,"Farias, Carina Liliana","Contadora (UNLZ). Dirigente del tenis durante la gestión Moretti, fue Secretaria de Actas y Pro-Tesorera. En 2025 renunció para contribuir la acefalía",SI,Renuncia / Fin de mandato anticipado
CATOYRA CRUZ JUAN,"Catoyra, Juan Cruz",,NO,
NAYME VERZINO,"Verzino, Nayme",,NO,
IANELLO SABRINA,"Ianello, Sabrina",,NO,
MARIANO MARINO,"Marino, Mariano","Contador. Estuvo en la lista de Boedo en Acción de 2022 y 2023 sin llegar a asumir como vocal. Actual colaborador de la tesorería de San Lorenzo, tambien fue colaborador en la gestión Moretti",NO,
MANUEL QUINTANA,"Quintana, Manuel",,NO,
GONZALO MARTINEZ SALUM,"Salum, Gonzalo Martinez",,NO,
LEONARDO VIRARDI,"Virardi, Leonardo","Empresario de Berazategui, cercano a Andrés Terzano y al Pato Mussi. Dueño del local de ropa ""Por lo que yo te Quiero"". Apoyó a Moretti en las elecciones de 2023. Estuvo en la lista de Boedo en Acción en 2023 y asumió como vocal en Agosto de 2025. Renunció en Diciembre de 2025 para contribuír a la acefaía",SI,Renuncia / Fin de mandato anticipado
GRIGERA JUAN MARTIN,"Grigera, Juan Martin",,NO,
DAMIAN GREMONE,"Gremone, Damian",,NO,
DIEGO RIVAS,"Rivas, Diego",,NO,
ALAN NAVARRO,"Navarro, Alan","Hijo del ex vicepresidente Nestor Navarro. Se encarga de los negocios de su padre en la Argentina. Fue parte de Boedo en Acción, aunque nunca asumiò una vocalía en la comisión directiva",NO,
FLORENCIA GIANCHETTA,"Gianchetta, Florencia",,NO,
CHIARELLO LEANDRO,"Chiarello, Leandro",,NO,
ANTONIO GOMEZ JOSE,"Gomez, Jose Antonio",,NO,
EMILIANO RODRIGUEZ,"Rodriguez, Emiliano","Empresario gastronòmico, cercano a Marcelo Moretti. Fue parte de Boedo en acción, aunque nunca asumió una vocalía en comisión directiva",NO,
COGUZZA FEDERICO,"Coguzza, Federico",,NO,
CHRISTIAN DI PRIETO,"Prieto, Christian Di",,NO,
BRUNO VACCARO,"Vaccaro, Bruno",,NO,
BELEN LUGONES NOELIA,"Lugones, Belen Noelia","Abogada (UNPAZ). Hija de políticos radicales. Fue presidenta de la Juventud Radical en Malvinas Argentinas y candidata a concejal por el partido político de Roberto Lavagna. En Agosto de 2025 asumió como vocal oficialista. Renunciando en Diciembre para contribuir con la acefalía. Desde 2026 es parte de la agrupación ""Consenso Azulgrana"" colaborando con el actual oficialismo",SI,Renuncia / Fin de mandato anticipado
EMANUEL SALCEDO,"Salcedo, Emanuel",,NO,
ANABELLA ESCOBAR,"Escobar, Anabella",,NO,
DANIEL MATOS,"Matos, Daniel","Ex presidente de la peña ""Los Carasucias de San Isidro"". En 2010 fue candidato a vocal por la lista de Boedo en Accion de Marcelo Moretti, en 2019 fue elegido asambleista por el oficialismo y en 2023 fue elegido asambleista por la lista de Boedo en Accion. Actualmente es el encargado del proyecto de escuelas de fútbol y representante de San Lorenzo en Conmebol",NO,
DIEGO PERELLI,"Perelli, Diego",Referente de la Sub-Comisión del Hincha. Asambleista (2019-2023) por Cruzada x San Lorenzo. Actual asambleista por X Amor a San Lorenzo. Colaborador del Futbol Femenino,NO,
ACUNA ANALIA CLAUDIA,"Acuña, Claudia Analia",,NO,
BUZZO DANIEL GUILLERMO,"BUZZO, GUILLERMO DANIEL","Asambleista durante los 12 años de Lammens-Tinelli. Colaborador del Voley y de la Intendencia. Asambleista de X Amor a San Lorenzo, renunció en 2026",SI,Renuncia / Fin de mandato anticipado
JORGE ROMANO,"Romano, Jorge",,NO,
CASAL IGNACIO JUAN,"Casal, Juan Ignacio",EN CONSTRUCCION,NO,
DARIO IGLESIAS RUBEN,"IGLESIAS, RUBEN DARIO","Referente de la Subcomisión del hincha. Apoderado de Siempre San Lorenzo en 2022 y Actualmente es el apoderado de las listas de Sergio Costantino. Actual asambleista por ""X Amor a San Lorenzo""",NO,
BERMUDEZ HECTOR,"Bermudez, Hector",Asambleista de Francis entre 2019 a 2023. Parte de Volver a San Lorenzo,NO,
ALFREDO SOLOA,"Soloa, Alfredo",Reconocido militante peronista de la zona sur del conurbano. Renunció a principios de 2026 a la Asamblea,SI,Renuncia / Fin de mandato anticipado
LEON PATRICIO,"Leon, Patricio",Integrante de Orden y Progreso. Vocal de la mesa directiva de la Asamblea de Representantes,NO,
LORENA MASSARA,"Massara, Lorena",Gloria del Tenis de San Lorenzo. Actual asambleista de Volver a San Lorenzo,NO,
ANGELES DE LOS MARIA PEREYRA,"Pereyra, Maria de los Angeles",Parte de la comisión de la vuelta a Boedo. Fue elegida como asambleista de Boedo en Acciòn en 2023,NO,
BALDASSARE SANTOS,"Baldassare, Santos","Integrante de Renovación San Lorencista, responde a Guillermo Mangone. Asambleista del Savinismo (2004-2007)",NO,
CARLOS KASE RAMIREZ,"Kase Ramirez, Carlos",EN CONSTRUCCION,NO,
GAUDIO OSMAR RUBEN,"Gaudio, Ruben Osmar",,NO,
SANTOS ZUBERBUHLER,"Zuberbuhler, Santos","Productor Agropecuario del interior de Buenos Aires, descendiente de la familia Blaquier. Renunció a la asamblea de repsentantes a principios de 2026",SI,Renuncia / Fin de mandato anticipado
FERNANDO SANFILIPPO,"Sanfilippo, Fernando",,NO,
JORGE LIMARDO OMAR,"Limardo, Jorge Omar","Gloria del hockey sobre patines. Asambleista entre 2016 y 2023 por el oficialismo. Colaborador de los Deportes Federados. Actual asambleista por ""X Amor a San Lorenzo""",NO,
ADANZA FABIAN ROBERTO,"ADANZA, DIEGO ROBERTO",,NO,
PABLO VACCARO,"Vaccaro, Pablo",Militante político en la zona sur del Conurbano Bonaerense. Muy cercano a Marcelo Moretti. Fue dirigente del futbol senior junto con Moretti. Durante 2024 y 2025 fue uno de los colaboradores de los deportes federados,NO,
BALDASSARE DE GUZMAN MONICA,"Guzman de Baldassare, Monica","Integrante de Renovación San Lorencista, responde a Guillermo Mangone. Esposa de Santos Baldassare",NO,
FERNANDO LUIS NAVARRO,"Navarro, Luis Fernando","De apodo ""Chino"". Referente del Movimiento Evita. Abogado (USAL). Secretario de Relaciones con la Sociedad Civil y Desarrollo Comunitario de la Nación Argentina y Secretario de Relaciones Parlamentarias, Institucionales y con la Sociedad Civil de la Nación Argentina durante el Gobierno de Alberto Fernández. Tambien fue Diputado de la Provincia de Buenos Aires (2005-2017). Empresario gastronómico. Asambleista de ""X Amor a San Lorenzo""",NO,
ERNESTO LOUGHLIN,"Loughlin, Ernesto",,NO,
ALEJANDRO PACIFICO,"Pacifico, Alejandro",EN CONSTRUCCION,NO,
DANIEL EDUARDO MARTINEZ,"Martinez, Daniel Eduardo",EN CONSTRUCCION,NO,
FEDERICO RUIZ SEBASTIAN,"Ruiz, Federico Sebastian",,NO,
CORTI MARCELO,"Corti, Marcelo","Magister en Administración pública (UBA), especialista en desarrollo y sustentabilidad y profesor universitario. Estuvo a cargo del proyecto fallido del colegio de San Lorenzo. Actualmente es colaborador en la sub comisiòn de sustentabilidad",NO,
CHRISTIAN PRADO,"Prado, Christian",,NO,
COELLO MARTIN,"Coello, Martin",Referente de la Sub-Comisión del Hincha. Actual asambleista por X Amor a San Lorenzo.,NO,
COVELLI MATIAS,"Covelli, Matias",,NO,
NICOLAS PELLEGRINI,"Pellegrini, Nicolas",Parte de Actitud San Lorenzo y dentro del bloque de OYP. Secretario de Actas de la asamblea,NO,
ARDETTI MAGALI VAZQUEZ,"Vazquez Ardetti, Magali",EN CONSTRUCCION,NO,
MORELLO ROBERTO,"Morello, Roberto","Fue candidato a vocal en las listas ""La casa del vitalicio"" en 2001 y ""Grandeza Azulgrana"" en 2010. Durante el gobierno de Moretti fue el encargado del Futsal Masculino, siendo muy criticado por su labor. Dejó de colaborar en la disciplina en las fechas finales",NO,
LUCAS PALUMBO,"Palumbo, Lucas","Parte de Orden y Progreso, colaborador del voley",NO,
GABRIEL PALETTA,"Paletta, Gabriel",Asambleista Oficialista (2019-2023). Asambleista de Por Amor a San Lorenzo,NO,
CRISCOLO SERGIO,"Criscolo, Sergio",,NO,
CARDESIN OMAR ROIS,"Rois Cardesin, Omar","Integrante de Renovación San Lorencista, responde a Guillermo Mangone.",NO,
ALBERTO BARILARI,"Barilari, Alberto",,NO,
BRUNO IGNACIO,"Bruno, Ignacio",,NO,
BLASCO JOSE,"Blasco, Jose","Abogado (UBA). candidato a vocal en 2022 por Boedo en Accion y en 2023 como asambleista siendo electo. Fue junto con Pablo Garcia Lago abogados defensores en el juicio con el Fondo AIS, abandonando la causa.",NO,
NOELIA SOLEDAD WALTER,"Walter, Noelia Soledad","Licenciada en Relaciones Públicas, Ex jugadora de Fútbol Femenina. Ex presidenta de la peña de Pilar",NO,
JUAN MANUEL VIGNALI,"Vignali, Juan Manuel",,NO,
BELLANI RICARDO,"Bellani, Ricardo",,NO,
FERNANDEZ QUIROZ SANTIAGO,"Fernandez Quiroz, Santiago",Contador (UCA). Trabajando en el sector privado,NO,
CLAUDIO COLOMBO,"Colombo, Claudio",,NO,
LINARES ROBERTO,"Liñares, Roberto",,NO,
FURCI JORGE OSVALDO,"Furci, Jorge Osvaldo",,NO,
CAROLINA TRUZZI,"Truzzi, Carolina",,NO,
MARTINA YAZALDE,"Yazalde, Martina",,NO,
DORSA GUIDO,"Dorsa, Guido",,NO,
BERDINAS MARCELO MARTIN,"BERDIÑAS, MARTIN MARCELO",,NO,
EDELSTEIN MARCELO,"Edelstein, Marcelo","Fue asambleista oficialista en 2010 y colaborador del futbol amateur. En 2019 fue candidato a Asambleista por ""Frente Pasion Azulgrana"". en 2022 y 2023 estuvo como asambleistas en las listas de ""Boedio en Accion"" siendo electo asambleista. Durante ese tiempo fue uno de los encargados del futbol juvenil. A finales de 2025 intentó crear un plan de salvataje para el club, siendo enviada a la AFA. Propuesta que fue rapidamente rechazada por el organo supremo del fútbol Argentino",NO,
FERNANDO TROIANO,"Troiano, Fernando",,NO,
BUBILLIO GARCIA MAXIMILIANO,"Garcia Bubillio, Maximiliano",,NO,
BRIAN SABEL,"Sabel, Brian",,NO,
CARAVOTTA HERNAN,"Caravotta, Hernan",De profesion estilista. Electo asambleista en 2023. Actualmente militante de Sergio Costantino,NO,
HECTOR SALCEDO,"Salcedo, Hector",,NO,
ANGEL CARRILLO ENRIQUE,"CARRILLO, ANGEL ENRIQUE",,NO,
BELLANI ESTEBAN,"Bellani, Esteban",,NO,
CARUSO SOFIA,"Caruso, Sofia",,NO,
DE GIOVANNI SEBASTIAN,"De Giovanni, Sebastian",,NO,
BIONDO MARCO,"Biondo, Marco",,NO,
BARBARA CARRASCO MARIANA,"Carrasco, Barbara Mariana","Parte de la agrupación ""Nuevo Rumbo Sanlorencista""",NO,
MARTINA PALETTA,"Paletta, Martina",,NO,
MARISA TARRIO,"Tarrio, Marisa",,NO,
MANUEL SALVADOR,"Salvador, Manuel",,NO,
ARIEL FUNES GUSTAVO,"Funes, Gustavo Ariel",,NO,
AHUMARAN GABRIEL,"Ahumaran, Gabriel","Gastroenterologo, colabador de futbol infantil entre 2023 y 2025. Vocal del Club Argentino del Estómago y Duodeno (CADED)",NO,
FABIAN VOLONTE,"Volonte, Fabian",,NO,
CLAUDIO MORRONE,"Morrone, Claudio",,NO,
CARLOS JUAN SAURO,"Sauro, Juan Carlos",,NO,
HUGO MONTI,"Monti, Hugo","Colaborador futbol infantil, estuvo en las listas de Boedo en Accion de 2022 y 2023",NO,
MATRA PABLO,"Matra, Pablo",,NO,
GARCIA GUSTAVO,"Garcia, Gustavo",,NO,
ALEJANDRO LOSADA,"Losada, Alejandro",,NO,
CARBONE NICOLAS,"Carbone, Nicolas",Licenciado en Kinesiologia y Fisiatria (UAI). Colaborador del Futbol Femenino,NO,
AQUINO NADIA,"Aquino, Nadia",,NO,
DANIEL RICARDO SANCHEZ,"Sanchez, Daniel Ricardo",,NO,
ROBERTO STAHLI,"Stahli, Roberto",,NO,
ROMBULA SOFIA,"Rombula, Sofia","Parte de ""Prioridad San Lorenzo"".",NO,
JUAN KAVANAGH PABLO,"Kavanagh, Juan Pablo",,NO,
BINDA CACERES ORIANA,"Binda Caceres, Oriana",,NO,
CATAPANO CRISTINA MARIA,"CATAPANO, MARIA CRISTINA",,NO,
BREA SEBASTIAN,"Brea, Sebastian",,NO,
MANSILLA PABLO,"Mansilla, Pablo",,NO,
GUSTAVO LUCCHINI,"Lucchini, Gustavo",,NO,
CERVETTO SERGIO,"Cervetto, Sergio",EN CONSTRUCCION,NO,
MARIANO SCORZA,"Scorza, Mariano",,NO,
ANDRES MARTIN RODRIGUEZ,"Rodriguez, Martin Andres",,NO,
BRITOS MATIAS,"Britos, Matias",,NO,
MANOGRASSO WALTER,"Manograsso, Walter",,NO,
JUAN MARTIN OSSWALD,"Osswald, Juan Martin",,NO,
FRANCO NICOLAS,"Franco, Nicolas","Asambleista entre 2016 y 2023 por San Lorenzo Siglo XXI (Oficialismo). y a partir de 2023 por Boedo en Accion. Referente de la peña ""Los Cuervos del Sur"" (Berazategui). Parte de ""Somos San Lorenzo""",NO,
DELFINA VOLONTE,"Volonte, Delfina",,NO,
GRANDA JAVIER MARCELO,"Granda, Javier Marcelo",,NO,
ANIBAL BARENGO ENRIQUE,"BARENGO, ANIBAL ENRIQUE",,NO,
CARLA LITRENTA,"Litrenta, Carla","Ex presidencia de la peña de Cipolletti (Rio Negro). Parte de ""Somos San Lorenzo""",NO,
LEONARDO PAYASLIAN,"Payaslian, Leonardo",,NO,
CIANCIO DE KARINA,"De Ciancio, Karina",,NO,
BALBASTRO LAURA,"Balbastro, Laura",,NO,
HERNAN MAZZARA MIGUEL,"Mazzara, Miguel Hernan","Periodista deportivo con larga trayectoria en medios gráficos partidarios. Candidato a asambleista por las agrupaciones ""San Lorenzo Para Todos"" en 2004 (electo hasta 2007), Frente Pasión Azulgrana en 2019, Siempre San Lorenzo en 2002 y Boedo en Acción 2023 (Electo)",NO,
FACUNDO OSES,"Oses, Facundo",,NO,
ANTONIO DE LUCCA,"De Lucca, Antonio",,NO,
FERNANDO PACHIANI,"Pachiani, Fernando",,NO,
CLAUDIO TOSTI,"Tosti, Claudio",Coordinador de Infraestructura. Parte de la comision de obras e infraestructura,NO,
ANDRES PEREZ,"Perez, Andres",,NO,
AVEDISIAN CARLOS,"Avedisian, Carlos",,NO,
ELISSECHE MARIANO,"Elisseche, Mariano",,NO,
ALEGRE RUBEN,"Alegre, Ruben","Asambleista entre 2019 a 2023 por San Lorenzo Siglo XXI (Oficialismo). Referente de la peña de Quilmes. Parte de ""Somos San Lorenzo""",NO,
CABANA LAURA,"Cabana, Laura",,NO,
GUSTAVO SEQUEIRA,"Sequeira, Gustavo",,NO,
ARIEL BASILE,"Basile, Ariel",,NO,
CHRISTIAN LOPEZ,"Lopez, Christian","Ex presidente de la Peña de Florencio Varela. Parte de ""Somos San Lorenzo""",NO,
ALLARIA BORGHETTI IGNACIO,"Allaria Borghetti, Ignacio",,NO,
GASTON ROMERO,"Romero, Gaston",,NO,
BRUN CARLOS MARIA,"BRUN, CARLOS MARIA",,NO,
ALMIRON AYELEN,"Almiron, Ayelen","Ex presidenta de la peña de Mercedes. Colaboradora en las areas de Casla Social y Género. Parte de ""Somos San Lorenzo""",NO,
BUZZANO RUBEN,"Buzzano, Ruben",,NO,
ANDREA GHIRIMOLDI,"Ghirimoldi, Andrea",,NO,
GERALDINE SEYSSEL,"Seyssel, Geraldine",,NO,
DIEGO MARTONI PEREZ,"Perez Martoni, Diego","Abogado (USAL). Conductor del programa radial partidario ""Cuervos de Ley"". Parte de ""Corazon Azulgrana"".",NO,
BRICO DI FEDERICO,"Di Brico, Federico",,NO,
ADRIAN CHIOSSONE SERRANO,"Serrano Chiossone, Adrian",,NO,
RAFAEL ROJAS,"Rojas, Rafael",,NO,
ANTONIO JORGE ROMANO,"Romano, Jorge Antonio","Pintor, responsable de los murales en la zona de vestuarios y confiteria de Ciudad Deportiva, delegado del futbol Juvenil. Referente de la peña ""Lomas-Brown"" Parte de ""Somos San Lorenzo"". No tiene parentezco con Jorge Hector Romano",NO,
FITO MACARENA MARIA VALLS,"Fito Valls, Maria Macarena",,NO,
ARIEL CRESCENTE,"Crescente, Ariel",,NO,
HORACIO JORGE REIMS,"Reims, Horacio Jorge",,NO,
ANDRES CAMPOS CARLOS,"Campos, Carlos Andres","Referente de la peña de Escobar, parte de ""Somos San Lorenzo""",NO,
RODOLFO SANDOVAL,"Sandoval, Rodolfo",,NO,
BRITEZ CLAUDIO RODRIGUEZ,"Rodriguez Britez, Claudio",,NO,
MAXIMILIANO PONZIO,"Ponzio, Maximiliano",,NO,
HECTOR SPINA,"Spina, Hector",,NO,
ALVAREZ BERGAGLIO MARCELO,"Bergaglio Alvarez, Marcelo",,NO,
ALESSANDRO D GILDA,"D'Alessandro, Gilda",,NO,
BELUCCI FEDERICO,"Belucci, Federico",,NO,
LAFUENTE NORMA,"Lafuente, Norma","Docente, referenta de la peña Los Cuervos del Sur (Berazategui). Parte de Somos San Lorenzo",NO,
ALEJANDRO PANTULLIANO,"Pantulliano, Alejandro",,NO,
EINHORN YAEL,"Einhorn, Yael",,NO,
ARAUJO CLAUDIA,"Araujo, Claudia",,NO,
MATEO SCHALE,"Schale, Mateo",Licenciado en Economia (UBA) y asesor financiero. Parte de Prioridad San Lorenzo. Hijo de Ariel Schale y hermano de Axel Schale,NO,
CESAR FURCI,"Furci, Cesar",,NO,
CEJAS FERNANDO,"Cejas, Fernando",,NO,
CARLOS GUSTAVO TALLON,"Tallon, Carlos Gustavo",,NO,
CARRASCO EDUARDO HORACIO,"Carrasco, Horacio Eduardo","Electo asambleista entre 1989 a 2001 por Nuevo Rumbo Sanlorencista, Candidato a asambleista en 2010 por Grandeza Azulgrana y candidato a asambleista por Boedo en Accion en 2022 y 2023",NO,
GUSTAVO MAMERSCHTEIN MIYAR,"Mamerschtein Miyar, Gustavo",,NO,
ALBERTO MATTELONE PANTALEON,"Mattelone Pantaleon, Alberto",,NO,
HUGO LOVEY NESTOR,"Lovey, Nestor Hugo",,NO,
ALFONSO RAMIRO RIOFRIO,"Riofrio Alfonso, Ramiro","Referente de la peña de Rosario, parte de Somos San Lorenzo",NO,
GALEAZZO JORGE,"Galeazzo, Jorge",,NO,
BINDA MARCELO,"Binda, Marcelo",,NO,
ASSADOURIAN AUGUSTO PAULO,"Assadourian, Augusto Paulo",,NO,
FERNANDEZ FLORES MANUEL,"Fernandez Flores, Manuel","Referente de la peña de Ezeiza, parte de Somos San Lorenzo",NO,
CAPUTO ERICA,"Caputo, Erica",,NO,
GARCIA MITHEUX PABLO,"Garcia Mitheux, Pablo",,NO,
AMOR ARIEL SERGIO,"Amor, Sergio Ariel",,NO,
CAPDEVILLE DIEGO,"Capdeville, Diego",,NO,
CLAUDIA ROSSINI,"Rossini, Claudia",,NO,
AGUSTIN SUCCARI,"Succari, Agustin",,NO,
MARTIN PEREZ,"Perez, Martin",,NO,
IVAN NORDENSTROM,"Nordenstrom, Ivan",,NO,
AGUSTIN ORTIZ,"Ortiz, Agustin","Ex presidente de la peña ""Jorge Benegas"" de Mendoza, jugador de Tenis de Mesa en el club. Parte de ""Somos San Lorenzo""",NO,
GONZALEZ ULISES,"Gonzalez, Ulises",,NO,
DODERO FLAVIO,"Dodero, Flavio",,NO,
LEONARDO VIDAL WALTER,"Vidal, Leonardo Walter",,NO,
GONZALEZ GUSTAVO IGLESIAS,"Gonzalez Iglesias, Gustavo",,NO,
ALLO DIEGO,"Allo, Diego",,NO,
FEDERICO LOURA,"Loura, Federico",,NO,
LUIS PUIG RAMOS,"Ramos Puig, Luis",,NO,
HERNAN PABLO VERO,"Vero, Pablo Hernan",,NO,
CINGOLANI CORONEL DANIEL,"Coronel, Cingolani Daniel",,NO,
LOPEZ MONICA,"Lopez, Monica","Parte de la agrupacion ""La Razon de mi Vida"" de Jose C Paz. Madre de Bélen Lugones",NO,
MAURICIO SGUT,"Sgut, Mauricio",,NO,
GIORDANO ROMINA,"Giordano, Romina",,NO,
LAURA MARIA TRIPODI,"Tripodi, Maria Laura",,NO,
GUIN MARTIN,"Guin, Martin",Parte de la comision de obras e infraestructura,NO,
PALOMA PIOVANI,"Piovani, Paloma",,NO,
ANDRES FACUNDO IBANEZ,"IBAÑEZ, FACUNDO ANDRES",,NO,
CLARION ROBERTO,"Clarion, Roberto",,NO,
BUSTOS GASTON MARIANO,"Bustos, Mariano Gaston",,NO,
FABIAN GUSTAVO SANCHEZ,"Sanchez, Gustavo Fabian",,NO,
FABIO SANTACROCE,"Santacroce, Fabio","Referente de la Peña Villa Maria, Córdoba Milita en la agrupación Somos San Lorenzo",NO,
CARLOS JUAN RUIZ,"Ruiz, Juan Carlos",,NO,
ALONSO DANIEL MARCELO,"Alonso, Marcelo Daniel",,NO,
AICHINO FERNANDO,"Aichino, Fernando","Referente de la peña Rio Segundo, Córdoba. Milita en la agrupación Somos San Lorenzo",NO,
JUAN MANUEL PIESCO,"Piesco, Juan Manuel",,NO,
FERNANDO JAIDA,"Jaida, Fernando",,NO,
ARIEL GARGANO,"Gargano, Ariel",,NO,
NATALIA UBIEDO,"Ubiedo, Natalia","Ex integrante de San Lorenzo Feminista, Secretaria de la peña de Pergamino. Milita en Somos San Lorenzo",NO,
ARENILLAS PABLO,"Arenillas, Pablo",,NO,
ESTELA ZAPATA,"Zapata, Estela",,NO,
MICAELA TEVES,"Teves, Micaela",,NO,
GARIBOTTO JUAN PABLO,"Garibotto, Juan Pablo",Referente de las peñas del Oeste. Profesor de Ajedrez en San Lorenzo. Milita en Somos San Lorenzo,NO,
BUZZANO LUCIA,"Buzzano, Lucia",,NO,
HECTOR MASSENA,"Massena, Hector",,NO,
JAVIER TORELLO,"Torello, Javier",,NO,
POLLA RAUL,"Polla, Raul",Asambleista por el mielismo (1989-1992). Integrante de Nuevo Rumbo Sanlorencista,NO,
DANIEL HECTOR TERRAGNO,"Terragno, Daniel Hector",,NO,
LUCAS MICELI PABLO,"MICELI, LUCAS PABLO",,NO,
PALMARES RAUL,"Palmares, Raul",,NO,
ADRIAN DUCRET,"Ducret, Adrian",,NO,
ARIEL OLITE,"Olite, Ariel",,NO,
PABLO RUEDA,"Rueda, Pablo",,NO,
LEONARDO STOLL,"Stoll, Leonardo","Referente de la Peña de Merlo. Colaborador de la subcomisión de género y diversidad, Casla Social e Inclusión.",NO,
FUSCO LEANDRO,"Fusco, Leandro",,NO,
BRIAN PAZ,"Paz, Brian",,NO,
LAFFITE MARIANO,"Laffite, Mariano",,NO,
CIRIZA LUDMILA,"Ciriza, Ludmila",,NO,
ALEJANDRA BARRATTO RITA,"Barratto, Rita Alejandra",,NO,
CELESTE ELISSECHE,"Elisseche, Celeste",,NO,
GRANUCCI LUCAS,"Granucci, Lucas",,NO,
LAUREANO MOGGIA,"Moggia, Laureano",,NO,
ADRIAN CARLOS LOPEZ,"Lopez, Carlos Adrian",,NO,
CESAR DIAZ,"Diaz, Cesar",,NO,
DIEGO TORREGROSA,"Torregrosa, Diego",,NO,
FRANCISCO SCHIAVETTA,"Schiavetta, Francisco",,NO,
ALFREDO ALVAREZ GUSTAVO,"Alvarez, Gustavo Alfredo",,NO,
ALBERTO LUIS RODRIGUEZ,"Rodriguez, Luis Alberto",,NO,
EDUARDO RITACCO,"Ritacco, Eduardo",,NO,
FACUNDO MENENDEZ,"Menendez, Facundo",,NO,
EMANUEL IBANEZ MATIAS,"IBAÑEZ, MATIAS EMANUEL",,NO,
JULIAN SAYAGO SUEIRO,"Sueiro Sayago, Julian",,NO,
FACUNDO KAPROW LANCIONI,"Lancioni Kaprow, Facundo",,NO,
ANTONIO JOSE PRADO,"Prado, Jose Antonio",,NO,
ADRIAN MARCELO PARRA,"PARRA, MARCELO ADRIAN",,NO,
EMILIANO VALLECILLO,"Vallecillo, Emiliano",,NO,
CAMBAS VALERIA,"Cambas, Valeria",,NO,
BENITEZ FABRIZIO MIERES,"Mieres Benitez, Fabrizio",,NO,
ARDETI GLORIA,"Ardeti, Gloria",,NO,
RUTH SANTELLI,"Santelli, Ruth",,NO,
FERREYRO GABRIEL,"Ferreyro, Gabriel",,NO,
DE DELIA LICCIARDELLO RUIZ,"Licciardello de Ruiz, Delia",,NO,
DIEGO MARCHIONNI,"Marchionni, Diego",,NO,
PEREYRA RAMOS,"Pereyra, Ramos",,NO,
ARMANDO DIEGO VERA,"Vera, Diego Armando",,NO,
MIGUEL ORLANDO SACHITELLA,"Sachitella, Miguel Orlando",,NO,
ALBERTO CARLOS VAZQUEZ,"Vazquez, Carlos Alberto",,NO,
IZUEL MARTIN,"Izuel, Martin",,NO,
FERNANDO SPOSARO,"Sposaro, Fernando",,NO,
ALEJANDRO CARUSO SANTIAGO,"Caruso, Santiago Alejandro",,NO,
BARBIERI CARLOS JUAN,"Barbieri, Juan Carlos",,NO,
ALBERTO SAPIA,"Sapia, Alberto",,NO,
LONGO OSCAR,"Longo, Oscar",,NO,
RUBEN VILLALBA,"Villalba, Ruben",,NO,
MARIANO SALVATORI,"Salvatori, Mariano",,NO,
MAURO SANTONO,"Santono, Mauro",,NO,
CELESTE CUELLAS,"Cuellas, Celeste",,NO,
MARTIN RUIZ,"Ruiz, Martin",,NO,
NELIDA VOLLARO,"Vollaro, Nelida",,NO,
ARAUJO NUNEZ YAEL,"Nuñez, Araujo Yael",,NO,
GIOIA MARTIN,"Gioia, Martin",,NO,
DIEGO FLEITAS,"Fleitas, Diego",,NO,
ALBARRACIN MONTIEL PATRICIO,"Montiel Albarracin, PAtricio",,NO,
LEONARDO SZENDREI,"Szendrei, Leonardo",,NO,
ALBERTO DIAZ JOSE,"Diaz, Jose Alberto",,NO,
ESTELA FURCI MARIA,"Furci, Maria Estela",,NO,
DI JUAN MANUEL PAOLA,"Di Paola, Juan Manuel",,NO,
HECTOR STORTINI,"Stortini, Hector",,NO,
ORCIOULI TOBIAS,"Orciouli, Tobias",,NO,
FRANCISCO NAVARRO,"Navarro, Francisco",,NO,
ELIAS GUSTAVO,"Elias, Gustavo",,NO,
IGNACIO RATTO,"Ratto, Ignacio",,NO,
CASERTA GARCIA JUAN PABLO,"Garcia Caserta, Juan Pablo",,NO,
CARDELLI DANIEL,"Cardelli, Daniel",,NO,
JULIO LAVANDA,"Lavanda, Julio",,NO,
FEDERICO RATTO,"Ratto, Federico",,NO,
DE MELINA VITO,"De Vito, Melina",,NO,
MARTIN NOSENZO,"Nosenzo, Martin",,NO,
BRIGGS JUAN MANUEL,"Briggs, Juan Manuel",,NO,
MAIORANO MARINA,"Maiorano, Marina",,NO,
NORBERTO PISTOIA,"Pistoia, Norberto",,NO,
LEONARDO ROLDAN,"Roldan, Leonardo",,NO,
TARELLI VANINA,"Tarelli, Vanina",,NO,
BANULS EMANUEL,"Bañuls, Emanuel",,NO,
NESTOR TORADELLI,"Toradelli, Nestor",,NO,
MARIN MATIAS,"Marin, Matias",,NO,
DE GUSTAVO ROSA,"De Rosa, Gustavo",,NO,
CLAUDIO IBARROLA,"Ibarrola, Claudio",,NO,
DIEGO SACO,"Saco, Diego",,NO,
DIEGO GASTON WELEDNIGER,"Weledniger, Diego Gaston",,NO,
ARDETTI GONZALO VAZQUEZ,"Vazquez Ardetti, Gonzalo",,NO,
ENRIQUE RAVAZANO,"Ravazano, Enrique",,NO,
DIZ FERNANDO,"Diz, Fernando",,NO,
JOAQUIN MENENDEZ,"Menendez, Joaquin",,NO,
ALEJANDRO CLAUDIO FLORIO,"FLORIO, CLAUDIO ALEJANDRO",,NO,
JOAQUIN LOPEZ SANTIAGO,"Lopez, Joaquin Santiago",,NO,
MAGALI SPINA,"Spina, Magali",,NO,
CLAUDIO DE FUENTE LA,"De La Fuente, Claudio",,NO,
GUDINO SOLEDAD,"Gudiño, Soledad",,NO,
CASTRO MARIA,"Castro, Maria",,NO,
HECTOR SALGADO,"Salgado, Hector",,NO,
BUZZANO CAMILA,"Buzzano, Camila",,NO,
HORACIO MUNOZ,"Muñoz, Horacio",,NO,
GUSTAVO PIROLO,"Pirolo, Gustavo",,NO,
BATTIPAGLIA LEONARDO,"Battipaglia, Leonardo",,NO,
FIGUEROA PATRICIA,"Figueroa, Patricia",,NO,
CONTRERAS MIGUEL,"Contreras, Miguel",,NO,
ARIEL MEDOLLA,"Medolla, Ariel",,NO,
LUIS PABLO PERGOLANI,"Pergolani, Pablo Luis",,NO,
RODRIGUEZ VIVIANA,"Rodriguez, Viviana",,NO,
BRIGGS THIAGO,"Briggs, Thiago",,NO,
ALBERTO FONTANELLA,"Fontanella, Alberto",,NO,
LEANDRO PAEZ,"Paez, Leandro",,NO,
FLORES GONZALEZ YAGO,"Gonzalez Flores, Yago",,NO,
GABRIEL SESTA,"Sesta, Gabriel",,NO,
JOSE LUIS SASTRE,"Sastre, Jose Luis",,NO,
AVELLA MYRIAM,"Avella, Myriam",,NO,
GRECO LUCIANO,"Greco, Luciano",,NO,
GUSTAVO TREZZA,"Trezza, Gustavo",,NO,
FONTANELLA MALENA,"Fontanella, Malena",,NO,
ALEJANDRO SKREPNIK,"Skrepnik, Alejandro",,NO,
DERQUI SANTIAGO,"Derqui, Santiago",,NO,
RICARTE SARA SEGOVIA,"Ricarte Segovia, Sara",,NO,
BONANNO PABLO,"Bonanno, Pablo",,NO,
DRAGONETTI RICARDO,"Dragonetti, Ricardo",,NO,
DOMINGUEZ GONZALO,"Dominguez, Gonzalo",,NO,
MARIANO ROMERO,"Romero, Mariano",,NO,
OSUNA RAFAEL,"Osuna, Rafael",,NO,
APUD HIGONET MARIO,"Apud Higonet, Mario",,NO,
DORSA FRANCO,"Dorsa, Franco",,NO,
FRANCISCO GUERENDIAIN,"Guerendiain, Francisco",,NO,
PAPACENA RUBEN,"Papacena, Ruben",,NO,
MARTIN PIPARUOLO,"Piparuolo, Martin",,NO,
ALVAREZ LEONEL SANTIAGO,"Alvarez,Santiago Leonel",,NO,
ADRIANA NOVAIS,"Novais, Adriana",,NO,
ALEJANDRO JOSE MIDDONO,"Middono, Jose Alejandro",,NO,
LILIA VILLARINO,"Villarino, Lilia",,NO,
NORMA RONDINELLA,"Rondinella, Norma",,NO,
ALBERTO JORGE RODRIGUEZ,"Rodriguez, Jorge Alberto",,NO,
ANGELICA DOMINGUEZ,"Dominguez, Angelica",,NO,
DENTE LUCAS,"Dente, Lucas",,NO,
BISIGNANI MARCELO,"Bisignani, Marcelo",,NO,
ANGRIMAN BRUNO,"Angriman, Bruno",,NO,
CARLOS DIEGO MARIN,"Marin, Diego Carlos",,NO,
LOMOLINO MARIANO,"Lomolino, Mariano",,NO,
RUIZ SANTIAGO SEBASTIAN,"Ruiz, Sebastian Santiago",,NO,
JUAN MANUEL SERVENTE,"Servente, Juan Manuel",,NO,
ANDREA MIRIAM PERAL,"Peral, Miriam Andrea",,NO,
FRANCISCO PANDULLO,"Pandullo, Francisco",,NO,
ADRIANA GASTALDI,"Gastaldi, Adriana",,NO,
DURE GISELE JAQUELINE,"Dure, Jaqueline Gisele",,NO,
RAPOSO RICARDO,"Raposo, Ricardo",,NO,
HERNAN VAZQUEZ,"Vazquez, Hernan",,NO,
APOLONIO CLAUDIO TABOADA,"Apolonio Taboada, Claudio",,NO,
ANTONELLA GRAPPI LANDRO,"Grappi Landro, Antonella",,NO,
CHOQUES DIEGO,"Choques, Diego",,NO,
GARCIA MONICA,"Garcia, Monica",,NO,
DOMINGUEZ GABRIEL VENCE Y,"Dominguez y Vence, Gabriel",,NO,
MARRADES PEGITO SEBASTIAN,"Pegito Marrades, Sebastian",,NO,
ALEJANDRA LOISI,"Loisi, Alejandra",,NO,
DESTEFANO ROBERTO,"Destefano, Roberto",,NO,
GIOIA GUSTAVO,"Gioia, Gustavo",,NO,
PERAZZO SANTIAGO,"Perazzo, Santiago",,NO,
GRANDIO LUIS OSVALDO,"Grandio, Luis Osvaldo",,NO,
BOLLA SANTIAGO,"Bolla, Santiago",,NO,
MARCELO TINELLI,"Tinelli, Marcelo","Empresario, periodista y conductor de televisión con una de las trayectorias más influyentes en los medios argentinos. En San Lorenzo, su vínculo comenzó como colaborador externo hasta involucrarse activamente en la gestión en 2007. En 2012 fue electo vicepresidente en la lista de Matías Lammens, rol que ocupó hasta 2019. Su gestión se destacó por el impulso al básquet profesional e internacional y su liderazgo en el área de fútbol profesional. En 2019 fue electo presidente con más del 80% de los votos. No obstante, su mandato coincidió con una profunda crisis financiera institucional, agravada por el contexto de pandemia y compromisos económicos en moneda extranjera que derivaron en deudas significativas. En mayo de 2021 solicitó una licencia de sus funciones y finalmente presentó su renuncia en 2022. También presidió la Superliga y la Liga Profesional de Fútbol a nivel nacional. Desde su alejamiento, se ha mantenido al margen de la política activa del club.",SI,Renuncia / Fin de mandato anticipado - Fallecimiento
ALBERTO RICARDO SAPONARE,"Saponare, Ricardo Alberto",,NO,
CLAUDIO DE SIMONE,"DE SIMONE, CLAUDIO",,NO,
ARRECEYGOR HORACIO,"Arreceygor, Horacio","Dirigente sindical de amplia trayectoria (SATSAID). Integró diversas agrupaciones desde 2004, participando activamente en la vida política del club. En 2012 se unió a San Lorenzo Siglo XXI, desempeñándose como vocal en múltiples periodos. Fue electo vicepresidente en 2019 y asumió la presidencia de forma interina en 2021 tras la renuncia de Marcelo Tinelli, completando el mandato hasta 2023. Su gestión se enfocó en la transición institucional y la normalización operativa del club en un periodo de alta inestabilidad política.",SI,Renuncia / Fin de mandato anticipado
MARIA ORMAECHEA,"Ormaechea, Maria",,NO,
PELJHAN SERGIO,"Peljhan, Sergio",,NO,
ISABEL MARIA VUOTTO,"Vuotto, Maria Isabel",,NO,
JORGE PALADINO,"Paladino, Jorge",,NO,
ALVAREZ CARMEN DEL MARIA,"Alvarez, Maria del Carmen",,NO,
BETO CESAR,"Cesar, Beto",,NO,
CLAUDIO PERALES,"Perales, Claudio",,NO,
MARCELO VUOTTO,"Vuotto, Marcelo",,NO,
JOSE ROZADOS,"Rozados, Jose",,NO,
COLANGELO MARIANO,"Colangelo, Mariano",,NO,
ALVAREZ ROBERTO,"Alvarez, Roberto",EN CONSTRUCCION,NO,
CIANNI MAXIMILIANO,"Cianni, Maximiliano",,NO,
ALEJANDRO FERNANDEZ LUIS,"Fernandez, Alejandro Luis",,NO,
COSTAS FERNANDEZ MARIA PAULA,"Fernandez Costas, Maria Paula",Ingeniera Industrial (ITBA). Fiscalizadora por el oficialismo entre 2016-2019. Vocal de comisión directiva por el oficialismo (2019-2023). Colaboradora de la subcomisión de género y diversidad,NO,
CAROLINA MARISTANY,"Maristany, Carolina",,NO,
ANDREA SPERANZA,"Speranza, Andrea",,NO,
BUSSO DARIO RODRIGUEZ,"Busso, Dario Rodriguez",,NO,
FERNANDO TERUEL,"Teruel, Fernando",,NO,
MORELLO OSCAR,"Morello, Oscar",,NO,
GUTIERREZ JORGE OMAR,"Gutierrez, Jorge Omar",,NO,
GASTON LAVILLE,"Laville, Gaston",Hijo del ex asambleista Gustavo Laville. Licenciado en Economía (UBA). Mas de 15 de Gerente en YPF. Miembro de comisión directiva por el oficialismo (2013-2023). Pro Secretario (2019 - 2023),NO,
FERNANDEZ GISEL,"Fernandez, Gisel",,NO,
ANGLADA DIEGO,"Anglada, Diego",,NO,
GUTIERREZ LEANDRO PESSANO Y,"Gutierrez, Leandro Pessano y",,NO,
MARCELO PEREZ RUBINO,"Rubino, Marcelo Perez",,NO,
JOSE LUIS PARRA SANZ,"Sanz, Jose Luis Parra",,NO,
CARLOS MAXIMILIANO ROSALES,"Rosales, Carlos Maximiliano","Empresario, dueño de Garbarino y de Radio Continental. Fue pro tesorero (2019-2021) y tesorero de San Lorenzo durante unos meses en 2021",NO,
DANIELA TEIXIDO,"Teixido, Daniela",,NO,
ADRIAN FABIO FERNANDEZ,"Fernandez, Adrian Fabio",,NO,
CHIODINI PABLO,"Chiodini, Pablo","Fundador del estudio de streaming ""88"", Gerente de VIAMO, fotógrafo profesional. Vocal de comisiòn directiva por el oficialismo (2019-2023)",NO,
GIOVANELLI HUGO,"Giovanelli, Hugo",,NO,
NANCY PELJHAN,"Peljhan, Nancy",,NO,
MANAS NORBERTO,"Mañas, Norberto",Licenciado en Administraciòn (UCA). con amplia trayectoria en el rubro farmaceutrico. Vocal de comisiòn directiva por el oficialismo (2019-2023) y Tesorero (2019-2023(,NO,
GRANO LUCAS,"Grano, Lucas",,NO,
ALFONSO ANIBAL LOPEZ,"Lopez, Anibal Alfonso",,NO,
DIEGO MENDRI RUBEN,"Mendri, Diego Ruben",,NO,
ESCOBAR NURIA,"Escobar, Nuria","Docente. Vocal de comisión directiva por el oficialismo (2019-2023). Colaboradora del fútbol femenino, y de la subcomisiòn de género y diversidad",NO,
GUSTAVO VILLAR,"Villar, Gustavo",,NO,
ALVAREZ SERGIO,"Alvarez, Sergio",,NO,
BARI RIQUELME TOMAS,"Riquelme, Tomas Bari",,NO,
FELIPE SILVESTRE,"Silvestre, Felipe",,NO,
MONFORTE PATRICIA,"Monforte, Patricia",,NO,
ITUARTE JULIO SANCHEZ,"Ituarte, Julio Sanchez",,NO,
CAPRISTO GABRIEL,"Capristo, Gabriel",Director Ejecutivo en RISK Group. Primer secretario de actas (2017-2019). Vocal de comisión directiva oficialista (2019-2023). Colaborador del Basquet. Pro tesorero (2022-2023),NO,
CORTEA ELENA,"Cortea, Elena",,NO,
ALAN LANCE,"Lance, Alan",,NO,
JUAN SCOLTORE VICENTE,"Scoltore, Juan Vicente","Empresario, muy cercano a Marcelo Tinelli. Vocal de comisiòn directiva (2019-2023). Colaborador del Basquet. Hincha de River",NO,
JULIETA PEDRAZZOLI,"Pedrazzoli, Julieta",,NO,
SILVINA VILA,"Vila, Silvina",,NO,
MACARENA MARIA URRICANET,"Urricanet, Maria Macarena",,NO,
DE JUAN MARCO PABLO,"Marco, Juan Pablo de",,NO,
GARCIA MELANIE VIOLET,"Garcia, Melanie Violet",,NO,
MIGUEL ORLANDO SACCHITELA,"Sacchitela, Miguel Orlando",,NO,
ANDREA BARO MARIELA,"Baro, Mariela Andrea",EN CONSTRUCCION,NO,
LAURA SAPONARE,"Saponare, Laura",,NO,
EUGENIO GUSTAVO MARTINEZ,"Martinez, Gustavo Eugenio",,NO,
ANGEL LUIS SARUBBI,"Sarubbi, Luis Angel",,NO,
ANIBAL JOSE NABAIS,"Nabais, Jose Anibal",,NO,
FERNANDO SERJANOVIC,"Serjanovic, Fernando",,NO,
ARDILES FERNANDEZ JULIO RAFAEL,"FERNANDEZ ARDILES, JULIO RAFAEL",,NO,
ANTONINO VENTRICE,"Ventrice, Antonino",,NO,
ERCOLANO MARCELO,"Ercolano, Marcelo",,NO,
LAURA RUGGIERO,"Ruggiero, Laura",,NO,
FRANCO SAPONARE,"Saponare, Franco",,NO,
GUSTAVO SALAMONE,"Salamone, Gustavo",,NO,
DE MIGUEL MONICA,"De Miguel, Monica",,NO,
LUCIANA VIOTTI VOLPE,"Volpe Viotti, Luciana",,NO,
GREMONE ROBERTO,"Gremone, Roberto",,NO,
CARLA GISELLE MASSELLI,"Masselli, Carla Giselle",,NO,
ALEJANDRO MACCIO,"Maccio, Alejandro",,NO,
ANGEL SAPONARE,"Saponare, Angel",,NO,
ALBERTO JOSE RAMOS,"Ramos, Jose Alberto",,NO,
ERCOLANO SERGIO,"Ercolano, Sergio",,NO,
DIEGO MIGUEL RUIZ,"Ruiz, Diego Miguel",,NO,
CARLOS FEDERICO VERDALLE,"Verdalle, Federico Carlos",,NO,
DANIEL FERNANDEZ OSVALDO,"Fernandez, Daniel Osvaldo",,NO,
ANIBAL HORACIO LOTITO,"Lotito, Horacio Anibal",,NO,
GONZALO MILLIVIERI,"Millivieri, Gonzalo",,NO,
BARLARO PAOLA,"Barlaro, Paola",,NO,
CARLOS ENRIQUE LEMOS,"Lemos, Carlos Enrique",,NO,
ANTONELLA BASSI MARIA,"Bassi, Maria Antonella",,NO,
PABLO RAMIREZ RODRIGUEZ,"Rodriguez Ramirez, Pablo",,NO,
TAMARA TISEYRA,"Tiseyra, Tamara",,NO,
ERNESTO LOZA,"Loza, Ernesto",,NO,
HERRERA NESTOR,"Herrera, Nestor",,NO,
CARLOS EUGENIO LOPEZ,"Lopez, Carlos Eugenio",,NO,
AZAMENDIA JUAN RAMON,"Azamendia, Juan Ramon",,NO,
SANTORSA SILVANA,"Santorsa, Silvana",,NO,
GALLO GUIDO,"Gallo, Guido",,NO,
CLAUDIO DE MARCO,"De Marco, Claudio",,NO,
COMBI JUAN MANUEL,"Combi, Juan Manuel",,NO,
ALBERTO CARLOS SIERRA,"Sierra, Carlos Alberto",,NO,
BRUZZESE CARLOS JOSE,"Bruzzese, Jose Carlos",,NO,
ANDREA KARINA MILANO,"MILANO, ANDREA KARINA",,NO,
ADRIAN DI FRANCO PAULO,"DI FRANCO, PAULO ADRIAN",,NO,
GABRIEL ORTIZ PABLO,"Ortiz, Pablo Gabriel",,NO,
CARLOS CASAS JUAN,"Casas, Juan Carlos",,NO,
ANTON MARIANA PEREZ,"Anton Perez, Mariana",,NO,
FERRETO MATIAS,"Ferreto, Matias",,NO,
EMILIANO GABRIEL ORTIZ,"Ortiz, Emiliano Gabriel",,NO,
ALBERTO DI GREGORIO JORGE,"Di Gregorio, Jorge Alberto",,NO,
ANGEL MIGUEL SANCHEZ,"Sanchez, Miguel Angel",,NO,
ANA FERNANDEZ MARIA,"Fernandez, Ana Maria",,NO,
DEL GROSSO RUBEN,"Del Grosso, Ruben",,NO,
ANDRES LARROQUE,"Larroque, Andres",,NO,
DANIELA MASSENA,"Massena, Daniela",,NO,
BONOMO DIEGO HECTOR,"BONOMO, HECTOR DIEGO",,NO,
CABALO EDUARDO RODRIGO,"Cabalo, Rodrigo Eduardo",,NO,
INAKI ORMAECHEA,"Ormaechea, Iñaki",,NO,
DURSO FACUNDO,"Durso, Facundo",,NO,
FEDERICO PABLO VOLONTE,"Volonte, Federico Pablo",,NO,
GRECO JONATHAN,"Greco, Jonathan",,NO,
HERNAN ROSARINO,"Rosarino, Hernan",,NO,
FARIAS MARTIN PABLO,"Farias, Pablo Martin",,NO,
ADRIAN GABRIEL MARTINEZ,"Martinez, Gabriel Adrian",,NO,
CARLOS JUAN MERIANO,"Meriano, Juan Carlos",,NO,
BRITOS FAUR HERNAN MARIANO,"Britos Faur, Hernan Mariano",,NO,
FERNANDEZ MAXIMILIANO,"Fernandez, Maximiliano",,NO,
EMILIANO KEVIN ZIMMINO,"Zimmino, Kevin Emiliano",,NO,
ANTONIO HARBEK,"Harbek, Antonio",,NO,
ALFREDO MARENGHI,"Marenghi, Alfredo",,NO,
ALFREDO LAMACCHIA,"Lamacchia, Alfredo",,NO,
CRISTINA GIOIA SOLEDAD,"Gioia, Cristina Soledad",,NO,
ARGOMIL CLAUDIO,"Argomil, Claudio",,NO,
DIEGO MEDOLLA,"Medolla, Diego",,NO,
MAZMUD OSCAR,"Mazmud, Oscar",,NO,
LAUTARO LEMOS NAHUEL,"Lemos, Lautaro Nahuel",,NO,
FELIPE LICARI LUIS,"Licari, Luis Felipe",,NO,
CHRISTIAN FONTANA,"Fontana, Christian",,NO,
GUSTAVO SABELLI,"Sabelli, Gustavo",,NO,
ALEJANDRO MARCELO TEJEDA,"Tejeda, Marcelo Alejandro",,NO,
ALEJANDRO CEREZAL,"Cerezal, Alejandro",,NO,
MONACHELLI SERGIO,"Monachelli, Sergio",,NO,
ALBERTO ANGEL LEGUIZAMO,"Leguizamo, Angel Alberto",,NO,
LUMINOSO YANINA,"Luminoso, Yanina",,NO,
ANGLADA HERNAN,"Anglada, Hernan",,NO,
DAMIAN MARIANO TOMASINI,"Tomasini, Mariano Damian",,NO,
CARLOS JUAN ROUMIEUX,"Roumieux, Juan Carlos",,NO,
LAURA VASSELATTI,"Vasselatti, Laura",,NO,
CARLA MARIA SEMISA,"Semisa, Maria Carla",,NO,
CASAS GIOVINNI MARIS STELLA,"Casas Giovinni, Stella Maris",,NO,
ALBERTO CARLOS MERLO,"Merlo, Carlos Alberto",,NO,
BLANCO IGNACIO MARTIN MUINO,"Blanco Muiño, Ignacio Martin",,NO,
ADRIAN ALVAREZ HORACIO,"Alvarez, Adrian Horacio",,NO,
CRISTIAN GENAZZINI,"Genazzini, Cristian",,NO,
LIONEL TROTTA,"Trotta, Lionel",,NO,
LEANDRO MARTIN VOGLIOTTI,"Vogliotti, Leandro Martin",,NO,
BRIENZA JOSE MARTIN,"Brienza, Jose Martin",,NO,
MELLA SERGIO,"Mella, Sergio",,NO,
ANGELO D IGNACIO,"D'angelo, Ignacio",,NO,
AGUSTIN DAMIAN PUGLIESE,"Pugliese, Agustin Damian",,NO,
FERNANDO JAVIER ZAYAT,"ZAYAT, FERNANDO JAVIER",,NO,
IMANOL RAMOS,"Ramos, Imanol",,NO,
ALBERTO BALDASSARE CARLOS,"Baldassare, Carlos Alberto",,NO,
ANTONIO FABIAN RICETTA,"Ricetta, Antonio Fabian",,NO,
ALEJANDRO DAMIAN GOMEZ,"Gomez, Alejandro Damian",,NO,
ANALIA TESOURO,"Tesouro, Analia",,NO,
CERVELO GRACIELA MARIA,"Cervelo, Maria Graciela",,NO,
ANDREA LOPEZ VERONICA,"Lopez, Andrea Veronica",,NO,
BRUNETTI JOSE LUIS,"Brunetti, Jose Luis",,NO,
CARLOS JUAN SPERANZA,"Speranza, Juan Carlos",,NO,
FRANCISCO JOSE STASI,"Stasi, Francisco Jose",,NO,
BERTUA CARLOS JUAN,"Bertua, Juan Carlos",,NO,
BRUNDO DANIEL,"Brundo, Daniel",,NO,
ALVAREZ CARLOS LEONARDO,"Alvarez, Leonardo Carlos",,NO,
CASTRO VALENTIN,"Castro, Valentin",,NO,
EL LEONEL NEMER ROCCHIA,"Rocchia El Nemer, Leonel",,NO,
MARIA ONGARO PAULA,"Ongaro, Maria Paula",,NO,
FERNANDO GIAMBORINO,"Giamborino, Fernando",,NO,
EL MANUEL NEMER ROCCHIA,"Rocchia El Nemer, Manuel",,NO,
MARIA VAZQUEZ VICTORIA,"Vazquez, Maria Victoria",,NO,
CECILIA CERVETTO GRACIELA,"Cervetto, Graciela Cecilia",,NO,
CARLA LORENA MANUALE,"Manuale, Lorena Carla",,NO,
HECTOR PABLO RIOS,"Rios, Pablo Hector",,NO,
ALBERTO JUAN MIDDONO,"Middono, Juan Alberto",,NO,
ALBERTO LUIS PULSINI,"Pulsini, Luis Alberto",,NO,
HECTOR HUGO MASELLI,"Maselli, Hugo Hector",,NO,
DE LA RICARDO RUA,"De la Rua, Ricardo",,NO,
BASTARDO IAN SOSA,"Bastardo Sosa, Ian",,NO,
ALBERTO HUGO PELJHAN,"Peljhan, Hugo Alberto",,NO,
ENRIQUE MICELI,"Miceli, Enrique",,NO,
EMILIO FURLAN,"Furlan, Emilio",,NO,
FERNANDO SILES,"Siles, Fernando",,NO,
GABRIEL GARCIA OSCAR,"Garcia, Oscar Gabriel",,NO,
GARACHICO JUAN MANUEL,"Garachico, Juan Manuel",,NO,
CARMEN DEL RAMIREZ TERESITA,"Ramirez, Teresita del Carmen",,NO,
ADRIANA ELIZABETH TABORDA,"Taborda, Adriana Elizabeth",,NO,
BLANCO HECTOR MARTIN,"Blanco, Martin Hector",,NO,
ASCHIERO EDUARDO,"Aschiero, Eduardo",,NO,
MORELLO NICOLAS,"Morello, Nicolas",,NO,
GASTON MARCOS MUGUETA,"Mugueta, Marcos Gaston",,NO,
FERNANDO RICCI,"Ricci, Fernando",,NO,
EDUARDO SARUBBI,"Sarubbi, Eduardo",,NO,
CARLOS MALATESTA MARIANO,"Malatesta, Mariano Carlos",,NO,
FUENTES JORGE LUIS,"Fuentes, Jorge Luis",,NO,
ARIEL MOCCIOLA,"Mocciola, Ariel",,NO,
ALEJANDRO BEJAR EZEQUIEL,"Bejar, Alejandro Ezequiel",,NO,
CAPPELLETTI GUSTAVO,"Cappelletti, Gustavo",,NO,
DI ESTEBAN FRANCO,"Di Franco, Esteban",,NO,
EL EZEQUIEL NEMER ROCCHIA,"Rocchia el Nemer, Ezequiel",,NO,
GISELLE TAMALET,"Tamalet, Giselle",,NO,
AGUILAR SANDRA,"Aguilar, Sandra",,NO,
GARCIA MARIA VALERIA,"Garcia, Maria Valeria",,NO,
ALEJANDRO ANDRES ELISSECHE,"Elisseche, Andres Alejandro",,NO,
EDUARDO ELISEO RODRIGUEZ,"Rodriguez, Eduardo Eliseo",,NO,
GONZALEZ MARCELO RUBEN,"Gonzalez, Ruben Marcelo",,NO,
DESTEFANO GONZALO,"Destefano, Gonzalo",,NO,
MARCELO WENGROVSKY,"Wengrovsky, Marcelo",,NO,
ANDRES CARELLI LUCIO,"Carelli, Lucio Andres",,NO,
BALBI CESAR JULIO,"BALBI, JULIO CESAR",,NO,
ALLENDE FABIO,"Allende, Fabio",,NO,
BUSCAGLIA DEMIAN LEANDRO,"Buscaglia, Demian Leandro",,NO,
EZEQUIEL OLIVERI,"Oliveri, Ezequiel",,NO,
LUCIANO REYENTE,"Reyente, Luciano",,NO,
DAMIAN ESTEBAN RASPANTI,"Raspanti, Damian Esteban",,NO,
GABRIELA RIOS,"Rios, Gabriela",,NO,
DE LO ROSA TALLARICO TARTARO,"Tallarico de lo Tartaro, Rosa",,NO,
ADAMO LIDIA LORENA,"Adamo, Lorena Lidia",,NO,
EDUARDO JOSE MUNDO,"Mundo, Jose Eduardo",,NO,
AIRA LEANDRO,"Aira, Leandro",,NO,
ALBERTO CARLOS RODRIGUEZ,"Rodriguez, Carlos Alberto",,NO,
LEANDRO NABAIS,"Nabais, Leandro",,NO,
ALBERTO APONTE DANIEL,"Aponte, Daniel Alberto",,NO,
AIELLO FRANCISCO,"Aiello, Francisco",,NO,
ADRIAN CASANUEVA,"Casanueva, Adrian",,NO,
HECTOR OSVALDO RUSSO,"Russo, Osvaldo Hector",,NO,
FRANCISCO SERRANO,"Serrano, Francisco",,NO,
BRODSCHI MAURICIO,"Brodschi, Mauricio",,NO,
ALBERTO FLORES JORGE,"Flores, Jorge Alberto",,NO,
ARIEL FEDERICO RUSSO,"Russo, Federico Ariel",,NO,
GAGLIANO HECTOR,"Gagliano, Hector",,NO,
JULIAN RAUL STORTINI,"Stortini, Julian Raul",,NO,
GARCIA GASTON MAXIMILIANO,"Garcia, Gaston Maximiliano",,NO,
AGUSTINA BRUNO,"Bruno, Agustina",,NO,
ARANA BURRUCHAGA,"Burruchaga, Arana",,NO,
BRIZUELA IVANA MARIA,"Brizuela, Maria Ivana",,NO,
CASTRO DE GONZALO,"De Castro, Gonzalo",,NO,
MIRACCA ROBERTO,"Miracca, Roberto",,NO,
GARCIA MARCELO,"Garcia, Marcelo",,NO,
ARIEL COSTA DA MARTIN PARAIZO,"Da Costa Paraizo, Martin Ariel",,NO,
AMPUGNANI MARCELO,"Ampugnani, Marcelo",,NO,
CARLOS JUAN MELI,"Meli, Juan Carlos",,NO,
PABLO QUIROGA,"Quiroga, Pablo",,NO,
GAGLIARDONE ROBERTO,"Gagliardone, Roberto",,NO,
ORLANDO OSCAR SACCO,"SACCO, OSCAR ORLANDO",,NO,
AGUSTIN MIRABELLI,"Mirabelli, Agustin",,NO,
CESAR FRANCISCO GONZALEZ,"Gonzalez, Cesar Francisco",,NO,
FABIAN LEONEL SARMIENTO,"Sarmiento, Fabian Leonel",,NO,
ANDRADE EDUARDO JUAN,"Andrade, Juan Eduardo",,NO,
CRISTINA GAMBERALE MARIA,"Gamberale, Maria Cristina",,NO,
ABEL CARELLI OSVALDO,"Carelli, Osvaldo Abel",,NO,
MARCELA PARENGO,"Parengo, Marcela",,NO,
DIAZ DORA SUSANA,"Diaz, Susana Dora",,NO,
BRIZUELA MARIA MELISA,"Brizuela, Maria Melisa",,NO,
LUIS NORBERTO ORDAX,"Ordax, Luis Norberto",,NO,
DARIO KUPERSMIT,"Kupersmit, Dario",,NO,
ARTURO CARLOS JUAREZ,"Juarez, Carlos Arturo",,NO,
GUSTAVO MARIO ZARATE,"Zarate, Gustavo Mario",,NO,
JAVIER LUNA MARCELO,"Luna, Marcelo Javier",,NO,
DANIEL JULIO SUEIRO,"Sueiro, Julio Daniel",,NO,
ALVAREZ MARCELO,"Alvarez, Marcelo",,NO,
AMATO DANIEL FERNANDO,"Amato, Daniel Fernando",,NO,
FERRARIS SILVIO,"Ferraris, Silvio",,NO,
CARLOS JOVENICH,"Jovenich, Carlos",,NO,
EZEQUIEL MARTIN RAMIREZ,"Ramirez, Martin Ezequiel",,NO,
LUIS MARTIN PALOMEQUE,"Palomeque, Martin Luis",,NO,
CROCCO LEONARDO,"Crocco, Leonardo",,NO,
MACARENA PALOMEQUE,"Palomeque, Macarena",,NO,
GREMONE LUCIANO,"Gremone, Luciano",,NO,
CASTELPOGGI CLAUDIO GUSTAVO,"Castelpoggi, Gustavo Claudio",,NO,
CRISTINA MUNOZ ROSA,"Muñoz, Rosa Cristina",,NO,
BERTA ELSA URQUIZA,"Urquiza, Elsa Berta",,NO,
LENTINI ROBERTO,"Lentini, Roberto",,NO,
ALESSANDRONE JOSE JUAN,"Alessandrone, Juan Jose",,NO,
MICAELA MORENO TATIANA,"Moreno, Tatiana Micaela",,NO,
FULLE WALTER,"Fulle, Walter",,NO,
CESAR JULIO SUEIRO,"Sueiro, Julio Cesar",,NO,
BUONFRATE OSVALDO,"Buonfrate, Osvaldo",,NO,
DE HOMERO ROCCHI,"De Rocchi, Homero",,NO,
HAYDEE SCAGLIONE,"Scaglione, Haydee",,NO,
DE OSCAR ROCCHI WALTER,"De Rocchi, Walter Oscar",,NO,
DE LA LLERA MAGALI,"De la Llera, Magali",,NO,
BARRIENTOS IRMA,"Barrientos, Irma",,NO,
DANIEL GUSTAVO TOCCI,"Tocci, Daniel Gustavo",,NO,
ALBERTO CARLOS ORTELLI,"Ortelli, Carlos Alberto",,NO,
FONTANELLA MABEL RITA,"Fontanella, Mabel Rita",,NO,
BASTARDO DARIO HERNAN,"Bastardo, Hernan Dario",,NO,
DAVENIA SABRINA,"Davenia, Sabrina",,NO,
ANA GLADYS ONETTO,"Onetto, Gladys Ana",,NO,
ANGEL MIGUEL ORQUERA,"Orquera, Miguel angel",,NO,
BERTUA MARIANO,"Bertua, Mariano",,NO,
EZEQUIEL IGNACIO ORTELLI,"Ortelli, Ezequiel Ignacio",,NO,
BONGIORNO ERNESTO MARIANO,"BONGIORNO, MARIANO ERNESTO",,NO,
HERNAN KLAICH,"Klaich, Hernan",,NO,
ANTONIO JOSE MAZZARA,"Mazzara, Jose Antonio",,NO,
CARLOS FABRICIO ORTELLI,"Ortelli, Fabricio Carlos",,NO,
ALVAREZ EMANUEL FEDERICO,"Alvarez, Federico Emanuel",,NO,
DIEGO NESTOR SOLDATI,"Soldati, Diego Nestor",,NO,
ALFREDO JUSTO SUAREZ,"SUAREZ, ALFREDO JUSTO",,NO,
ALVAREZ JOSE LUIS,"Alvarez, Jose Luis",,NO,
ALEJANDRO FERNANDEZ MARCELO,"Fernandez, Marcelo Alejandro",,NO,
DANIEL MARCHESE,"Marchese, Daniel",,NO,
ADRIANA RUFFATO,"Ruffato, Adriana",,NO,
CAMILA JAZMIN VILLANUSTRE,"Villanustre, Camila Jazmin",,NO,
ERNESTO RADONDE,"Radonde, Ernesto",,NO,
MARTIN TALLON,"Tallon, Martin",,NO,
GRILLO MARIANO,"Grillo, Mariano",,NO,
DOMINGO ROBERTO TROIANO,"Troiano, Roberto Domingo",,NO,
TOMAS WASSERMAN,"Wasserman, Tomas",,NO,
CASTIELA GUSTAVO,"Castiela, Gustavo",,NO,
CASSAB LUCAS MARIO,"Cassab, Lucas Mario",,NO,
CAPRISTO VICTORIA,"Capristo, Victoria",,NO,
FLAVIO FRIGERIO,"Frigerio, Flavio",,NO,
CARLOS JUAN MURAD,"Murad, Juan Carlos",,NO,
JAVIER MARCELO MORENO,"Moreno, Marcelo Javier",,NO,
JOSE MARIA MARTINO SANCHEZ,"Sanchez Martino, Jose Maria",,NO,
GENTILE MARIANA,"Gentile, Mariana",,NO,
GREMONE GUIDO NICOLAS,"Gremone, Guido Nicolas",,NO,
DIEGO NICOLAS ZUNGRI,"Zungri, Diego Nicolas",,NO,
ALEJANDRO CASTAGNETTI,"Castagnetti, Alejandro",,NO,
ELENA FRANCISCA PEREZ,"Perez, Elena Francisca",,NO,
ALEJANDRA GARRO ISABEL,"Garro, Alejandra Isabel",,NO,
ANABEL SARMIENTO SOLEDAD,"Sarmiento, Anabel Soledad",,NO,
GIARDINI PABLO,"Giardini, Pablo",,NO,
AMALIA FORNABAIO,"Fornabaio, Amalia",,NO,
ORLANDO VILA,"Vila, Orlando",,NO,
AGUSTIN FERNANDEZ PEREYRA,"Fernandez Pereyra, Agustin",,NO,
ADOLFO HORACIO RASO,"Raso, Adolfo Horacio",,NO,
CARUSO CHRISTIAN EDUARDO,"Caruso, Christian Eduardo",,NO,
JOSE LIZZANO NICOLAS,"Lizzano, Jose Nicolas",,NO,
GUSTAVO REGES,"Reges, Gustavo",,NO,
LO MARIANA TARTARO,"Lo Tartaro, Mariana",,NO,
BRUZZESE DANIEL,"Bruzzese, Daniel",,NO,
ARIEL LAMAS OMAR,"Lamas, Ariel Omar",,NO,
MARTINEZ MATIAS,"Martinez, Matias",,NO,
PABLO REBOREDO,"Reboredo, Pablo",,NO,
ADAMO CARLOS JUAREZ,"Juarez Adamo, Carlos",,NO,
CARLOS COUSO LEANDRO,"Couso, Carlos Leandro",,NO,
CARLO DE MICAELA,"De Carlo, Micaela",,NO,
AMARILLA BEATRIZ EMICE PACE,"Pace, Amarilla Emice Beatriz",,NO,
HILDA PAULA ZUBIETA,"Zubieta, Paula Hilda",,NO,
KONDRATIUK MARIANO,"Kondratiuk, Mariano",,NO,
JAVIER TRIGO VICTOR,"Trigo, Victor Javier",,NO,
AGUSTIN MANGANIELLO,"Manganiello, Agustin",,NO,
KIROVSKY NORBERTO,"Kirovsky, Norberto",,NO,
CANDELA RIVABELLA,"Rivabella, Candela",,NO,
MARCELO XAMENA,"Xamena, Marcelo",,NO,
BRUNO LUCIANO,"Bruno, Luciano",,NO,
IGLESIAS RUBEN,"Iglesias, Ruben",,NO,
CRISAFI PABLO,"Crisafi, Pablo",,NO,
FRANCISCO MENOYO,"Menoyo, Francisco",,NO,
ALEJANDRO GUASTALEGNAME JAVIER,"Guastalegname, Javier Alejandro",,NO,
ABADIE JAVIER,"Abadie, Javier",,NO,
CARLA MASELLI,"Maselli, Carla",,NO,
GABRIEL MARTINO,"Martino, Gabriel",,NO,
DE JOAQUIN LA TORRE,"De La Torre, Joaquin",,NO,
GONZALO RUANOVA,"Ruanova, Gonzalo",,NO,
CHAVARRIA JULIO MELCHOR,"Melchor, Chavarria, Julio",,NO,
CARLA ROSES SABRINA,"Roses, Sabrina Carla",,NO,
MARTIN MAZZEO PABLO,"Mazzeo, Pablo Martin",,NO,
ALBERTO CARLOS LAMMENS,"Lammens, Carlos Alberto",,NO,
MENDEZ MIGUEL,"Mendez, Miguel",,NO,
EDUARDO GONZALEZ,"Gonzalez, Eduardo",,NO,
DIANDA FRANCISCO MARTIN,"dianda, Martin Francisco",,NO,
HECTOR PUJOL,"Pujol, Hector",,NO,
FRANCISCO LAFUENTE,"Lafuente, Francisco",,NO,
GASTON ROCHEARAY,"Rochearay, Gaston",,NO,
CHAHINIAN OSVALDO,"Chahinian, Osvaldo",,NO,
ALBERTO LUIS VELAZQUEZ,"Velazquez, Luis Alberto",,NO,
ARMANDO GENTILI,"Gentili, Armando",,NO,
ALEJANDRO CASTANO MARCELO,"CASTAÑO, MARCELO ALEJANDRO",,NO,
OSCAR VERZINO,"Verzino, Oscar",,NO,
GERARDO MENDEZ RUBEN,"Mendez, Gerardo Ruben",,NO,
CARLOS JAVIER PASTOR,"Pastor, Carlos Javier",,NO,
JAVIER VIEITEZ,"Vieitez, Javier",,NO,
JOSE MUNDO RICARDO,"Mundo, Jose Ricardo",,NO,
GANDARA GONZALEZ HORACIO,"Gandara Gonzalez, Horacio",,NO,
GUSTAVO LAVALLE,"Lavalle, Gustavo",,NO,
FIORE MATIAS,"Fiore, Matias",,NO,
ALBERTO CASTRO MATIAS,"CASTRO, MATIAS ALBERTO",,NO,
KESSEL NICOLAS,"Kessel, Nicolas",,NO,
ANGEL FERNANDEZ SEBASTIAN,"Fernandez, Sebastian Angel",,NO,
COBOS MAURICIO,"Cobos, Mauricio",,NO,
GUSTAVO TALIBERTI,"Taliberti, Gustavo",,NO,
ALBERTO DEL GROSSO JUAN,"Del Grosso, Juan Alberto",,NO,
JOSE RUSSO,"Russo, Jose",,NO,
BUSCAGLIA DARIO MARTIN,"Buscaglia, Dario Martin",,NO,
LAURA VASSELLATI,"Vassellati, Laura",,NO,
MARIANO PATINO,"Patiño, Mariano",,NO,
CARLOS CASTRO,"Castro, Carlos",,NO,
FACUNDO LOPEZ MOHAMED,"Lopez Mohamed, Facundo",,NO,
BARBARA CARELLI,"Carelli, Barbara",,NO,
ALEGRE SEBASTIAN,"Alegre, Sebastian",,NO,
GALE JAVIER JERONIMO,"Gale, Javier Jeronimo",,NO,
LEANDRO VIDAL WALTER,"Vidal, Leandro Walter",,NO,
CASTRO MATIAS,"Castro, Matias",,NO,
ALBERTO CANOVIL HORACIO,"Canovil, Horacio Alberto",,NO,
FERNANDO SILVA,"Silva, Fernando",,NO,
LADELFA PABLO REGNER,"Ladelfa Regner, Pablo",,NO,
IGNACIO JUAN SCARSI,"Scarsi, Juan Ignacio",,NO,
VAZQUEZ VERONICA,"Vazquez, Veronica",,NO,
LEIVA MARTIN,"Leiva, Martin",,NO,
CHRISTIAN DANIEL SANCHEZ,"Sanchez, Christian Daniel",,NO,
REIMS VERONICA,"Reims, Veronica",,NO,
DANIELA OHANESSIAN,"Ohanessian, Daniela",,NO,
JUAN MANUEL PEREZ,"Perez, Juan Manuel",,NO,
ARMANDO RAUL SALTENO,"Salteño, Raul Armando",,NO,
CACCAVO LUCIANO,"Caccavo, Luciano",,NO,
ALEJANDRO FABIAN LOPES,"Lopes, Fabian Alejandro",,NO,
CAVALLERI MARCELO,"Cavalleri, Marcelo",,NO,
MARIANO RAUL SPATA,"Spata, Mariano Raul",,NO,
MARCELO MARIO SANTALLA,"Santalla, Mario Marcelo",,NO,
ANGELO D SERGIO,"D'angelo, Sergio",,NO,
FERRER HUMBERTO JUAN,"Ferrer, Juan Humberto",,NO,
BERTUA JULIO,"Bertua, Julio",,NO,
LUCIANA REIMS,"Reims, Luciana",,NO,
ANA MALDONADO REIMS,"Maldonado Reims, ana",,NO,
FABIAN MATEO,"Mateo, Fabian",,NO,
FLORIO IGNACIO,"Florio, Ignacio",,NO,
ALBERTO JOSE MIDDONO,"Middono, Jose Alberto",,NO,
ANTONIO HARDEL MARTIN,"Hardel, Antonio Martin",,NO,
LUCIANO MONTEQUIN,"Montequin, Luciano",,NO,
ALEJANDRO HECTOR MON,"Mon, Alejandro Hector",,NO,
CHAYAN HERNAN,"Chayan, Hernan",,NO,
ALEJANDRO MAXIMILIANO MON,"Mon, Maximiliano Alejandro",,NO,
ANDREA SOSA,"Sosa, Andrea",,NO,
IVAN JAVIER SIGAL,"Sigal, Javier Ivan",,NO,
EZEQUIEL MATIAS RAMIREZ,"Ramirez, Matias Ezequiel",,NO,
ALCIDES CHRISTIAN GARZON,"Garzon, Christian Alcides",,NO,
JUAN PABLO SIFON,"Sifon, Juan Pablo",,NO,
PIGNATARO SABRINA,"Pignataro, Sabrina",,NO,
ALBERTO CARLOS TORINI,"Torini, Carlos Alberto",,NO,
ERNESTO PIERRO,"Pierro, Ernesto",,NO,
REIMS RUBEN TESOURO,"Tesouro Reims, Ruben",,NO,
CARLOS EDGARDO RODRIGUEZ,"Rodriguez, Edgardo Carlos",,NO,
FERNANDEZ RAMIRO,"Fernandez, Ramiro",,NO,
CARLOS FRANCISCO MAIDANA,"Maidana, Carlos Francisco",,NO,
ERNESTO PONZIO,"Ponzio, Ernesto",,NO,
GUSTAVO MARTIN SIGAL,"Sigal, Martin Gustavo",,NO,
FACUNDO MONACO,"Monaco, Facundo",,NO,
JUAN OMAR USUBIAGA,"Usubiaga, Juan Omar",,NO,
ALICIA ROSA ZAMORA,"Zamora, Alicia Rosa",,NO,
GUSTAVO GUZMAN,"Guzman, gustavo",,NO,
FERNANDO MIELE,"Miele, Fernando","Nacido en 1948 y socio desde el 68, Miele se dedicó a ser el dueño del astillero Preveza Yachts, En 1984 aparece en el mundo San Lorenzo comprando el pase de Luis Amuchástegui, delantero de Racing de Córdoba. En 1985 se convirtió en uno de los referentes de la comisión del fútbol profesional, cargo que ocupó hasta 1986. A finales de ese año, Fernando se postuló para ser candidato a presidente contra la fórmula Alberto Guil – Rafael Savino. Ganando por tan solo 250 votos, en la recta final de su campaña propuso la construcción de un nuevo estadio en la ciudad deportiva, algo que agrupación de Guil-Savino no proponía. Su primera gestión (86-89) fue una gestión sin logros deportivos, dedicado en gran parte a ordenar el club, durante el último año de su primer gestión se pudo terminar de construir la platea norte, lo cual fue el primer gran logro institucional y por el cual fue re-elegido. Su segunda gestión (89-92) fue similar a la primera en el panorama deportivo, en el plano institucional, se destacó por numerosas obras en la ciudad deportiva, la guardería sobre Avenida Varela y sobre el final de ese mandato, se empezó a construir la popular local. A final de 1992 ninguna lista se presenta, por lo que el mandato de Miele se extiende otros 3 años más. En su tercera gestión se termina de construir el Nuevo Gasómetro y se inaugura en Diciembre de 1993, en se mismo año se inaugura el nuevo gimnasio San Martín. A pesar de los rumores de una posible licencia, Miele decide seguir en el cargo hasta 1995. También comienza definitivamente el armado de un plantel para intentar lograr un nuevo campeonato, el cual primero logra el subcampeonato del Apertura 1994 y finalmente se corta la sequía de 21 años sin títulos con el campeonato del Clausura 1995. Al igual que en 1992, ninguna lista se presenta, por lo que automáticamente Miele sigue 3 años más. En esta cuarta gestión, se pueden nombrar la inauguración del Clinicasla, la ampliación del nuevo gasómetro con el codo de la popular local, la construcción de los codos de la platea sur y el techado de la platea norte. A mediados de 1997 se inaugura la sede actual de Avenida La Plata. Mientras que el fútbol tuvo altibajos, destacándose la venta de Sebastián Abreu en casi 10 millones de dólares. En 1998 se realizaron comicios electorales en casi 10 años, Miele derrotó fácilmente a la fórmula Galeazzo-Zamora y extendió su vínculo presidencial hasta el nuevo milenio. En su quinta y última gestión el club entró en crisis económica, nuevos pedidos de quiebra y mínimos casi históricos en cantidad de socios. En noviembre del 2000, Miele logró aprobar en asamblea un contrato de cesión de imagen con la empresa multinacional ISL, el cual causó gran controversia entre grupo de socios del club, ocasionándose los incidentes del 30 de Noviembre, por el cual conocemos como el día del hincha de San Lorenzo. A principios de 2001 la asamblea que aprobó el contrato fue impugnada por la IGJ. En 2001 el club fue campeón del Torneo Clausura 2001 y llegó a la final de la Mercosur. Miele intentó nuevamente ser presidente pero fue derrotado por la fórmula Guil-Savino. En 2002 fue expulsado de la comisión directiva por faltas a las reuniones sin justificación y definitivamente en 2004 fue expulsado como socio del club, por irregularidades durante su última gestión. Posteriormente en 2004 y 2010 apoyo a varios candidatos, con grandes derrotas.  En ese mismo año se intentó devolverle el carnet aunque sin mayor éxito. Volvió a la escena política en 2022 apoyando a Marcelo Moretti en sus campañas políticas. Actualmente se encuentra jubilado.",NO,
DOMINGO GALEAZZO VICENTE,"Galeazzo, Vicente Domingo",,NO,
EDUARDO IGNOTO,"Ignoto, Eduardo",,NO,
FEDERICO ZAMORA,"Zamora, Federico",,NO,
ALBERTO CARRASCO,"Carrasco, Alberto",,NO,
CHICOTE OSCAR,"Chicote, Oscar",,NO,
CARLOS SEGURA,"Segura, Carlos",,NO,
HUGO JORGE OLIVETTO,"Olivetto, Jorge Hugo",,NO,
BERNAL EDUARDO,"Bernal, Eduardo",,NO,
ANGEL FIORE MIGUEL,"Fiore, Miguel Angel",,NO,
LILIANA TAGLIANI,"Tagliani, Liliana",,NO,
ANIBAL GONZALEZ HECTOR,"Gonzalez, Anibal Hector",,NO,
SAAVEDRA TOMAS,"Saavedra, Tomas",,NO,
JORGE SABATER,"Sabater, Jorge",,NO,
GNISCI JORGE JORIO,"Gnisci, Jorge Jorio",,NO,
ANGEL MIGUEL RUIZ,"Ruiz, Miguel Angel",,NO,
GUSTAVO MIELE,"Miele, Gustavo",,NO,
FERNANDO SANTOS,"Santos, Fernando",,NO,
GUIDO MOSQUEIRA,"Mosqueira, Guido",,NO,
RAUL ROBERTO SUAREZ,"Suarez, Roberto Raul",,NO,
CESAR JULIAN QUINTANA,"Quintana, Cesar Julian",,NO,
FERNANDEZ JULIO,"Fernandez, Julio",,NO,
GABRIEL GIOSEFFI,"Gioseffi, Gabriel",,NO,
FERNANDO GREGORIO,"Gregorio, Fernando",,NO,
ANTONIO BONOMO,"Bonomo, Antonio",,NO,
FIORENZA LUIS,"Fiorenza, Luis",,NO,
ANGEL LABAJOS MIGUEL,"Labajos, Miguel Angel",,NO,
GASPAROVIC MARIA,"Gasparovic, Maria",,NO,
ANGEL DOMINGUEZ,"Dominguez, Angel",,NO,
FILIPPETTI JORGE,"Filippetti, Jorge",,NO,
ALBERTO CARLOS RUSSO,"Russo, Carlos Alberto",,NO,
ALBERTO BUSI,"Busi, Alberto",,NO,
ALBERTO CARLOS FIORE,"Fiore, Carlos Alberto",,NO,
GILLY HORACIO,"Gilly, Horacio",,NO,
ANTICO JOSE,"Antico, Jose",,NO,
CARLOS JUAN PEREIRA,"Pereira, Juan Carlos",,NO,
DIAZ JOSE LUIS,"Diaz, Jose Luis",,NO,
CHICOTE NORBERTO,"Chicote, Norberto",,NO,
PESARESI RINA,"Pesaresi, Rina",,NO,
OSVALDO PIZZARELLI,"Pizzarelli, Osvaldo",,NO,
GONZALEZ NESTOR,"Gonzalez, Nestor",,NO,
CARLOS PENELLO,"Penello, Carlos",,NO,
CARLOS NIETO,"Nieto, Carlos",,NO,
DANIEL SZTRASBERGER,"Sztrasberger, Daniel",,NO,
LANATTA RODOLFO,"Lanatta, Rodolfo",,NO,
DESTEFANO GUSTAVO,"Destefano, Gustavo",,NO,
ESTUMBO MIGUEL,"Estumbo, Miguel",,NO,
PELIZZER RODOLFO,"Pelizzer, Rodolfo",,NO,
JESUS LAPADULA,"Lapadula, Jesus",,NO,
DALMIRO LUIS NOVOA,"Novoa, Luis Dalmiro",,NO,
GRIPI NORBERTO,"Gripi, Norberto",,NO,
ALFREDO PEDRO ZEA,"Zea, Alfredo Pedro",,NO,
ALEJANDRO DANIEL ZEA,"Zea, Daniel Alejandro",,NO,
ARISTIDES VICECONTE,"Viceconte, Aristides",,NO,
TORCASSO VICENTE,"Torcasso, Vicente",,NO,
CASTELNUOVO OSCAR,"Castelnuovo, Oscar",,NO,
CARLOS FIURATTI,"Fiuratti, Carlos",,NO,
GIOSEFFI PEDRO,"Gioseffi, Pedro",,NO,
GALLO NICOLAS,"Gallo, Nicolas",,NO,
DEL GROSSO PASCUAL,"Del Grosso, Pascual",,NO,
LIDIA MIRTA PEREZ,"Perez, Mirta Lidia",,NO,
CARMEN DEL MARIA STRACQUADAINI,"Stracquadaini, Maria del Carmen",,NO,
DE LYDIA NORMA VARRA ZEA,"Varra de Zea, Norma Lydia",,NO,
ANGELICA GUERRA,"Guerra, Angelica",,NO,
DIEGO EDUARDO NOVOA,"Novoa, Diego Eduardo",,NO,
HUGO MARCELO VILLEGAS,"Villegas, Hugo Marcelo",,NO,
CANEVARO CARLOS JUAN,"Canevaro, Juan Carlos",,NO,
DAVID PEREZ SERGIO,"Perez, Sergio David",,NO,
CRISTINA DE MARIA POLLA RODOLFO,"Rodolfo de Polla, Maria Cristina",,NO,
ANGELICA DE DELGADO MARIA ROCA,"Delgado de Roca, Maria Angelica",,NO,
DE ELENA GIULI MARTA PENELO,"Giuli de Penelo, Marta Elena",,NO,
BEATRIZ DE LOPEZ MARIA PIZZARELLI,"Lopez de Pizzarelli, Maria Beatriz",,NO,
ALEJANDRO DE LUIS PRIEGO,"De Priego, Alejandro Luis",,NO,
FERNANDO JOSE MONTI,"Monti, Jose Fernando",,NO,
BAUTISTA JUAN RODRIGUEZ,"Rodriguez, Juan Bautista",,NO,
ANGEL ANIBAL FORTINO,"Fortiño, Anibal Angel",,NO,
EDUARDO ENRIQUEZ,"Enriquez, Eduardo",,NO,
BERENGER EDUARDO,"Berenger, Eduardo",,NO,
DAFINOTTI NESTOR,"Dafinotti, Nestor",,NO,
ADOLFO RESNIK,"Resnik, Adolfo",,NO,
ALIVERVI BUGALLO CARLOS JUAN,"Bugallo, Juan Carlos Alivervi",,NO,
LANZANI LEONARDO,"Lanzani, Leonardo",,NO,
ANTONIO BULANIKIAN LEANDRO,"Bulanikian, Leandro Antonio",,NO,
CARDO DANIELA,"Cardo, Daniela",,NO,
DANIEL PESO,"Peso, Daniel",,NO,
FLORENCIA KESSEL,"Kessel, Florencia",,NO,
CLAUDIO GRAPPI,"Grappi, Claudio",,NO,
JUAN MIRO,"Miro, Juan",,NO,
AGUSTIN RAMARI,"Ramari, Agustin",,NO,
HOCHBAUM SILVIO,"Hochbaum, Silvio",,NO,
CAMPAGNA JORGE,"Campagna, Jorge",,NO,
NICOLAS VITAL,"Vital, Nicolas",,NO,
BARROS CARAMES JORGE,"Carames, Jorge Barros",,NO,
GONZALEZ JAVIER,"Gonzalez, Javier",,NO,
GERARDO MENDEZ,"Mendez, Gerardo",,NO,
BOMBEN ROMINA,"Bomben, Romina",,NO,
ALBENDIN NICOLAS,"Albendin, Nicolas",,NO,
ALEJANDRA MARIA URIA,"Uria, Maria Alejandra",,NO,
DIEGO MARTIN RESNIK,"RESNIK, DIEGO MARTIN",,NO,
AMADEO JORGE SALERNO,"SALERNO, JORGE AMADEO",,NO,
ANTONIO PIERRES,"Pierres, Antonio",,NO,
DARIO POMBO RUBEN,"Pombo, Ruben Dario",,NO,
ALEJANDRO HORACIO ROMERO,"ROMERO, ALEJANDRO HORACIO",,NO,
ANTONIO HECTOR VENTRICE,"Ventrice, Antonio Hector",,NO,
EZEQUIEL LONGO,"Longo, Ezequiel",,NO,
ENRIQUE LICARI LUIS,"Licari, Luis Enrique",,NO,
ANGEL MARTINO MIGUEL,"Martino, Miguel Angel",,NO,
LOPEZ MANUELA MOHAMED,"Lopez Mohamed, Manuela",,NO,
ALIVERTI CARLOS ROBERTO,"ALIVERTI, ROBERTO CARLOS",,NO,
DIEGO GABRIEL SOFIA,"Sofia, Diego Gabriel",,NO,
ALEJANDRO BONINO JAVIER,"Bonino, Javier Alejandro",,NO,
CARDAMA GABRIEL GUSTAVO,"Cardama, Gabriel Gustavo",,NO,
ALAN VALLEJOS,"Vallejos, Alan",,NO,
PABLO RUGGERI,"Ruggeri, Pablo",,NO,
RODRIGO VILLAVEIRAN,"Villaveiran, Rodrigo",,NO,
CHRISTIAN MAYONE,"Mayone, Christian",,NO,
ALIVERTI ROLANDO,"Aliverti, Rolando",,NO,
ALBAJARI ALBERTO NESTOR,"ALBAJARI, ALBERTO NESTOR",,NO,
MASTROMARINO NESTOR,"Mastromarino, Nestor",,NO,
ENRIQUE FRESNO TULIO,"Fresno, Tulio Enrique",,NO,
MARIO RODOLFO SPARAPANI,"Sparapani, Mario Rodolfo",,NO,
BRUN LEANDRO SEBASTIAN,"Brun, Leandro Sebastian",,NO,
ADRIAN CHIARELLO MAXIMILIANO,"Chiarello, Adrian Maximiliano",,NO,
ANDRES LOYATO MARTIN,"Loyato, Martin Andres",,NO,
PAYASLIAN SERGIO,"Payaslian, Sergio",,NO,
ANTONIO CARLOS GARAVAGLIA,"Garavaglia, Carlos Antonio",,NO,
ANA LUCIA MALDONADO,"Maldonado, Ana Lucia",,NO,
GARCILAZO MARTIN,"Garcilazo, Martin",,NO,
ANTONIO DEL GROSSO JUAN,"Del Grosso, Juan Antonio",,NO,
CANEVA FERNANDO LUCAS,"Caneva, Lucas Fernando",,NO,
ALFREDO BERTOLDO DAMIAN,"Bertoldo, Damian Alfredo",,NO,
ANIBAL LOPEZ SERGIO,"Lopez, Sergio Anibal",,NO,
FABIAN MATIAS RODRIGUEZ,"Rodriguez, Fabian Matias",,NO,
ENRIQUEZ JULIAN,"Enriquez, Julian",,NO,
NORA NYDIA ZAPICO,"Zapico, Nydia Nora",,NO,
CAMODECA MARTIN,"Camodeca, Martin",,NO,
AMEZQUETA CARMEN DEL MARIA,"Amezqueta, Maria del Carmen",,NO,
ALEJANDRO BEJAR DANIEL,"Bejar, Alejandro Daniel",,NO,
BALDOMIR LUCIANO RODRIGO,"Baldomir, Rodrigo Luciano",,NO,
DELLEDONNE EMILIO HECTOR,"Delledonne, Hector Emilio",,NO,
DAVID LUZZA NICOLAS,"Luzza, David Nicolas",,NO,
MANFREDI RICARDO,"Manfredi, Ricardo",,NO,
COSTA EDGARDO FABIAN,"Costa, Edgardo Fabian",,NO,
DEL MEDINA OSCAR VALLE,"Medina, Oscar del Valle",,NO,
DIEGO LOMBARDO MARTIN,"Lombardo, diego Martin",,NO,
ARGENTINA LETTIERI OLGA,"Lettieri, Olga Argentina",,NO,
ALBERTO CARLOS RIZZO,"Rizzo, Carlos Alberto",,NO,
CARLA DE JOSE SANDRO,"De Carla, Jose Sandro",,NO,
CESAR GUILLERMO VISCARDI,"Viscardi, guillermo cesar",,NO,
EDUARDO JAVIER SALVADOR,"Salvador, Eduardo Javier",,NO,
DAMIAN DIAZ MAURO,"Diaz, Damian Mauro",,NO,
CARRASCO EMANUEL JAVIER MARIANO,"Carrasco, Mariano Javier Emanuel",,NO,
CARLOS MARCELO SCHIAVONE,"SCHIAVONE, CARLOS MARCELO",,NO,
ARIEL JORGE SALERNO,"Salerno, Jorge Ariel",,NO,
ANTONIO CARLOS SCHIAVONE,"Schiavone, Carlos Antonio",,NO,
ANGELICA DELGADO MARIA,"Delgado, Maria Angelica",,NO,
JALED MANUEL NORBERTO,"JALED, NORBERTO MANUEL",,NO,
ROCA RODOLFO,"Roca, Rodolfo",,NO,
CAMODECA ROBERTO,"Camodeca, Roberto",,NO,
BUSSO HAYDEE,"BUSSO, HAYDEE",,NO,
ANTONIO ENRIQUE PEDRO,"Pedro, Antonio Enrique",,NO,
FRANCISCO JORGE ROMANELLI,"Romanelli, Francisco Jorge",,NO,
ALBERTO CARLOS GARCIA ORLANDO,"Garcia, Carlos Alberto Orlando",,NO,
ALBERTO GONTINAS MANUEL,"GONTIÑAS, ALBERTO MANUEL",,NO,
KIROVSKY NESTOR,"Kirovsky, Nestor",,NO,
CARLOS JAVIER SOSA,"Sosa, Carlos Javier",,NO,
MARIANO PABLO SIGAL,"Sigal, Pablo Mariano",,NO,
MAURO SANTALLA,"Santalla, Mauro",,NO,
BARBA CARLOS,"Barba, Carlos",,NO,
BRIUOLI HERNAN NORBERTO,"Briuoli, Hernan Norberto",,NO,
AMIGO JUAN MANUEL PEREZ,"Perez, Amigo Manuel Juan",,NO,
ANGEL BLANCO ERNESTO,"Blanco, Ernesto Angel",,NO,
CAVALLERI FRANCISCO OSVALDO,"Cavalleri, Francisco Osvaldo",,NO,
HECTOR JOSE ROMANO,"Romano, Hector Jose",,NO,
LAINO PASCUAL,"Laino, Pascual",,NO,
CIVES GENEROSO JOSE LEMA,"Lema Cives, Generoso Jose",,NO,
HECTOR MARCHESE,"Marchese, Hector",,NO,
DE JUAN PABLO SENA,"De Sena, Juan Pablo",,NO,
ANDRES FANTIL FERNANDEZ PABLO,"Fernandez Fantil, Andres Pablo",,NO,
MARIANO SERRANTES,"Serrantes, Mariano",,NO,
ARIEL DAMIAN GENOVESSE,"Genovesse, Damian Ariel",,NO,
DANIEL STELLA,"Stella, Daniel",,NO,
MENEHEM OMAR,"Menehem, Omar",,NO,
ALEJANDRO SOMOZA,"Somoza, Alejandro",,NO,
DELFA GUILLERMO LA PABLO REGNER,"La Delfa Regner, Pablo Guillermo",,NO,
CRISTIAN PABLO RODRIGUEZ,"Rodriguez, Pablo Cristian",,NO,
FRANCISCO PALADINO,"Paladino, Francisco",,NO,
LAMNENS MATIAS,"Lamnens, Matias",,NO,
ALBANESI PABLO,"Albanesi, Pablo",,NO,
ARIEL CROCCITA,"Croccita, Ariel",,NO,
JUNCAL MARTIN SEBASTIAN,"Juncal, Sebastian Martin",,NO,
ADRIANO MIRANDA,"Miranda, Adriano",,NO,
BUZZO DARIO RODRIGUEZ,"Rodriguez Buzzo, Dario",,NO,
JORGE TRIGO VICTOR,"Trigo, Victor Jorge",,NO,
EDUARDO LUIS PESSOLANO,"Pessolano, Luis Eduardo",,NO,
D ESTEFANO MARIANA,"D'Estefano, Mariana",,NO,
ALEJANDRO FERNANDEZ,"Fernandez, Alejandro",,NO,
ALEJANDRO CENTANARO MARTIN,"Centanaro, Martin Alejandro",,NO,
BALBOA CARLOS,"Balboa, Carlos",,NO,
MARTINA NOAILLES,"Noailles, Martina",,NO,
FERNANDEZ JUAN MANUEL,"Fernandez, Juan Manuel",,NO,
JAVIER RINALDI,"Rinaldi, Javier",,NO,
CARLOS SANCHEZ,"Sanchez, Carlos",,NO,
GASTON GUFFANTI LUCAS,"Guffanti, Gaston Lucas",,NO,
MARTIN NICOLAS SAN,"San Martin, Nicolas",,NO,
LAURO RAFAEL,"Lauro, Rafael",,NO,
MOLINA SABRINA,"Molina, Sabrina",,NO,
FERNANDO GARAY SEQUEIRA,"Garay Sequeira, Fernando",,NO,
LEANDRO PESSANO,"Pessano, Leandro",,NO,
ORTIZ PABLO,"Ortiz, Pablo",,NO,
JOSE MARTINO SANCHEZ,"Sanchez Martino, Jose",,NO,
ABDO CARLOS,"Abdo, Carlos",,NO,
CLAUDIO DI MEGLIO,"Di Meglio, Claudio",,NO,
EDI ROBERTO,"Edi, Roberto",,NO,
MONNER RAMIRO SANS,"Monner Sans, Ramiro",,NO,
CARLOS DATRIA,"Datria, Carlos",,NO,
EDUARDO JOSE RUSSO,"Russo, Jose Eduardo",,NO,
FABIAN SCHWAN,"Schwan, Fabian",,NO,
ALDREY JORGE,"Aldrey, Jorge",,NO,
HECTOR JOSE PEPE VAZQUEZ,"Vazquez, ""Pepe"" Jose Hector",,NO,
GUILLERMO ZOPPI,"Zoppi, Guillermo",,NO,
PERRONI ROBERTO,"Perroni, Roberto",,NO,
LARRANDART NESTOR,"Larrandart, Nestor",,NO,
JUAREZ OSVALDO,"Juarez, Osvaldo",,NO,
RICARDO SARINELLI,"Sarinelli, Ricardo",,NO,
AMAT JAVIER,"Amat, Javier",,NO,
JOSE MIRANDA,"Miranda, Jose",,NO,
DANIEL STASEVICH,"Stasevich, Daniel",,NO,
GOSSO LUIS,"Gosso, Luis",,NO,
OSCAR ROMERO,"Romero, Oscar",,NO,
LOPEZ LUIS,"Lopez, Luis",,NO,
GARCILAZO PABLO,"Garcilazo, Pablo",,NO,
CULTRARO GUSTAVO,"Cultraro, Gustavo",,NO,
AUGUSTO CESAR DEYMONNAZ,"Deymonnaz, Cesar Augusto",,NO,
CARLOS MALATESTA,"Malatesta, Carlos",,NO,
DANIEL SEDE,"Sede, Daniel",,NO,
DANIEL JORGE MASSIRONI,"Massironi, Daniel Jorge",,NO,
GABRIEL SODANO,"Sodano, Gabriel",,NO,
ALIVERTI BUGALLO CARLOS JUAN,"Aliverti Bugallo, Juan Carlos",,NO,
RIBAS ROBERTO,"Ribas, Roberto",,NO,
GIULIBONI JORGE,"Giuliboni, Jorge",,NO,
HORACIO MANGONE OSCAR,"Mangone, Oscar Horacio",,NO,
DANIELA OLIVETTO,"Olivetto, Daniela",,NO,
OSCAR RIZZO,"Rizzo, Oscar",,NO,
AGUSTIN CIORCIARI,"Ciorciari, Agustin",,NO,
CAMPOS FERNANDO SALVA,"Campos Salva, Fernando",,NO,
DAMASO SIERRA,"Sierra, Damaso",,NO,
EDGARDO HUGO RUIZ,"Ruiz, Hugo Edgardo",,NO,
BOUZON GUSTAVO,"Bouzon, Gustavo",,NO,
GABRIEL MOLINA,"Molina, Gabriel",,NO,
HECTOR MATANZO,"Matanzo, Hector",,NO,
DIAZ OMAR,"Diaz, Omar",,NO,
GIGLIO ROLANDO,"Giglio, Rolando",,NO,
GUSTAVO RODRIGUEZ,"Rodriguez, Gustavo",,NO,
OJAGNAN RUBEN,"Ojagnan, Ruben",,NO,
FEDERICO HALLE,"Halle, Federico",,NO,
ALBAMONTE FRANCISCO VOZZA,"Vozza Albamonte, Francisco",,NO,
MAURO PAGANO,"Pagano, Mauro",,NO,
CIVILE DIEGO,"Civile, Diego",,NO,
FERNANDO JORGE ROMANO,"Romano, Jorge Fernando",,NO,
LAPELOSA PABLO,"Lapelosa, Pablo",,NO,
MACAZAGA MARTIN,"Macazaga, Martin",,NO,
CARLOS MAIDANA,"Maidana, Carlos",,NO,
DANIEL SPINELLI,"Spinelli, Daniel",,NO,
GOMEZ WALTER,"Gomez, Walter",,NO,
FABIAN SOLLA,"Solla, Fabian",,NO,
BONIFACE MARIANO,"Boniface, Mariano",,NO,
ALEJANDRA COSOLI MARIA,"Cosoli, Maria Alejandra",,NO,
CECILIA GROTTOLA MARIA,"Grottola, Maria Cecilia",,NO,
DIAZ GUSTAVO,"Diaz, Gustavo",,NO,
BONIFACE MATIAS,"Boniface, Matias",,NO,
ANTONIO JOSE VAZQUEZ,"Vazquez, Jose Antonio",,NO,
GAGO MARCELO,"Gago, Marcelo",,NO,
ANDRES BRIUOLI,"Briuoli, Andres",,NO,
FERNANDEZ GONZALO LANDRO,"Fernandez Landro, Gonzalo",,NO,
BECERRA ROBERTO,"Becerra, Roberto",,NO,
ALFREDO PABLO VILLANO,"Villano, Pablo Alfredo",,NO,
ESPINOSA MARIANO,"Espinosa, Mariano",,NO,
CARLOS LORENZO ROBERTO,"Lorenzo, Roberto Carlos",,NO,
BECERRA JORGE RUBEN,"BECERRA, Ruben Jorge",,NO,
ADRIAN ARINO GONZALO,"ARIÑO, Adrian Gonzalo",,NO,
GUSTAVO LAVILLE MARCELO,"LAVILLE, Gustavo Marcelo",,NO,
DE LUCA LUIS MARIA,"DE LUCA, Luis Maria",,NO,
JULIAN LUCIANO MONASTERIO,"MONASTERIO, Luciano Julian",,NO,
DANIEL FERNANDO LOPEZ,"Lopez, Fernando Daniel",,NO,
JOSE SONORA,"SOÑORA, Jose",,NO,
ANTONIO MARAGO,"MARAGO, Antonio",,NO,
FLORENCIO JOSE PEREYRA,"PEREYRA, Florencio Jose",,NO,
ANTONIO GARCIA JOSE,"Garcia, Jose Antonio",,NO,
GONZALEZ GUIDO RAMIRO,"GONZALEZ, Ramiro Guido",,NO,
BEVACQUA DANIEL JOSE,"BEVACQUA, Jose Daniel",,NO,
LADELFA MARCELO PEDRO,"LADELFA, Marcelo Pedro",,NO,
EDUARDO ENZO ZOPPI,"ZOPPI, Enzo Eduardo",,NO,
ALBERTO LUIS SUAREZ,"SUAREZ, Luis Alberto",,NO,
ALVARO SANCHEZ,"SANCHEZ, Alvaro",,NO,
GABRIEL MARCONE OSVALDO,"MARCONE, Gabriel Osvaldo",,NO,
LEANDRO OMAR RICCHETTI,"RICCHETTI, Leandro Omar",,NO,
ALBERTO PELLEGRINO RAUL,"PELLEGRINO, Raul Alberto",,NO,
ALBERTO BERTERO LUIS,"Bertero, Luis Alberto",,NO,
ALEJANDRO CASTAGNETTI HUMBERTO,"CASTAGNETTI, Humberto Alejandro",,NO,
ANGEL CENTANARO NESTOR,"CENTANARO, Nestor Angel",,NO,
GUSTAVO HARDY JORGE,"HARDY, Gustavo Jorge",,NO,
JOSE MARIA TRIVINO VALDEZ,"Triviño Valdez, Jose Maria",,NO,
MAZEPA OMAR RODOLFO,"MAZEPA, Omar Rodolfo",,NO,
ABEL BRONDO JOSE,"BRONDO, Abel Jose",,NO,
ALBERTO DANIEL SOTTILE,"SOTTILE, Alberto Daniel",,NO,
EZEQUIEL GUFFANTI OSVALDO,"GUFFANTI, Ezequiel Osvaldo",,NO,
ARISTIDES CULOTTA FELIPE RODOLFO,"CULOTTA, Aristides Rodolfo Felipe",,NO,
OSCAR PABLO VASSALLO,"VASSALLO, Pablo Oscar",,NO,
GIACOMETTI MARIO OSCAR,"GIACOMETTI, Oscar Mario",,NO,
CAAMANO CESAR RICARDO,"Caamaño, Ricardo Cesar",,NO,
ARIEL ENRIQUE RICHETTA,"RICHETTA, Enrique Ariel",,NO,
GABRIEL MARIANO SISO,"SISO, Gabriel Mariano",,NO,
LIEBEHENZ MARCELO PABLO,"LIEBEHENZ, Marcelo Pablo",,NO,
FERNANDO HORACIO SUEIRO,"SUEIRO, Horacio Fernando",,NO,
ALBERTO ROTONDO SERGIO,"Rotondo, Sergio Alberto",,NO,
ENRIQUE RUBEN SANCHEZ,"SANCHEZ, Ruben Enrique",,NO,
CARLOS GARCIA JUAN,"GARCIA, Juan Carlos",,NO,
JAVIER LUIS MARCHEGGIANO,"MARCHEGGIANO, Luis Javier",,NO,
ANGEL MELGAR MIGUEL,"Melgar, Miguel Angel",,NO,
CARDAMA DANIEL GUSTAVO,"CARDAMA, Daniel Gustavo",,NO,
ALEJANDRO GOMEZ WALTER,"GOMEZ, Alejandro Walter",,NO,
CARLOS CLERC FERNANDO ROLANDO,"CLERC ROLANDO, Carlos Fernando",,NO,
FABIAN MORO NELSON,"MORO, Fabian Nelson",,NO,
MAXIMILIANO MONETTI REMO,"MONETTI, Maximiliano Remo",,NO,
CARLOS DE JUAN MARCO,"DE MARCO, Juan Carlos",,NO,
CALVIELLO OSCAR RAFAEL,"CALVIELLO, Rafael Oscar",,NO,
AUGUSTO DARIO DO FERNANDEZ PORTO,"FERNANDEZ DO PORTO, Dario Augusto",,NO,
ALBERTO DANIEL STANCATO,"Stancato, Daniel Alberto",,NO,
NESTOR OMAR PASCALE,"PASCALE, Nestor Omar",,NO,
ANTONIO COSTA DA LAURO,"DA COSTA LAURO, Antonio",,NO,
MAXIMILIANO PIZARRO,"PIZARRO, Maximiliano",,NO,
ALBERTO JORGE MATIAS,"MATIAS, Jorge Alberto",,NO,
DONADIO HUGO RUBEN,"DONADIO, Hugo Ruben",,NO,
EGUIA HECTOR HORACIO,"EGUIA, Hector Horacio",,NO,
ERNESTO MAXIMINO,"MAXIMINO, Ernesto",,NO,
DAL JAVIER MOLIN PABLO,"DAL MOLIN, Javier Pablo",,NO,
ESTEBAN GALAN NESTOR,"GALAN, Esteban Nestor",,NO,
ALBERTO GALARRAGA GUSTAVO,"GALARRAGA, Gustavo Alberto",,NO,
ACUNA GUSTAVO JOSE RODOLFO,"ACUÑA, Gustavo Rodolfo Jose",,NO,
CORNELIO MIGUEL,"CORNELIO, Miguel",,NO,
ALFREDO DURAN GUILLERMO,"DURAN, Guillermo Alfredo",,NO,
HERNAN JUAN LITTOLA,"Littola, Hernan Juan",,NO,
FLORIO JOSE,"FLORIO, Jose",,NO,
CARLOS DIAZ JUAN,"DIAZ, Juan Carlos",,NO,
ANTONIO BERDINAS MARIO,"BERDIÑAS, Antonio Mario",,NO,
JULIO OSCAR QUINTANA,"QUINTANA, Julio Oscar",,NO,
ANTONIO CARLOS GAVARAGLIA,"Gavaraglia, Carlos Antonio",,NO,
AYALA MARTIN,"AYALA, Martin",,NO,
DACAL GUMERSINDO MARIO,"DACAL, Gumersindo Mario",,NO,
GROTTOLA NICOLAS NORBERTO,"GROTTOLA, Norberto Nicolas",,NO,
ALBERTO ALVAREZ JORGE,"ALVAREZ, Jorge Alberto",,NO,
GUILLERMO OSVALDO SOLLA,"Solla, Osvaldo Guillermo",,NO,
JOSE VIEITEZ,"VIEITEZ, Jose",,NO,
EZEQUIEL FARAH MATIAS,"FARAH, Matias Ezequiel",,NO,
ALDO LUIS RIOLFI,"RIOLFI, Aldo Luis",,NO,
CLAUDIO GONZALEZ RAFAEL,"GONZALEZ, Claudio Rafael",,NO,
LAURENS MARTIN ROBERTO,"Laurens, Roberto Martin",,NO,
PACE RAFAEL VICENTE,"PACE, Rafael Vicente",,NO,
CHEZZIO JOSE JUAN,"CHEZZIO, Juan Jose",,NO,
ANTONIO DANIE MARCHESE,"MARCHESE, Antonio Danie",,NO,
ARTURO EGARRAT GABRIEL,"Egarrat, Gabriel Arturo",,NO,
ARIEL BECERRA CRISTIAN,"BECERRA, Cristian Ariel",,NO,
DANIEL GUILLERMO PITTALUGA,"PITTALUGA, Daniel Guillermo",,NO,
BENEDETTI ENRIQUE JORGE,"BENEDETTI, Jorge Enrique",,NO,
ALVAREZ EZEQUIEL JOSE,"ALVAREZ, Jose Ezequiel",,NO,
FABIO MARCEL OGAS,"OGAS, Fabio Marcel",,NO,
DAVID DISENFELD MARTIN,"DISENFELD, Martin David",,NO,
ANGEL MIGUEL MITELLI,"MITELLI, Miguel Angel",,NO,
ARIEL BORDOLI MARTIN,"BORDOLI, Ariel Martin",,NO,
ENRIQUE LARRANDART,"Larrandart, Enrique",,NO,
HERNAN JAVIER OGAS,"OGAS, Javier Hernan",,NO,
FERNANDO MAZZAGLIA SALVADOR,"MAZZAGLIA, Salvador Fernando",,NO,
ARCE CARLOS JUAN,"ARCE, Juan Carlos",,NO,
ARIEL MATIAS MEREGONE,"MEREGONE, Ariel Matias",,NO,
PEREZ RAUL ULISES,"PEREZ, Ulises Raul",,NO,
GARNICA HUGO ROBERTO,"GARNICA, Hugo Roberto",,NO,
ALDO ARAVENA FABIAN,"ARAVENA, Aldo Fabian",,NO,
CAPALBO MARIANO NICOLAS,"CAPALBO, Mariano Nicolas",,NO,
NORBERTO ROMEO ZACCARO,"Zaccaro, Norberto Romeo",,NO,
CARLOS GONZALEZ GUILLERMO,"GONZALEZ, Guillermo Carlos",,NO,
ANTONIO MUNDO,"MUNDO, Antonio",,NO,
ALVAREZ POUSA ROGELIO,"ALVAREZ POUSA, Rogelio",,NO,
FERNANDEZ RAUL,"Fernandez, Raul",,NO,
CARLOS JUAN PERTUZZO,"PERTUZZO, Juan Carlos",,NO,
CLAUDIO NELSON TANA,"TANA, Nelson Claudio",,NO,
ANDRES JOSE VENTRE,"VENTRE, Jose Andres",,NO,
CAO JUAN,"CAO, Juan",,NO,
ALALUF DAMIAN ESTEBAN,"ALALUF, Damian Esteban",,NO,
DE JOSE MARIA SAENZ TEJADA,"Saenz de Tejada, Jose Maria",,NO,
GERMAN NICODEMO SILVIO,"NICODEMO, Silvio German",,NO,
ANGEL DOALLO MIGUEL,"DOALLO, Miguel Angel",,NO,
CARLOS FERRADAS ROBERTO,"FERRADAS, Carlos Roberto",,NO,
ALBERTO JOSE PRAIGROD,"PRAIGROD, Jose Alberto",,NO,
FALDUTO GENARO RUBEN,"FALDUTO, Ruben Genaro",,NO,
ENRIQUEZ JULIAN PABLO,"Enriquez, Julian Pablo",,NO,
DANIEL FERNANDO PEREZ,"PEREZ, Fernando Daniel",,NO,
ENRIQUE JUAN TRIGO,"TRIGO, Juan Enrique",,NO,
FRANCISCO PAPASSO,"PAPASSO, Francisco",,NO,
ANGEL ANTONIO RABASCALL,"RABASCALL, Angel Antonio",,NO,
BASILE JOSE LUIS,"BASILE, Jose Luis",,NO,
BLOISE GENEROSO LEONARDO,"Bloise, Generoso Leonardo",,NO,
ALBERTO JOSE RODRIGUEZ,"RODRIGUEZ, Alberto Jose",,NO,
DAVERIO JORGE LUIS,"DAVERIO, Luis Jorge",,NO,
DAMIAN LOPEZ RICARDO,"LOPEZ, Ricardo Damian",,NO,
HERNAN LIONEL NEGRELLO,"NEGRELLO, Lionel Hernan",,NO,
ALBERTO HECTOR MANGONE,"MANGONE, Hector Alberto",,NO,
CARLOS IGNACIO NOLAZCO,"Nolazco, Ignacio Carlos",,NO,
RAUL ROBERTO TROIANI,"TROIANI, Roberto Raul",,NO,
ERNESTO JORGE TOMASELLI,"TOMASELLI, Jorge Ernesto",,NO,
ADRIAN NORBERTO PORCO,"PORCO, Adrian Norberto",,NO,
ALBERTO DURAN FEDERICO,"Duran, Federico Alberto",,NO,
BATLLE GONZALO PABLO SANCHEZ,"BATLLE SANCHEZ, Pablo Gonzalo",,NO,
ALBERTO GONTINAS GUSTAVO,"GONTIÑAS, Gustavo Alberto",,NO,
DI DOMINGO LORENZO,"Di Lorenzo, Domingo",,NO,
ARIEL FIGUEIRAS MAXIMILIANO,"FIGUEIRAS, Ariel Maximiliano",,NO,
GABRIEL LUZZANI RICARDO,"LUZZANI, Gabriel Ricardo",,NO,
GARCIA JOSE RAMON,"GARCIA, Jose Ramon",,NO,
JAVIER LOPEZ RODRIGO,"LOPEZ, Rodrigo Javier",,NO,
ALBERTO CARLOS LAPELOSA,"Lapelosa, Carlos Alberto",,NO,
CARIA DE JOSE SANDRO,"DE CARIA, Jose Sandro",,NO,
ARTURO CARLOS GANDARA,"GANDARA, Carlos Arturo",,NO,
CALVIELLO GRIMAL JUAN MARCOS OSCAR,"CALVIELLO GRIMAL, Juan Marcos Oscar",,NO,
CARLOS PIRONI ROMEO,"PIRONI, Carlos Romeo",,NO,
BIANCO GERMAN LEONARDO,"Bianco, Leonardo German",,NO,
ADRIAN GABRIEL LOSADA MOREIRAS,"MOREIRAS LOSADA, Gabriel Adrian",,NO,
CARLOS JUAN SERRANO,"SERRANO, Juan Carlos",,NO,
EDUARDO NORBERTO SOARES,"SOARES, Norberto Eduardo",,NO,
FERNANDO GAMBACCINI,"GAMBACCINI, Fernando",,NO,
MARZANO NORBERTO PABLO,"MARZANO, Norberto Pablo",,NO,
DAMIAN GUSTAVO MARINI,"MARINI, Damian Gustavo",,NO,
CORNELIO DAMIAN PABLO,"CORNELIO, Pablo Damian",,NO,
MARCELO MARIOSA WALTER,"MARIOSA, Marcelo Walter",,NO,
GONZALEZ HUMBERTO SALVADOR,"GONZALEZ, Humberto Salvador",,NO,
ALBERTO GUILLERMO PANUCCIO,"PANUCCIO, Guillermo Alberto",,NO,
HUGO LEONI NORBERTO,"LEONI, Norberto Hugo",,NO,
MOLTENI NILDA,"MOLTENI, Nilda",,NO,
ALEJANDRA MARIA MARTINEZ,"Martinez, Maria Alejandra",,NO,
GUSTAVO JORGE KRAPRIDIAN,"KRAPRIDIAN, Gustavo Jorge",,NO,
GERON OMAR RUBEN,"GERON, Ruben Omar",,NO,
ARIEL FERNANDO MATTIA,"MATTIA, Fernando Ariel",,NO,
GEBRUERS MARIANO NESTOR,"GEBRUERS, Nestor Mariano",,NO,
JOSE MONEA,"Monea, Jose",,NO,
ARIZA LIDIA OLGA,"ARIZA, Olga Lidia",,NO,
MIGUEL SIANO SILVIO,"SIANO, Silvio Miguel",,NO,
DIAZ ESTER HILDA,"DIAZ, Hilda Ester",,NO,
BENNARDIS OSCAR SERGIO,"BENNARDIS, Sergio Oscar",,NO,
ANGEL MARQUEZ OSVALDO,"Marquez, Angel Osvaldo",,NO,
ALANIZ AMBROSIO EDGARDO,"ALANIZ, Edgardo Ambrosio",,NO,
CARLOS FRANCISCO MARELLO,"MARELLO, Carlos Francisco",,NO,
ALBERTO SODANO,"SODANO, Alberto",,NO,
D DE JUANA MARAGO URZO,"MARAGO DE D URZO, Juana",,NO,
FABIAN LLERENA MARCELO,"LLERENA, Fabian Marcelo",,NO,
HERNANDO MARIO ZIROLLI,"Zirolli, Mario Hernando",,NO,
ANTONIO FERNANDEZ LUIS,"FERNANDEZ, Luis Antonio",,NO,
RODOLFO SILVA,"SILVA, Rodolfo",,NO,
GUIDO MARTIN OLIVETTO,"OLIVETTO, Guido Martin",,NO,
ALBERTO FRACHIA JOSE,"Frachia, Jose Alberto",,NO,
LORENZO LUIS SERGIO,"LORENZO, Sergio Luis",,NO,
ELICES FERNANDO HERNAN SOTO,"SOTO ELICES, Fernando Hernan",,NO,
BALCARCE EDUARDO JESUS OYHANART RAUL,"OYHANART BALCARCE, Raul Eduardo Jesus",,NO,
DI GUSTAVO MECO RAFAEL,"DI MECO, Rafael Gustavo",,NO,
JUAN MATIAS REY,"REY, Matias Juan",,NO,
DOMINGO JOSE MORICONI,"MORICONI, Domingo Jose",,NO,
DANIEL ORLANDO SEBASTIAN,"ORLANDO, Daniel Sebastian",,NO,
D PABLO URZO,"D URZO, Pablo",,NO,
ESPINOSA FERNANDO,"ESPINOSA, Fernando",,NO,
HECTOR MENDOZI VICENTE,"Mendozi, Vicente Hector",,NO,
CARLOS MUNIZ VICTOR,"MUÑIZ, Victor Carlos",,NO,
CAVALLO DAMIAN ESTEBAN,"CAVALLO, Esteban Damian",,NO,
FRANCISCO RANIELI,"RANIELI, Francisco",,NO,
EDUARDO HERNAN TOMASSI,"TOMASSI, Eduardo Hernan",,NO,
DIEGO PABLO SOLLA,"Solla, Pablo Diego",,NO,
CARMEN DEL MARIA PEREZ RAMOS,"RAMOS PEREZ, Maria Del Carmen",,NO,
FERNANDEZ MARCELO RODOLFO,"FERNANDEZ, Rodolfo Marcelo",,NO,
ACCAME IGNACIO JUAN,"ACCAME, Juan Ignacio",,NO,
ARIEL LEONARDO MATIAS,"MATIAS, Leonardo Ariel",,NO,
FERNANDO GARCIA JORGE,"Garcia, Jorge Fernando",,NO,
LODIGIANI NOEMI NORMA,"LODIGIANI, Noemi Norma",,NO,
ELIZABETH MARIA SUSANA ZOPPI,"ZOPPI, Maria Elizabeth Susana",,NO,
CARLOS GANINO PASCUAL,"GANINO, Carlos Pascual",,NO,
ALTOBELLI JORGE MANUEL,"Altobelli, Jorge Manuel",,NO,
LUIS MARIANO VIALE,"VIALE, Mariano Luis",,NO,
ALBERTO ANTONIO BASTIDA,"BASTIDA, Alberto Antonio",,NO,
ADRIAN DIEGO LOZANO,"LOZANO, Adrian Diego",,NO,
APECECHE MARTIN,"APECECHE, Martin",,NO,
HERMIDA JOSE LUIS SANCHEZ,"SANCHEZ HERMIDA, Jose Luis",,NO,
CLAUDIA CRISTINA FIGUEROA,"FIGUEROA, Claudia Cristina",,NO,
CARLOS CRISTIAN LONGOBARDI,"LONGOBARDI, Cristian Carlos",,NO,
ANGEL DIB VICTOR,"Dib, Victor Angel",,NO,
ALEJANDRO HERNAN MELANA,"MELANA, Alejandro Hernan",,NO,
PUTRINO ROBERTO,"PUTRINO, Roberto",,NO,
ELIAS JOSE ZAIBAC,"ZAIBAC, Jose Elias",,NO,
FEDERICO MARTIN VARSI,"VARSI, Federico Martin",,NO,
GUERRA HUGO NESTOR,"Guerra, Nestor Hugo",,NO,
ALBERTO PABLO ROTGER,"ROTGER, Pablo Alberto",,NO,
FABIAN OSCAR PASTEUR,"PASTEUR, Oscar Fabian",,NO,
JORGE LUIS PUENTE,"PUENTE, Jorge Luis",,NO,
AISA JOSE MIGUEL,"AISA, Miguel Jose",,NO,
GUILLERMO VITALE,"VITALE, Guillermo",,NO,
ALBERTO CARLOS GONZALEZ,"Gonzalez, Carlos Alberto",,NO,
EDGARDO JORGE MOEREMANS,"MOEREMANS, Edgardo Jorge",,NO,
ALICIA MARTA PALMIERI,"PALMIERI, Alicia Marta",,NO,
CORMENZANA FELIX JAVIER,"CORMENZANA, Felix Javier",,NO,
BARNES HUGO NESTOR,"BARNES, Hugo Nestor",,NO,
BALASINI LEANDRO MARTIN,"BALASINI, Leandro Martin",,NO,
DANIEL MARCOS SEHINKMAN,"Sehinkman, Marcos Daniel",,NO,
ANDRES NORBERTO SEPULVEDA,"SEPULVEDA, Norberto Andres",,NO,
CARRANZA FERNANDO MARIANO,"CARRANZA, Mariano Fernando",,NO,
CRISTIAN DANIEL RAGONESE,"RAGONESE, Cristian Daniel",,NO,
ALLO ANGEL MIGUEL,"ALLO, Miguel Angel",,NO,
DAMIAN ESTEBAN SAIZ,"Saiz, Damian Esteban",,NO,
ALEJANDRO LUIS ORDAX,"ORDAX, Alejandro Luis",,NO,
DAMIAN FRANCISCO MUNDO,"MUNDO, Francisco Damian",,NO,
DANIEL JORGE RAGONESE,"RAGONESE, Daniel Jorge",,NO,
MORENO PEDRO SIMON,"MORENO, Simon Pedro",,NO,
ALBERTO CLAUDO DIZEO,"Dizeo, Claudo Alberto",,NO,
GUSTAVO JULIO LUZZANI,"LUZZANI, Gustavo Julio",,NO,
ANTONIO AZNAR HECTOR,"AZNAR, Hector Antonio",,NO,
DANIEL GERARDO MASTROIANNI,"MASTROIANNI, Daniel Gerardo",,NO,
AZUCENA RODRIGUEZ SILVIA,"RODRIGUEZ, Silvia Azucena",,NO,
BERNARDO KARGMAN NESTOR,"KARGMAN, Nestor Bernardo",,NO,
HUGO RUBEN ZEOLI,"ZEOLI, Ruben Hugo",,NO,
ENRIQUE MILLAN RICARDO,"MILLAN, Ricardo Enrique",,NO,
CORBO MIGUEL PABLO,"Corbo, Pablo Miguel",,NO,
8927 BUSSO HAYDEE,"BUSSO, Haydee 8927",,NO,
FONTANA NORBERTO OSVALDO,"FONTANA, Osvaldo Norberto",,NO,
DARIO FERNANDO PAPA,"PAPA, Dario Fernando",,NO,
JOSE MOLINA,"Molina, Jose",,NO,
BELLA DI GUSTAVO,"DI BELLA, Gustavo",,NO,
AMADEO NATALI NORBERTO,"NATALI, Norberto Amadeo",,NO,
CHANAMPA OSCAR RUBEN,"CHANAMPA, Ruben Oscar",,NO,
MANUEL NOUCHE ROBERTO,"NOUCHE, Roberto Manuel",,NO,
ALFREDO FERNANDEZ JULIO,"Fernandez, Julio Alfredo",,NO,
FLAVIO NESSI REINALDO,"NESSI, Flavio Reinaldo",,NO,
DE ESTEBAN JAVIER MONTES OCA,"MONTES DE OCA, Esteban Javier",,NO,
ANTONIO HERNAN MUNDO,"MUNDO, Hernan Antonio",,NO,
HECTOR HORACIO ZEA,"ZEA, Hector Horacio",,NO,
ANDRES EMILIO LENCE,"LENCE, Andres Emilio",,NO,
ANGEL FRANZESE MIGUEL,"FRANZESE, Miguel Angel",,NO,
HERNAN JUNCAL RODRIGO,"JUNCAL, Hernan Rodrigo",,NO,
ALBERTO BAHAMON LUIS ZIROLLI,"ZIROLLI BAHAMON, Luis Alberto",,NO,
BUSSO DARIO NORLIS RODRIGUEZ,"RODRIGUEZ BUSSO, Dario Norlis",,NO,
FRANCISCO GEBHARDT MARIA,"GEBHARDT, Francisco Maria",,NO,
DI JOSE LUCIANO VICTOR,"DI LUCIANO, Victor Jose",,NO,
DONATI JOSE MARIA,"DONATI, Jose Maria",,NO,
ALBAMONTE ANGEL PABLO,"ALBAMONTE, Pablo Angel",,NO,
MACEDONIA MARIO RICARDO,"Macedonia, Ricardo Mario",,NO,
JOSE LUIS TORREGROSA,"Torregrosa, Jose Luis",,NO,
CARMELO PIZARRO VICENTE,"Pizarro, Carmelo Vicente",,NO,
HORACIO JORGE SANTISO,"Santiso, Horacio Jorge",,NO,
ALEJANDRO CULTURANO GUSTAVO R,"R. Culturano, Gustavo Alejandro",,NO,
GARCIA JORGE,"Garcia, Jorge",,NO,
ANGEL ENRIQUE LOPEZ,"Lopez, Angel Enrique",,NO,
ITALO JOSE MASSA,"Massa, Italo Jose",,NO,
CARLOS CAVAGNARO JUAN,"Cavagnaro, Juan Carlos",,NO,
JORGE VICENTE VILAS,"Vilas, Vicente Jorge",,NO,
LANATTA RICARDO RODOLFO,"Lanatta, Rodolfo Ricardo",,NO,
COSTA EMILIO,"Costa, Emilio",,NO,
BUCCINO OSVALDO,"Buccino, Osvaldo",,NO,
DACAL GUMERSINDO,"Gumersindo, Dacal",,NO,
ALBERTO CARLOS RIERA,"Riera, Carlos Alberto",,NO,
BOCCALATTE OMAR RUBEN,"Boccalatte, Ruben Omar",,NO,
DANIEL DANILOV JORGE,"Danilov, Daniel Jorge",,NO,
ATILIO URTIAGA VICTOR,"Urtiaga, Victor Atilio",,NO,
ALBERTO CARLOS LOPEZ,"Lopez, Carlos Alberto",,NO,
AMADEO NATALI NOBERTO,"Natali, Noberto Amadeo",,NO,
HECTOR SLUGA,"Sluga, Hector",,NO,
RAFAEL SAVINO,"Savino, Rafael",EN CONSTRUCCION,NO,
HERNAN MARTIN SAN,"San Martin, Hernan",,NO,
DAFFINOTI NESTOR,"Daffinoti, Nestor",,NO,
BIALO CHERQUIS ERNESTO,"Cherquis Bialo, Ernesto",,NO,
ALESSANDRO CARLOS D,"D'Alessandro, Carlos",,NO,
CARLOS JUAN TEMEZ,"Temez, Juan Carlos",,NO,
PALADINO PASCUAL,"Paladino, Pascual",,NO,
BELLANI EDGARDO RICARDO,"Bellani, Edgardo Ricardo",,NO,
BUTELER DELFIN,"Buteler, Delfin",,NO,
HERNAN SEOANE,"Seoane, Hernan",,NO,
HECTOR VIESCA,"Viesca, Hector",,NO,
GONZALEZ JESUS,"Gonzalez, Jesus",,NO,
GERMAN RAMIREZ,"Ramirez, German",,NO,
JORGE LAURINO,"Laurino, Jorge",,NO,
EDUARDO MEDINA,"Medina, Eduardo",,NO,
PERAL RODOLFO,"Peral, Rodolfo",,NO,
EDGARDO JORGE MOREMANS,"Moremans, Edgardo Jorge",,NO,
AGUSTIN SANCHEZ,"Sanchez, Agustin",,NO,
BERNASCHINA HECTOR,"Bernaschina, Hector",,NO,
MATAS MIGUEL,"Matas, Miguel",,NO,
HECTOR MARIO MATANZO,"Matanzo, Hector Mario",,NO,
ARGENTO ERNESTO,"Argento, Ernesto",,NO,
AVELLA RUBEN,"Avella, Ruben",,NO,
HUMBERTO MORELLO SANTOS,"Morello, Santos Humberto",,NO,
ANGEL LOPEZ,"Lopez, Angel",,NO,
ARMANDO BRITOS LUIS,"Britos, Luis Armando",,NO,
ALVAREZ JOSE M,"Alvarez, Jose M",,NO,
FERNANDO GONZALO LASTRA,"Gonzalo Lastra, Fernando",,NO,
EIRAS ENRIQUE GONZALEZ,"Gonzalez Eiras, Enrique",,NO,
AMANDA BERNARDEZ,"Bernardez, Amanda",,NO,
ALBERTO FELIPPE RAUL,"Felippe, Raul Alberto",,NO,
ALFREDO FRACHIA JORGE,"Frachia, Jorge Alfredo",,NO,
AMBROSIO D HECTOR,"D'Ambrosio, Hector",,NO,
JORGE PASTORINI,"Pastorini, Jorge",,NO,
PERETTA ROQUE,"Peretta, Roque",,NO,
MARCOLINO OSCAR,"Marcolino, Oscar",,NO,
AMBROSIO ARIEL D LEANDRO,"D'Ambrosio, Leandro Ariel",,NO,
AMBROSIO ROBERTO,"Ambrosio, Roberto",,NO,
ALEJANDRO EGLIS,"Eglis, Alejandro",,NO,
ALBERTO GUIL,"Guil, Alberto","Ex dueño de la cadena de Supermercados Norte y actual dueño de la empresa agrupecuaria Delfinagro S.A. Fue candidato a vicepresidente en 1986. Y en 2001 se convirtió en presidente del club. Bajo su gestión, se expulsó a Fernando Miele como socio, se presentó el concurso de acreedores que permitió bajar el pasivo de 45 millones de dólares/pesos a 22 millones. Fue campeón de la Copa Sudamericana 2002 y Subcampeón del Torneo Apertura 2004. Decidió no presentarse a elecciones y terminar su mandato en 2004. Fue presidente de la asamblea de representantes entre 2004 a 2007",NO,
JUAN PABLO SPERANZA,"Speranza, Juan Pablo",,NO,
RICARDO ROMERO,"Romero, Ricardo",,NO,
KONDRATIUK PEDRO,"Kondratiuk, Pedro",,NO,
CARLOS VITA,"Vita, Carlos",,NO,
GUERRA NESTOR,"Guerra, Nestor",,NO,
FERNANDO LOPEZ,"Lopez, Fernando",,NO,
MELGAR MIGUEL,"Melgar, Miguel",,NO,
LORENZO NORBERTO,"Lorenzo, Norberto",,NO,
ALBERTO DEAN,"Dean, Alberto",,NO,
HORACIO ROSAMO,"Rosamo, Horacio",,NO,
DONNARUMMA OSVALDO,"Donnarumma, Osvaldo",,NO,
GARCIA RICARDO,"Garcia, Ricardo",,NO,
FERNANDEZ JULIO TORRES,"Fernandez Torres, Julio",,NO,
JOSE MARAGO,"Marago, Jose",,NO,
DANIEL PRADO,"Prado, Daniel",,NO,
ALBERTI CARLOS JUAN,"Alberti, Juan Carlos",,NO,
ANTONIO PRADO,"Prado, Antonio",,NO,
ARGENTO JUAN,"Argento, Juan",,NO,
ANDRES MANGAS,"Mangas, Andres",,NO,
ALEJANDRO DE OYARBIDE,"De Oyarbide, Alejandro",,NO,
CENTENARO NESTOR,"Centenaro, Nestor",,NO,
MARCOS SEHINKMAN,"Sehinkman, Marcos",,NO,
FIURATTI MARTIN,"Fiuratti, Martin",,NO,
FERNANDEZ LEONARDO,"Fernandez, Leonardo",,NO,
ALBERTO SOTTILE,"Sottile, Alberto",,NO,
ENRIQUE GODOY,"Godoy, Enrique",,NO,
MAS MIGUEL,"Mas, Miguel",,NO,
DANIEL MASSINORI,"Massinori, Daniel",,NO,
GARGIULO HORACIO,"Gargiulo, Horacio",,NO,
ALBERTO ELIAS ZAIN,"Zain, Elias Alberto",,NO,
OSCAR SAIZ VICENTE,"Saiz, Oscar Vicente",,NO,
FABIAN GARCIA OSCAR,"Garcia, Fabian Oscar",,NO,
CARLOS JUAN NAVARRO,"Navarro, Juan Carlos",,NO,
HECTOR MARTIN SAN VALENTIN,"San Martin, Valentin Hector",,NO,
ALBERTO BENITO LOPEZ,"Lopez, Alberto Benito",,NO,
JULIO PASSARELLI,"Passarelli, Julio",,NO,
JORGE SABATER SAVERIO,"Sabater, Jorge Saverio",,NO,
BERNAL JOSE LUIS,"Bernal, Jose Luis",,NO,
DODARO ERNESTO,"Dodaro, Ernesto",,NO,
ALIANO RICARDO SERGIO,"Aliano, Sergio Ricardo",,NO,
BERNARSCHINA HECTOR,"Bernarschina, Hector",,NO,
DIAZ JOSE JUAN,"Diaz, Juan Jose",,NO,
AVELLA EDUARDO,"Avella, Eduardo",,NO,
GRINBERG ISAIAS RAUL,"Grinberg, Raul Isaias",,NO,
LANATA RODOLFO,"Lanata, Rodolfo",,NO,
EZEIZA MARCELO OSCAR,"Ezeiza, Marcelo Oscar",,NO,
ENRIQUE GONZALEZ,"Gonzalez, Enrique",,NO,
CASTRO JOSE,"Castro, Jose",,NO,
PIETRUSEWICZ RICARDO,"Pietrusewicz, Ricardo",,NO,
ALBERTO CASTRO CURSI JOSE,"Cursi Castro, Alberto Jose",,NO,
AUGUSTO GRILLO MARIANO,"Grillo, Mariano Augusto",,NO,
ADOLFO BOTTE,"Botte, Adolfo",,NO,
CARLOS MONTI,"Monti, Carlos",,NO,
MANUEL ROBERTO TEVES,"Teves, Manuel Roberto",,NO,
HECTOR RODRIGUEZ,"Rodriguez, Hector",,NO,
DANIEL GONZALEZ,"Gonzalez, Daniel",,NO,
GASTON SCHISANO,"Schisano, Gaston",,NO,
AMOR GONZALEZ HECTOR,"Gonzalez, Amor Hector",,NO,
CAETANO MARIA TABOAS,"Taboas Caetano, Maria",,NO,
FERRARI JUAN,"Ferrari, Juan",,NO,
NORBERTO ZACCARO,"Zaccaro, Norberto",,NO,
ANTONIO ARMESTO,"Armesto, Antonio",,NO,
CALLEGARI JULIO,"Callegari, Julio",,NO,
GALEAZZO VICENTE,"Galeazzo, Vicente",,NO,
FERNANDEZ JUAN PETTINATO,"Fernandez Pettinato, Juan",,NO,
CARBAJO PABLO,"Carbajo, Pablo",,NO,
CARLOS POLICASTRO,"Policastro, Carlos",,NO,
FERNANDEZ GUILLERMO,"Fernandez, Guillermo",,NO,
PELLIZER RODOLFO,"Pellizer, Rodolfo",,NO,
JORGE PASTORINO,"Pastorino, Jorge",,NO,
ABDEL MENEHEM,"Menehem, Abdel",,NO,
PERRONE RAFAEL,"Perrone, Rafael",,NO,
ENZO ZOPPI,"Zoppi, Enzo",,NO,
BILBAO MARIA,"Bilbao, Maria",,NO,
DERMINJIAN EDUARDO,"Derminjian, Eduardo",,NO,
ANTONIO BUCCINO,"Buccino, Antonio",,NO,
ALBERTO DE LUCCA,"De Lucca, Alberto",,NO,
CARLOS GUGLIETTI JUAN,"Guglietti, Juan Carlos",,NO,
MANUEL VARELA,"Varela, Manuel",,NO,
ALFONSO MILLAN,"Millan, Alfonso",,NO,
BREA JORGE MARIO,"Brea, Mario Jorge",,NO,
FRAGA JOSE MANUEL,"Fraga, Jose Manuel",,NO,
FRANCISCO MAZZA,"Mazza, Francisco",,NO,
ADAMEZ RUBEN,"Adamez, Ruben",,NO,
ALBERTO BALDIZZONE OSVALDO,"Baldizzone, Alberto Osvaldo",,NO,
BERNAL NESTOR,"Bernal, Nestor",,NO,
ALBERTO CARLOS GARAVAGLIA,"Garavaglia, Carlos Alberto",,NO,
ALBERTO CARLOS SACCAN,"Saccan, Carlos Alberto",,NO,
ANTONIO BUZZO MAXIMO,"Buzzo, Maximo Antonio",,NO,
LEANDRO REY SALVADOR,"Rey, Leandro Salvador",,NO,
JUAN MOLINA,"Molina, Juan",,NO,
CARLOS GARCIA JOSE,"Garcia, Carlos Jose",,NO,
ATILIO JOSE PALETTA,"Paletta, Jose Atilio",,NO,
OSVALDO OTTURI,"Otturi, Osvaldo",,NO,
ALBERTO DANIEL MAGLIULO,"Magliulo, Daniel Alberto",,NO,
DANIEL MOLL,"Moll, Daniel",,NO,
ANTONIO SIMONELLI,"Simonelli, Antonio",,NO,
RODOLFO SANTIAGO TASSANO,"Tassano, Rodolfo Santiago",,NO,
EVELIO PEDRO TAYES,"Tayes, Pedro Evelio",,NO,
CARLOS ERNESTO URE,"Ure, Carlos Ernesto",,NO,
DENTE HUGO LUIS,"Dente, Hugo Luis",,NO,
CASTRO JOSE MANUEL,"Castro, Jose Manuel",,NO,
ABEL MADEIRA,"Madeira, Abel",,NO,
ALBERTO OLMO,"Olmo, Alberto",,NO,
MIGUEL PAPPACENA RUBEN,"Pappacena, Ruben Miguel",,NO,
CARLOS DOGODA JORGE,"Dogoda, Jorge Carlos",,NO,
ANGEL OSVALDO POMBO,"Pombo, Osvaldo Angel",,NO,
JUAN NAVARRO ROBERTO,"Navarro, Roberto Juan",,NO,
FRANCISCO ORCOYEN,"Orcoyen, Francisco",,NO,
GONZALEZ LUIS PEREIRA,"Gonzalez Pereira, Luis",,NO,
LUIS NOVELLINO RAMON,"Novellino, Luis Ramon",,NO,
ANTONIO DE JOSE NIGRIS,"De Nigris, Jose Antonio",,NO,
BARRATO CARMELO LUIS,"Barrato, Carmelo Luis",,NO,
ARGENTINO COBEAGA HORACIO,"Cobeaga, Horacio Argentino",,NO,
GREGORIO GRINBERG,"Grinberg, Gregorio",,NO,
FERUGLIO PEDRO,"Feruglio, Pedro",,NO,
ALDO VICENZI,"Vicenzi, Aldo",,NO,
CAINZOS ORLANDO,"Cainzos, Orlando",,NO,
ANTONIO GARCIA MANUEL,"Garcia, Manuel Antonio",,NO,
CARLOS GARCIA SIMON,"Garcia, Carlos Simon",,NO,
ALBERTO CARLOS VAQUEIRO,"Vaqueiro, Carlos Alberto",,NO,
GERETTO OSVALDO,"Geretto, Osvaldo",,NO,
ENRIQUE IANNI RICARDO,"Ianni, Ricardo Enrique",,NO,
ALFONSO FRAGUIO JOSE,"Fraguio, Alfonso Jose",,NO,
ALBERTO BENTIVENGA JORGE,"Bentivenga, Jorge Alberto",,NO,
LAPADULA VICENTE,"Lapadula, Vicente",,NO,
ALBERTO BOUZAS CAMILO,"Bouzas, Camilo Alberto",,NO,
DE E HERNANDO M MOSQUEIRA,"""Hernando de Mosqueira, E. M""",,NO,
ABELARDO MACHUCA TOMAS,"Machuca, Abelardo Tomas",,NO,
ALBERTO ANTONIO CASCARDO,"Cascardo, Antonio Alberto",,NO,
IANELLI OSVALDO RUBEN,"Ianelli, Ruben Osvaldo",,NO,
ERNESTO FRANCISCO ROMEO,"Romeo, Francisco Ernesto",,NO,
BRUNO CAMPOROTONDO ITALO,"Camporotondo, Italo Bruno",,NO,
BLANCO HECTOR,"Blanco, Hector",,NO,
GUILLERMO RAPOSO,"Raposo, Guillermo",,NO,
CUCELI MIGUEL NATALIO,"Cuceli, Natalio Miguel",,NO,
ANGEL NICOLAS REAL,"Real, Nicolas Angel",,NO,
AGUSTI ISER OSCAR,"Agusti, Oscar Iser",,NO,
BONOMO JORGE ROQUE,"Bonomo, Jorge Roque",,NO,
BALDIZZONE DE DONATO O Z,"""Baldizzone de Donato, O. Z""",,NO,
DOLCE ROBERTO,"Dolce, Roberto",,NO,
DIAZ OMAR SIXTO,"Diaz, Omar Sixto",,NO,
ALBERTO BRUNO,"Bruno, Alberto",,NO,
HECTOR LOSINO OSVALDO,"Losino, Hector Osvaldo",,NO,
ANTONIO SALVADOR SOLUCIO,"Solucio, Antonio Salvador",,NO,
MARCOS OSCAR,"Marcos, Oscar",,NO,
BENEDETTO DI GENARO,"Di Benedetto, Genaro",,NO,
ALBERTO DE LUCA LUIS,"De Luca, Alberto Luis",,NO,
MASCI OMAR,"Masci, Omar",,NO,
ALBERTO JOSE VANZINI,"Vanzini, Jose Alberto",,NO,
FIURATTI OMAR,"Fiuratti, Omar",,NO,
ALBERTO ANTONIO PAGANO,"Pagano, Antonio Alberto",,NO,
IUDICA JORGE ROBERTO,"Iudica, Jorge Roberto",,NO,
BERNARDO TOMAS,"Tomas, Bernardo",,NO,
JORGE LEOZ NESTOR,"Leoz, Nestor Jorge",,NO,
CELSO GARCIA REY,"Rey, Celso Garcia",,NO,
DI HECTOR SALVI,"Di Salvi, Hector",,NO,
ARTURO BLASI ROBERTO,"Blasi, Arturo Roberto",,NO,
JOSE MADEIRA,"Madeira, Jose",,NO,
EDUARDO JORGE LAPADULA,"Lapadula, Eduardo Jorge",,NO,
ANIBAL COSTANZO ROGELIO,"Costanzo, Rogelio Anibal",,NO,
PELLIZER ROBERTO,"Pellizer, Roberto",,NO,
ALFREDO CASCARDO SANTOS,"Santos Cascardo, Alfredo",,NO,
DANIEL HECTOR SIMONELLI,"Simonelli, Hector Daniel",,NO,
ALFREDO CARBALLO,"Carballo, Alfredo",,NO,
ARMANDO FERNANDEZ IBER,"Fernandez, Armando Iber",,NO,
ALBERTI HUGO SANTIAGO,"Alberti, Hugo Santiago",,NO,
HOMERO SOCASTRO,"Socastro, Homero",,NO,
BERMEJO TOMAS,"Bermejo, Tomas",,NO,
DONATO NESTOR OMAR,"Donato, Nestor Omar",,NO,
ANTONIO PASSARINI,"Passarini, Antonio",,NO,
AGUILERA OSCAR RUBEN,"Aguilera, Ruben Oscar",,NO,
PASCUAL PUNTORIERO,"Puntoriero, Pascual",,NO,
ANTONIO FARAGASSO JORGE,"Faragasso, Jorge Antonio",,NO,
ANTONIO DOSDOGRAYAN,"Dosdograyan, Antonio",,NO,
BRUNO CONTE DE ELSA,"Conte de Bruno, Elsa",,NO,
FERRANTE JOSE JUAN,"Ferrante, Juan Jose",,NO,
BARBARO ELIAS,"Barbaro, Elias",,NO,
JUAN PATRIKIADIS,"Patrikiadis, Juan",,NO,
ANTONIO PACENZA,"Pacenza, Antonio",,NO,
COSCARELLI HORACIO,"Coscarelli, Horacio",,NO,
ALFREDO FREGA,"Frega, Alfredo",,NO,
FERNANDO JOSE VIETRI,"Vietri, Jose Fernando",,NO,
FRANCISCO SPAMPINATO,"Spampinato, Francisco",,NO,
ANGELICA BEATRIZ DE GUERRA NIETO,"Guerra de Nieto, Angelica Beatriz",,NO,
FELIX OLIVERA,"Olivera, Felix",,NO,
DOMINGO PALADINO,"Paladino, Domingo",,NO,
SANTIAGO STAROPOLI,"Staropoli, Santiago",,NO,
GUILLERMO OSCAR ROMANO,"Romano, Oscar Guillermo",,NO,
ALFREDO LANTARON,"Lantaron, Alfredo",,NO,
RIESCO ROBERTO,"Riesco, Roberto",,NO,
JOSE MONTES,"Montes, Jose",,NO,
ALBERTO CARLOS SACAAN,"Sacaan, Carlos Alberto",,NO,
ELIAS JOSE LOPEZ,"Lopez, Elias Jose",,NO,
OSVALDO STANCATO,"Stancato, Osvaldo",,NO,
GARCIA OMAR,"Garcia, Omar",,NO,
DE MIGUEL PEDRO,"De Miguel, Pedro",,NO,
FLORENCIO PEREYRA,"Pereyra, Florencio",,NO,
OSCAR RODRIGUEZ,"Rodriguez, Oscar",,NO,
MARCELO PACIFICO,"Pacifico, Marcelo",,NO,
FERNANDO GALINO,"Galiño, Fernando",,NO,
FRANCISCO HECTOR SABATELLI,"Sabatelli, Hector Francisco",,NO,
COLONNO HECTOR,"Colonno, Hector",,NO,
COMI JOSE,"Comi, Jose",,NO,
BALDICH DE FERNANDO,"De Baldich, Fernando",,NO,
DOMINGUEZ RAMON,"Dominguez, Ramon",,NO,
LIBORIO PUPILLO,"Pupillo, Liborio",,NO,
DANIEL LAMMENS NESTOR,"Lammens, Nestor Daniel",,NO,
HECTOR LAVANDEIRA,"Lavandeira, Hector",,NO,
AMALIA MERCEDES WALLACES,"Wallaces, Amalia Mercedes",,NO,
JOSE VEIGA,"Veiga, Jose",,NO,
DOMINGUEZ RAMIRO,"Dominguez, Ramiro",,NO,
DOMINGO LIBEATO,"Libeato, Domingo",,NO,
FRANCISCO LUIS SCORZELLI,"Scorzelli, Francisco Luis",,NO,
ALDO VINCENZI,"Vincenzi, Aldo",,NO,
GARCIA MANUEL,"Garcia, Manuel",,NO,
PIETRAPESA VICTOR,"Pietrapesa, Victor",,NO,
CARLOS ILLARA,"Illara, Carlos",,NO,
FRANCISCO MAZZEO,"Mazzeo, Francisco",,NO,
CHIARELLO ROBERTO,"Chiarello, Roberto",,NO,
JUAN RAUL WEIS,"Weis, Juan Raul",,NO,
CARLOS GIBERTONI,"Gibertoni, Carlos",,NO,
ROBERTO SPINA,"Spina, Roberto",,NO,
AGUERO AGUSTIN SOLANAS,"Solanas Aguero, Agustin",,NO,
ANOTNIO GANGILFO,"Gangilfo, Anotnio",,NO,
CARLOS OURINO,"Ourino, Carlos",,NO,
EDGARDO PANDULLO,"Pandullo, Edgardo",,NO,
FRAIZ JUAN,"Fraiz, Juan",,NO,
HORACIO SAVINI,"Savini, Horacio",,NO,
ABELARDO MACHUCA,"Machuca, Abelardo",,NO,
CASAJUS JUAN,"Casajus, Juan",,NO,
IANELLI RUBEN,"Ianelli, Ruben",,NO,
JORGE LARROCA,"Larroca, Jorge",,NO,
CARLOS LINDBERG,"Lindberg, Carlos",,NO,
MANUEL SANCHEZ,"Sanchez, Manuel",,NO,
HORACIO SALAS,"Salas, Horacio",,NO,
ALBERTO LOPEZ,"Lopez, Alberto",,NO,
ALBERTO BERARDI,"Berardi, Alberto",,NO,
JUAN PUGLIESE,"Pugliese, Juan",,NO,
GIMENEZ HECTOR,"Gimenez, Hector",,NO,
CARLOS DE JUAN MARCO NAZARENO,"De Marco, Juan Carlos Nazareno",,NO,
ANTONIO MANTEO,"Manteo, Antonio",,NO,
DONINI JOSE JUAN,"Donini, Juan Jose",,NO,
D DOMINGO ELIA,"D'Elia, Domingo",,NO,
ANGEL GALOTTO LUIS,"Galotto, Luis Angel",,NO,
JUAN ORIOLO,"Oriolo, Juan",,NO,
BUTTELER DELFIN,"Butteler, Delfin",,NO,
BRUNO CONTE DE ELSA LUISA,"Conte de Bruno, Luisa Elsa",,NO,
MARATEA VICENTE,"Maratea, Vicente",,NO,
DAVEIRO EVARISTO,"Daveiro, Evaristo",,NO,
DEL MANFREDI NICOLAS VALLE,"Manfredi, Nicolas del Valle",,NO,
DAVEIRO JUAN LUIS,"Daveiro, Luis Juan",,NO,
JESUS VAZQUEZ,"Vazquez, Jesus",,NO,
ANTONIO SGANGA,"Sganga, Antonio",,NO,
ANGEL MARIANI MIGUEL,"Mariani, Miguel Angel",,NO,
CARAMES LUIS,"Carames, Luis",,NO,
ANGEL BARBAIRA OSCAR,"Barbaira, Oscar Angel",,NO,
LUIS MORENO,"Moreno, Luis",,NO,
LORENZO RAMUS,"Ramus, Lorenzo",,NO,
ALBERTO CARLOS FIURATTI,"Fiuratti, Carlos Alberto",,NO,
DANTE FAZZOLARIS,"fazzolaris, Dante",,NO,
CARMELO GNISCI JORIO,"Jorio Gnisci, Carmelo",,NO,
ALBERTO CASSILS,"Cassils, Alberto",,NO,
BERTETA CESAR,"Berteta, Cesar",,NO,
BENEDETTO DI GERARDO,"Di Benedetto, Gerardo",,NO,
CARLOS SCENNA,"Scenna, Carlos",,NO,
ANTONIO VOLPE,"Volpe, Antonio",,NO,
FANTANO RAUL,"Fantano, Raul",,NO,
ROQUE SCELSO,"Scelso, Roque",,NO,
JULIO REZA,"Reza, Julio",,NO,
JUAN SUREDA,"Sureda, Juan",,NO,
LUIS PLAZA,"Plaza, Luis",,NO,
ROMEO ROSSIELLI,"Rossielli, Romeo",,NO,
HECTOR LODUCA,"Loduca, Hector",,NO,
JOSE POCELLA,"Pocella, Jose",,NO,
PEDRO ZANARINI,"Zanarini, Pedro",,NO,
ANGEL FERNANDEZ,"Fernandez, Angel",,NO,
ENRIQUE ESCOBAR,"Escobar, Enrique",,NO,
MARTIN ROBERTO,"Martin, Roberto",,NO,
ALBERTO CARLOS DE SANTIS,"De Santis, Carlos Alberto",,NO,
CARLOS MONTALBAN,"Montalban, Carlos",,NO,
CARLOS NORBERTO PAFUNDO,"Pafundo, Carlos Norberto",,NO,
MARIO PASCUAL RINALDI,"Pascual Rinaldi, Mario",,NO,
ALDO MORO,"Moro, Aldo",,NO,
EDUARDO FACIAN RAMON,"Facian, Eduardo Ramon",,NO,
CARLOS MARELLO,"Marello, Carlos",,NO,
AMESPIL PATRICIO,"AMESPIL, PATRICIO",,NO,
ANDRADE MARIANO,"ANDRADE, MARIANO",,NO,
BAGLIERO HERNAN,"BAGLIERO, HERNAN",,NO,
BELATTI FABIO,"BELATTI, FABIO",,NO,
ADOLFO BOITE,"BOITE, ADOLFO",,NO,
BRIENZA MARTIN,"BRIENZA, MARTIN",,NO,
BRONDO JOSE,"BRONDO, JOSE",,NO,
CABRERA LILIANA,"CABRERA, LILIANA",,NO,
BRUNO CALABRIA,"CALABRIA, BRUNO",,NO,
CAMBAS PATRICIA,"CAMBAS, PATRICIA",,NO,
CASTEX FRANCISCO,"CASTEX, FRANCISCO",,NO,
ALEJANDRO CENTENARO MARTIN,"CENTENARO, MARTIN ALEJANDRO",,NO,
CHIAPETTA MARIANO,"CHIAPETTA, MARIANO",,NO,
COELLO KARINA,"COELLO, KARINA",,NO,
ARIEL CROCITTA,"CROCITTA, ARIEL",,NO,
AMBROSIO D SOL,"D'AMBROSIO, SOL",,NO,
DESTEFANO MARIANA,"DESTEFANO, MARIANA",,NO,
DI GUSTAVO LORENZO,"DI LORENZO, GUSTAVO",,NO,
CHRISTIAN DI PIERTO,"DI PIERTO, CHRISTIAN",,NO,
DIANDA MARTIN,"DIANDA, MARTIN",,NO,
DIP DOMINGUEZ SEBASTIAN,"DOMINGUEZ DIP, SEBASTIAN",,NO,
FERNANDEZ MENTASTI PABLO,"FERNANDEZ MENTASTI, PABLO",,NO,
ALFREDO FRASCHIA JORGE,"FRASCHIA, JORGE ALFREDO",,NO,
GARCIA JAVIER,"GARCIA, JAVIER",,NO,
GEBHARDT MARCELO,"GEBHARDT, MARCELO",,NO,
GIACOVINO MARIANO,"GIACOVINO, MARIANO",,NO,
CHRISTIAN GONZALEZ,"GONZALEZ, CHRISTIAN",,NO,
INCERA LUIS,"INCERA, LUIS",,NO,
IGNACIO JIMENEZ,"JIMENEZ, IGNACIO",,NO,
FABIAN KRUNFLI,"KRUNFLI, FABIAN",,NO,
DANIEL LARRONA VICENTE,"LARRONA, DANIEL VICENTE",,NO,
DARIO LASCHERA,"LASCHERA, DARIO",,NO,
ESTEFANIA LAVIERI,"LAVIERI, ESTEFANIA",,NO,
ALAN LENCE,"LENCE, ALAN",,NO,
ANIBAL HORACIO LETITO,"LETITO, HORACIO ANIBAL",,NO,
ANDREA LO VOTRICO,"LO VOTRICO, ANDREA",,NO,
LOZA MARCELO,"LOZA, MARCELO",,NO,
MANDRI RUBEN,"MANDRI, RUBEN",,NO,
ANGEL LUIS MARTINEZ,"MARTINEZ, LUIS ANGEL",,NO,
ANGEL HECTOR MAZZENA,"MAZZENA, HECTOR ANGEL",,NO,
MENDEZ RUBEN,"MENDEZ, RUBEN",,NO,
ADRIANO MANUEL MIRANDA,"MIRANDA, ADRIANO MANUEL",,NO,
GUSTAVO MIYAR,"MIYAR, GUSTAVO",,NO,
OJAGAN RUBEN,"OJAGAN, RUBEN",,NO,
EUGENIO RAMADE,"RAMADE, EUGENIO",,NO,
ALICIA RILO,"RILO, ALICIA",,NO,
FERNANDO RIVA ZUCHELLI,"RIVA ZUCHELLI, FERNANDO",,NO,
CARLA ROSAS SABRINA,"ROSAS, SABRINA CARLA",,NO,
ITUARTE JULIO RAFAEL SANCHEZ,"SANCHEZ ITUARTE, JULIO RAFAEL",,NO,
RAUL SANCHEZ,"SANCHEZ, RAUL",,NO,
HORACIO SANTISO,"SANTISO, HORACIO",,NO,
GUSTAVO SUAREZ,"SUAREZ, GUSTAVO",,NO,
JAVIER TERNS,"TERNS, JAVIER",,NO,
DARIO TORREGROSA,"TORREGROSA, DARIO",,NO,
ADRIAN TRIPODI,"TRIPODI, ADRIAN",,NO,
EZEQUIEL LEANDRO VIDAL,"VIDAL, LEANDRO EZEQUIEL",,NO,
CARLOS GARCIA,"GARCIA, CARLOS",,NO,
NAVARRO ROBERTO,"Navarro, Roberto",,NO,
COMI JORGE,"Comi, Jorge",,NO,
CARLOS SACAAN,"Sacaan, Carlos",,NO,
COLONIO HECTOR,"Colonio, Hector",,NO,
CARLOS GIARDONI,"Giardoni, Carlos",,NO,
IGNACIO NOLASCO,"Nolasco, Ignacio",,NO,
ABDEL MADEIRA,"Madeira, Abdel",,NO,
GUERRA NESTOS,"Guerra, Nestos",,NO,
HABIB HECTOR,"Habib, Hector",,NO,
BERNARDO CAINZOS,"Cainzos, Bernardo",,NO,
ANTONIO ARTESA,"Artesa, Antonio",,NO,
FRANCISCO NIGRO,"Nigro, Francisco",,NO,
KOPP REYNALDO,"Kopp, Reynaldo",,NO,
ARTURO DEVINCENTE,"Devincente, Arturo",,NO,
CREMONE DOMINGO,"Cremone, Domingo",,NO,
ANDELSMAN RICARDO,"Andelsman, Ricardo",,NO,
BEATI RICARDO,"Beati, Ricardo",,NO,
BONERA JOAQUIN,"Bonera, Joaquin",,NO,
MARIANO MORIONES,"Moriones, Mariano",,NO,
RICARDO TEMI,"Temi, Ricardo",,NO,
COBEAGA HORACIO,"Cobeaga, Horacio",,NO,
LEANDRO REY,"Rey, Leandro",,NO,
DI MARCOS TARANDO,"Di Tarando, Marcos",,NO,
GIULIANO PANTALEON,"Pantaleon, Giuliano",,NO,
ENRIQUE FOSCALDI,"Foscaldi, Enrique",,NO,
CARRA FRANCISCO OSVALDO,"Osvaldo Carra, Francisco",,NO,
FULLONE OSCAR,"Fullone, Oscar",,NO,
ALBERTO BALDIZZONE,"Baldizzone, Alberto",,NO,
ARAUJO CARLOS GONZALEZ,"Gonzalez Araujo, Carlos",,NO,
AGUIRRE RAUL,"Aguirre, Raul",,NO,
GIGANTI HUGO,"Giganti, Hugo",,NO,
CARLOS JUAN SOTTILE,"Sottile, Juan Carlos",,NO,
BREA MARIO,"Brea, Mario",,NO,
CANO JOSE,"Caño, Jose",,NO,
CARLOS MONTI NORBERTO,"Monti, Carlos Norberto",,NO,
DIEGUEZ JESUS,"Dieguez, Jesus",,NO,
DOMINGO FREGA HECTOR,"Frega, Domingo Hector",,NO,
EDUARDO ESTEBAN LEMOINE,"Lemoine, Eduardo Esteban",,NO,
JESUS NORBERTO PEREZ,"Perez, Jesus Norberto",,NO,
BENSO MODESTO,"Benso, Modesto",,NO,
BONINA VICENTE,"Bonina, Vicente",,NO,
HECTOR MARTIN SAN,"San Martin, Hector",,NO,
FALCON JOSE,"Falcon, Jose",,NO,
DAGUERRE ROBERTO,"Daguerre, Roberto",,NO,
ROBERTO STERIA,"Steria, Roberto",,NO,
OSVALDO VALINO,"Valiño, Osvaldo",,NO,
AVIGLIANO C,"Avigliano, C",,NO,
HUGO WENCENBLEUN,"Wencenbleun, Hugo",,NO,
KISLEI KROCHMAI,"Krochmai, Kislei",,NO,
COSENTINO MIGUEL,"Cosentino, Miguel",,NO,
CAMPENNI JOSE,"Campenni, Jose",,NO,
CANALE N,"Canale, N",,NO,
DEVLONO JUAN,"Devlono, Juan",,NO,
CARLOS URE,"Ure, Carlos",,NO,
BALDRICH DE FERNANDO,"De Baldrich, Fernando",,NO,
ALDO RODRIGUEZ,"Rodriguez, Aldo",,NO,
OSCAR VAQUERO,"Vaquero, Oscar",,NO,
BENEDETTI HIPOLITO ORFILIO,"Benedetti, Orfilio Hipolito",,NO,
ALBERTO GUIDA,"Guida, Alberto",,NO,
CABRERA MARIO,"Cabrera, Mario",,NO,
J MARZITELLI,"Marzitelli, J",,NO,
CAMPILONGO M,"Campilongo, M",,NO,
GERON U,"Geron, U",,NO,
ANANN MOISES,"Anann, Moises",,NO,
JOSE JUAN PASO,"Paso, Juan Jose",,NO,
ANTONIO PAGANO,"Pagano, Antonio",,NO,
GURFINKEL RAFAEL,"Gurfinkel, Rafael",,NO,
BENEDETTI OSCAR,"Benedetti, Oscar",,NO,
JORGE PEREZ RAUL,"Perez, Jorge Raul",,NO,
JORGE SANZ,"Sanz, Jorge",,NO,
BARTOLOME LASTRETO,"Lastreto, Bartolome",,NO,
JAVIER ONEDERRA,"Oñederra, Javier",,NO,
CARLOS DI TARANTO,"Di Taranto, Carlos",,NO,
OSCAR RENDO,"Rendo, Oscar",,NO,
DORADO JORGE,"Dorado, Jorge",,NO,
CIMINO FRANCISCO,"Cimino, Francisco",,NO,
JULIO LOPEZ,"Lopez, Julio",,NO,
LONGOBARDI LUIS,"Longobardi, Luis",,NO,
ENRIQUE LAPIDO,"Lapido, Enrique",,NO,
BORELLI ROBERTO,"Borelli, Roberto",,NO,
GIMENEZ GUSTAVO JULIAN RAFAEL,"Gimenez, Rafael Gustavo Julian",,NO,
FRANCISCO IPARRAGUIRRE ORTEGA,"Ortega Iparraguirre, Francisco",,NO,
GALIMBERTI LUIS PEDRO,"Galimberti, Pedro Luis",,NO,
JUAN MACCIO,"Maccio, Juan",,NO,
ANTONIO LUIS RODRIGUEZ,"Rodriguez, Antonio Luis",,NO,
BARROS MARCELO,"Barros, Marcelo",,NO,
CORCHS FRANCISCO LLERENA,"Llerena Corchs, Francisco",,NO,
MEOLI ROBERTO,"Meoli, Roberto",,NO,
MANUEL NOVO ROBERTO SUAREZ,"Suarez Novo, Manuel Roberto",,NO,
BALERDI LEANDRO,"Balerdi, Leandro",,NO,
ROBERTO TRIGO,"Trigo, Roberto",,NO,
CANDRIANI PEDRO RICARDO,"Candriani, Pedro Ricardo",,NO,
ANGEL CANCELA ECHEGARAY GUILLERMO,"Cancela Echegaray, Guillermo Angel",,NO,
FRANCISCO SCORZELLI,"Scorzelli, Francisco",,NO,
ATILIO SOMAZZI,"Somazzi, Atilio",,NO,
GUEDES ROMULO,"Guedes, Romulo",,NO,
CARLOS RUSSO,"Russo, Carlos",,NO,
CANTILO JOSE LUIS MOREA,"Morea Cantilo, Jose Luis",,NO,
DE JOSE MARIA NEVARES,"De Nevares, ¨Jose Maria",,NO,
BATROSSE FEDERICO,"Batrosse, Federico",,NO,
AVELLANEDA NICOLAS,"Avellaneda, Nicolas",,NO,
CASTAGNINO TOMAS,"Castagnino, Tomas",,NO,
ARTURO FERNANDEZ GUILLERMO,"Fernandez, Guillermo Arturo",,NO,
CARMELO FERRONE RAFAEL,"Ferrone, Rafael Carmelo",,NO,
LICINIO SONCINI,"Soncini, Licinio",,NO,
ANGEL LUIS SARSO,"Sarso, Luis Angel",,NO,
CARLOS JUAN OTERO,"Otero, Juan Carlos",,NO,
ALBERTO PALMA ROLANDO,"Palma, Rolando Alberto",,NO,
NICOLAS OLIVETO,"Oliveto, Nicolas",,NO,
JORGE MORENO RUBEN,"Moreno, Ruben Jorge",,NO,
FERRADAS OSCAR,"Ferradas, Oscar",,NO,
MIGUEL VALINO,"Valino, Miguel",,NO,
BELLUCCI MARIO RAFAEL,"Bellucci, Mario Rafael",,NO,
ANTONIO MARIO TRIPODI,"Tripodi, Antonio Mario",,NO,
MATTEI NORBERTO PUJOLAR,"Mattei Pujolar, Norberto",,NO,
BASILIO GARCEA,"Garcea, Basilio",,NO,
CARLOS DANTE PELLEGRINI,"Pellegrini, Dante Carlos",,NO,
BLAS CAPIELLO JORGE,"Capiello, Jorge Blas",,NO,
CARLOS JUAN MUNOZ,"Muñoz, Juan Carlos",,NO,
CANTIANI GENARO,"Cantiani, Genaro",,NO,
JULIO LOPEZ SERGIO,"Lopez, Julio Sergio",,NO,
GONZALEZ JAIME,"Gonzalez, Jaime",,NO,
ADESSO NICOLAS OSVALDO,"Adesso, Osvaldo Nicolas",,NO,
CESAR EGUIA NORBERTO,"Eguia, Norberto Cesar",,NO,
JULIO PEREZ,"Perez, Julio",,NO,
JORGE PROPATO,"Propato, Jorge",,NO,
ANGOTTI FRANCISCO,"Angotti, Francisco",,NO,
MICELI NORBERTO,"Miceli, Norberto",,NO,
JOSE MAZOLA,"Mazola, Jose",,NO,
DE ITALO MARTINO,"De Martino, Italo",,NO,
FERNANDEZ SEVERINO,"Fernandez, Severino",,NO,
ALEJANDRO JATAR,"Jatar, Alejandro",,NO,
CARRA RICARDO,"Carra, Ricardo",,NO,
DEVALLE JUAN,"Devalle, Juan",,NO,
CAGNONI OSVALDO,"Cagnoni, Osvaldo",,NO,
LUCHINI OSCAR,"Luchini, Oscar",,NO,
ANGEL COLACINO,"Colacino, Angel",,NO,
MIGUEL RIZZO,"Rizzo, Miguel",,NO,
ANTONIO SCALONE,"Scalone, Antonio",,NO,
ENRIQUE PINTO,"Pinto, Enrique",,NO,
ANTONIO TORTORELLI,"Tortorelli, Antonio",,NO,
CAMINITI CARLOS JUAN,"Caminiti, Juan Carlos",,NO,
ALFREDO CERCA,"Cerca, Alfredo",,NO,
CURATOLO FLOREAL,"Curatolo, Floreal",,NO,
FITTIPALDI JULIO,"Fittipaldi, Julio",,NO,
BERNARDINO GARAGUSO,"Garaguso, Bernardino",,NO,
ABDALA HECTOR,"Abdala, Hector",,NO,
ACEVEDO MABEL,"Acevedo, Mabel",,NO,
ALFANO DAMIAN,"Alfano, Damian",,NO,
ALLARIA GERARDO,"Allaria, Gerardo",,NO,
ANGIO RICARDO,"Angio, Ricardo",,NO,
APUZZO VALERIA,"Apuzzo, Valeria",,NO,
ARCOGLIANO NICOLAS,"Arcogliano, Nicolas",,NO,
ARRIETA MARCOS,"Arrieta, Marcos",,NO,
AYUDE KARINA,"Ayude, Karina",,NO,
BALASINI LEANDRO,"Balasini, Leandro",,NO,
BARBALACE BRIAN,"Barbalace, Brian",,NO,
BARROS NICOLAS,"Barros, Nicolas",,NO,
BATTIPAGLIA LEANDRO,"Battipaglia, Leandro",,NO,
BERGERO PABLO,"Bergero, Pablo",,NO,
BERTULIO CESAR JULIO,"Bertulio, Julio Cesar",,NO,
BEVACQUA DANIEL,"Bevacqua, Daniel",,NO,
BOCCHI DULIO,"Bocchi, Dulio",,NO,
ARIEL BONINA,"Bonina, Ariel",,NO,
BORGHETTI IGNACIO,"Borghetti, Ignacio",,NO,
BOUZON NATALIA,"Bouzon, Natalia",,NO,
BRAVO VALENTIN,"Bravo, Valentin",,NO,
BRITOS DIEGO EZEQUIEL,"Britos, Diego Ezequiel",,NO,
BRIUOLI HERNAN,"Briuoli, Hernan",,NO,
BUSTOS GLADYS,"Bustos, Gladys",,NO,
CALEGARI ENRIQUE,"Calegari, Enrique",,NO,
CALLEGARI JURIO,"Callegari, Jurio",,NO,
CAMBAS LUCAS,"Cambas, Lucas",,NO,
CAMPOS ROMINA,"Campos, Romina",,NO,
CANDI DANIEL,"Candi, Daniel",,NO,
CARDOZO ROSANA,"Cardozo, Rosana",,NO,
CAMILA CARESTIA COLQUE,"Carestia Colque, Camila",,NO,
CARRIZO JORGE,"Carrizo, Jorge",,NO,
2 CARLOS CASAS JUAN,"Casas, Juan Carlos (2)",,NO,
CATERA DANIEL,"Catera, Daniel",,NO,
CENTURION LEANDRO LEZCANO,"Centurion Lezcano, Leandro",,NO,
BELEN CENTURION LEZCANO M,"Centurion Lezcano, M Belen",,NO,
CERMINARA RODOLFO,"Cerminara, Rodolfo",,NO,
CERVETTO GRACIELA,"Cervetto, Graciela",,NO,
CIBIERA JAVIER,"Cibiera, Javier",,NO,
CISNEROS WALTER,"Cisneros, Walter",,NO,
CIVIT MARTIN,"Civit, Martin",,NO,
CLAUT NATALI,"Claut, Natali",,NO,
COLMAN DARIO,"Colman, Dario",,NO,
COLOMBO NANCY,"Colombo, Nancy",,NO,
COLONNO GONZALO,"Colonno, Gonzalo",,NO,
BELEN CONTE MARIA,"Conte, Maria Belen",,NO,
CORIA FEDERICO LUIS,"Coria, Luis Federico",,NO,
CORIGLIANO DOMINGO,"Corigliano, Domingo",,NO,
ARIEL COUSO,"Couso, Ariel",,NO,
CUBERLI DIEGO,"Cuberli, Diego",,NO,
CUCELI MALVINA,"Cuceli, Malvina",,NO,
AMBROSIO D MARCELO,"D'ambrosio, Marcelo",,NO,
DANIELE MARTIN,"Daniele, Martin",,NO,
ARMANDO DARAKDJIAN,"Armando, Darakdjian.",,NO,
DE MARCO MICAELA,"De Marco, Micaela",,NO,
CARLOS DE MATTEO,"De Matteo, Carlos",,NO,
DE JOSE LEONARDO SAMPEDRO,"De Sampedro, Leonardo Jose",,NO,
DE LEONARDO MANUEL SAMPEDRO,"De Sampedro, Manuel Leonardo",,NO,
DE FERNANDO VITO,"De Vito, Fernando",,NO,
DEL GABRIEL GROSSO,"Del Grosso, Gabriel",,NO,
ALEJANDRA DELGADO MARIA,"Delgado, Maria Alejandra",,NO,
DI LORENZO SILVESTRO,"Di Silvestro, Lorenzo",,NO,
COCO DIAZ FLORENCIA MARIA,"Diaz Coco, Maria Florencia",,NO,
AZUL DIAZ MARIA,"Diaz, Maria Azul",,NO,
DODERO FRANCO,"Dodero, Franco",,NO,
ADRIAN DOMINGUEZ SERGIO,"Dominguez, Sergio Adrian",,NO,
CESAR ESCOBAR JULIO,"Escobar, Julio Cesar",,NO,
CONRADO DIEGO ESTEVEZ,"Estevez, Diego Conrado",,NO,
ESTRUCH GUILLERMO,"Estruch, Guillermo",,NO,
DANIEL FALABELLA,"Falabella, Daniel",,NO,
EMILIO FALBO,"Falbo, Emilio",,NO,
EMMANUEL FARINA,"Farina, Emmanuel",,NO,
FARRE JUAN PABLO,"Farre, Juan Pablo",,NO,
DIEGO ELBIO FERNANDEZ,"Fernandez, Diego Elbio",,NO,
FERNANDEZ FLORENCIA MARIA,"Fernandez, Maria Florencia",,NO,
AGOSTINA FERRANTE,"Ferrante, Agostina",,NO,
FIGUEIRA PATRICIA,"Figueira, Patricia",,NO,
CLAUDIA FIGUEROA,"Figueroa, Claudia",,NO,
FIONDA ROMINA,"Fionda, Romina",,NO,
FIURATTI LUIS,"Fiuratti, Luis",,NO,
ANTONIO FLIPPETTI JORGE,"Flippetti, Jorge Antonio",,NO,
FONTANELLA VANESA,"Fontanella, Vanesa",,NO,
EDUARDO FORNERO,"Fornero, Eduardo",,NO,
FIORELLA FULLE,"Fulle, Fiorella",,NO,
DOMINGUEZ GALEAZZO VICENTE,"Galeazzo, Vicente Dominguez",,NO,
DANIEL GALLEGO,"Gallego, Daniel",,NO,
GAMALLO GONZALO,"Gamallo, Gonzalo",,NO,
GAMALLO LEANDRO,"Gamallo, Leandro",,NO,
CASERTA GARCIA JOSE,"Garcia Caserta, Jose",,NO,
ARTURO GARCIA ORESTE,"Garcia, Arturo Oreste",,NO,
GARCIA MATIAS MIGUEL,"Garcia, Matias Miguel",,NO,
GAZZA SEBASTIAN,"Gazza, Sebastian",,NO,
CARLOS GENOESE OSVALDO,"Genoese, Carlos Osvaldo",,NO,
FERNANDO GIANNONI,"Giannoni, Fernando",,NO,
ALICIA GIGENA,"Gigena, Alicia",,NO,
GORENSTEIN MARTIN,"Gorenstein, Martin",,NO,
GRISOLIA SEBASTIAN,"Grisolia, Sebastian",,NO,
GRONDONA JULIETA,"Grondona, Julieta",,NO,
GUTIERREZ SEBASTIAN,"Gutierrez, Sebastian",,NO,
HERMO WALTER,"Hermo, Walter",,NO,
ALBERTO FERNANDO HERNANDEZ,"Hernandez, Fernando Alberto",,NO,
HERRERO MARIA,"Herrero, Maria",,NO,
DAMIAN IERACI LEONARDO,"Ieraci, Damian Leonardo",,NO,
IRACHETA JUAN,"Iracheta, Juan",,NO,
ISNARDI MAURO,"Isnardi, Mauro",,NO,
EMILIANO LANDESMAN,"Landesman, Emiliano",,NO,
GUSTAVO LANZIANO,"Lanziano, Gustavo",,NO,
LATTANZI SILVIA,"Lattanzi, Silvia",,NO,
GUILLERMO LAVEGLIA,"Laveglia, Guillermo",,NO,
ERNESTO LAVIERI,"Lavieri, Ernesto",,NO,
ALAN LIROSI,"Lirosi, Alan",,NO,
FEDERICO LIVORA,"Livora, Federico",,NO,
FABIAN LLENERA MARCELO,"Llenera, Fabian Marcelo",,NO,
EDUARDO LOIS,"Lois, Eduardo",,NO,
GRACIANO LOPEZ MARIA,"Lopez Graciano, Maria",,NO,
BELKIS MACIEL NELIDA,"Maciel, Belkis Nelida",,NO,
CARLOS MANGIAROTTI,"Mangiarotti, Carlos",,NO,
ANDRES HORACIO MANGONE,"Mangone, Andres Horacio",,NO,
GASTON MANOLI,"Manoli, Gaston",,NO,
DANIEL MANZANO,"Manzano, Daniel",,NO,
MARCHESE NESTOR,"Marchese, Nestor",,NO,
IMAZ MARIANI ULISES,"Mariani Imaz, Ulises",,NO,
DANISA MARINOVICH,"Marinovich, Danisa",,NO,
HERNAN MARRO,"Marro, Hernan",,NO,
DOMINGO HORACIO MARTIN,"Martin, Horacio Domingo",,NO,
AGUSTIN ANTES MARTINEZ,"Martinez Antes, Agustin",,NO,
CARLOS MAYOCHI,"Mayochi, Carlos",,NO,
MATIAS MERCADAL,"Mercadal, Matias",,NO,
MERCADO RODRIGO,"Mercado, Rodrigo",,NO,
GIULIANO MICELI,"Miceli, Giuliano",,NO,
LUCIANA MICELI,"Miceli, Luciana",,NO,
CARLOS MILBERG,"Milberg, Carlos",,NO,
JAVIER MILBERG,"Milberg, Javier",,NO,
LUCAS MOLA SALVADOR,"Mola, Lucas Salvador",,NO,
LUCA MOREL,"Morel, Luca",,NO,
BRIAN MULET,"Mulet, Brian",,NO,
HERNAN MUNDO,"MUNDO, HERNAN",,NO,
NANTON SUSANA,"Nanton, Susana",,NO,
FLAVIO NESSI REYNALDO,"NESSI, Flavio Reynaldo",,NO,
FELIX IVAN NORDENSTROM,"Nordenstrom, Ivan Felix",,NO,
JULIA NORIEGA,"Noriega, Julia",,NO,
ADRIANA NOVAIS VICTORIA,"Novais, Adriana Victoria",,NO,
MANUEL NUNEZ,"Nuñez, Manuel",,NO,
GUILLERMO OSHIRO,"Oshiro, Guillermo",,NO,
EDUARDO OVIEDO,"Oviedo, Eduardo",,NO,
CLAUS GUIDO PALADINO,"Paladino Claus, Guido",,NO,
NORBERTO PALISI,"Palisi, Norberto",,NO,
EXEQUIEL PALLARES,"Pallares, Exequiel",,NO,
CARBALLO ERIKA PALOU,"Palou Carballo, Erika",,NO,
EDUARDO PANDELO,"Pandelo, Eduardo",,NO,
CLAUDIO PANDO ROBERTO,"Pando, Claudio Roberto",,NO,
MIGUEL PAPACCENA RUBEN,"Papaccena, Ruben Miguel",,NO,
PARENGO SERGIO,"Parengo, Sergio",,NO,
NICOLAS PAZ POLITO,"Paz Polito, Nicolas",,NO,
BRIAN JORGE PEDRA,"Pedra, Jorge Brian",,NO,
AGUSTIN MATIAS PEREYRA,"Pereyra, Agustin Matias",,NO,
FLORENCIA PEREYRA,"Pereyra, Florencia",,NO,
HORACIO PEREZ RUBINO,"Perez Rubino, Horacio",,NO,
JUAN PERRONE,"Perrone, Juan",,NO,
DANIEL PISTOIA,"Pistoia, Daniel",,NO,
FEDERICO PISTOIA,"Pistoia, Federico",,NO,
JAVIER POUSTIS RUBEN,"Poustis, Ruben Javier",,NO,
MATIAS RAMIREZ,"Ramirez, Matias",,NO,
ALEJANDRO RASCOVAN,"Rascovan, Alejandro",,NO,
GUILLERMO RIAL,"Rial, Guillermo",,NO,
GONZALO RICCA,"Ricca, Gonzalo",,NO,
ALDO RIOLFI,"Riolfi, Aldo",,NO,
ROCCHIA ROQUE,"Rocchia, Roque",,NO,
ALBERTO CARLOS RODOGNO,"Rodogno, Carlos Alberto",,NO,
MARINA RODOGNO,"Rodogno, Marina",,NO,
ALEJANDRO MIGUEL RODRIGUEZ,"Rodriguez, Alejandro Miguel",,NO,
DAMIAN MARIANO RODRIGUEZ,"Rodriguez, Mariano Damian",,NO,
MARTIN RODRIGUEZ,"Rodriguez, Martin",,NO,
ARIEL GASTON ROMERO,"Romero, Gaston Ariel",,NO,
MARIANO ROVATTI,"Rovatti, Mariano",,NO,
GONZALEZ MARIELA RUIZ,"Ruiz Gonzalez, Mariela",,NO,
DE DIEGO SAENZ TEJADA,"Saenz de Tejada, diego",,NO,
ANGEL SCHIAFFINO,"Schiaffino, Angel",,NO,
EZEQUIEL MARCELO SCIGLIANO,"Scigliano, Marcelo Ezequiel",,NO,
SEOANE SILVIA,"Seoane, Silvia",,NO,
OSVALDO SEPULVEDA,"Sepulveda, Osvaldo",,NO,
CRISTIAN SGRO,"Sgro, Cristian",,NO,
CRISTIAN SGUT,"Sgut, Cristian",,NO,
MARCOS SHEINKMAN,"Sheinkman, Marcos",,NO,
MARCELO SHOKIDA,"Shokida, Marcelo",,NO,
ALBERTO CARLOS SILVA,"Silva, Carlos Alberto",,NO,
ALICIA SIMONELLI,"Simonelli, Alicia",,NO,
GABRIEL SINGH,"Singh, Gabriel",,NO,
FEDERICO JOSE STASI,"Stasi, Federico Jose",,NO,
ANGELES DE LOS MARIA SUAREZ,"Suarez, Maria de Los Angeles",,NO,
SABRINA SUAREZ,"Suarez, Sabrina",,NO,
CARLOS ENRIQUE TORINI,"Torini, Carlos Enrique",,NO,
FACUNDO TORRETA,"Torreta, Facundo",,NO,
DOMINGO PEDRO VALLE,"Valle, Pedro Domingo",,NO,
ALEJANDRO VALLONE,"Vallone, Alejandro",,NO,
MARTIN VARAS,"Varas, Martin",,NO,
ERNESTO VERA,"Vera, Ernesto",,NO,
HECTOR JORGE VIDAL,"Vidal, Hector Jorge",,NO,
RAMON VIDAL,"Vidal, Ramon",,NO,
VERONICA VIGIL,"Vigil, Veronica",,NO,
GUILLERMO VISCARDI,"Viscardi, Guillermo",,NO,
PATRICIO WALSH,"Walsh, Patricio",,NO,
FERNANDO ZARAUZA,"Zarauza, Fernando",,NO,
FRANCO ZARZA,"Zarza, Franco",,NO,
HORACIO ZARZA,"Zarza, Horacio",,NO,
VICTORIA ZARZA,"Zarza, Victoria",,NO,
NICOLAS ZUCCHET,"Zucchet, Nicolas",,NO,
CARLOS DEMARCO JUAN NAZARENO,"Demarco, Juan Carlos Nazareno",,NO,
BALDIZZONE MARCELO,"Baldizzone, Marcelo",,NO,
BELLOTTI MARIO,"Bellotti, Mario",,NO,
ALBERTO CAPALBO JULIO,"CAPALBO, Julio Alberto",,NO,
CIVLIE DIEGO,"Civlie, Diego",,NO,
DAVERIO EVARISTO JUAN,"Daverio, Juan Evaristo",,NO,
DE JOSE LUCIANO VICTOR,"De Luciano, Victor Jose",,NO,
CARLOS DELMORO JUAN,"Delmoro, Juan Carlos",,NO,
DIAZ GERARDO,"Diaz, Gerardo",,NO,
AGUSTIN DIAZ MARIANO,"Diaz, Mariano Agustin",,NO,
FELIPPE LEANDRO RAUL,"FELIPPE, Leandro Raul",,NO,
FERRO MARCELO NICOLAS,"Ferro, Nicolas Marcelo",,NO,
ALBERTO CARLOS FONTANA,"FONTANA, Carlos Alberto",,NO,
FRAIMAN JORGE LUIS,"Fraiman, Jorge Luis",,NO,
GARRIDO NOBERTO,"Garrido, Noberto",,NO,
GONZALEZ LUIS POO REINALDO,"GONZALEZ POO, Reinaldo Luis",,NO,
ELBA HERNANDO MARGARITA,"HERNANDO, Elba Margarita",,NO,
DANIEL LARRAONA VICENTE,"LARRAONA, Daniel Vicente",,NO,
CARLOS EDUARDO MANGIAROTTI,"MANGIAROTTI, Carlos Eduardo",,NO,
CARLOS MANGIORATTI,"Mangioratti, Carlos",,NO,
MARIANO MARTIN MERLO,"Merlo, Mariano Martin",,NO,
MIGUEL MOSQUERA OSCAR,"Mosquera, Oscar Miguel",,NO,
EDUARDO NOGUEIRA,"Nogueira, Eduardo",,NO,
ALEJANDRO JORGE NUNEZ,"Nuñez, Jorge Alejandro",,NO,
HERMOSILLA MIRTHA PARODI,"Parodi Hermosilla, Mirtha",,NO,
CORNEJO EDUARDO PAULUCCI,"Paulucci Cornejo, Eduardo",,NO,
ANGEL MIGUEL PEREZ,"PEREZ, Miguel Angel",,NO,
MARIANO PETRALLI,"Petralli, Mariano",,NO,
HUGO PIPARUOLO,"Piparuolo, Hugo",,NO,
DANIEL OSVALDO PISERA,"Pisera, Daniel Osvaldo",,NO,
MANUEL ROCCHIA ROQUE,"Rocchia, Roque Manuel",,NO,
FRANCISCO RODI,"Rodi, Francisco",,NO,
GUSTAVO RAMON RODRIGUEZ,"Rodriguez, Gustavo Ramon",,NO,
JORGE RODRIGUEZ,"Rodriguez, Jorge",,NO,
HECTOR RICARDO SABOR,"SABOR, Hector Ricardo",,NO,
HILDA SAPONARE,"Saponare, Hilda",,NO,
MARCELO REINALDO SOLUCIO,"SOLUCIO, Reinaldo Marcelo",,NO,
DOMINGO TALLARICO,"Tallarico, Domingo",,NO,
FRANCO TESTINO,"Testino, Franco",,NO,
CLAUDIO TOLOSA,"Tolosa, Claudio",,NO,
ANGEL MIGUEL TREGOB,"TREGOB, Miguel Angel",,NO,
RICARDO TROIANO,"Troiano, Ricardo",,NO,
ARNOLDO DER VAN ZEE,"Van der Zee, Arnoldo",,NO,
GLADYS VILLANUEVA,"Villanueva, Gladys",,NO,
MARCELO ZAIN,"Zain, Marcelo",,NO,
GRECO JOSE,"Greco, Jose",,NO,
DANIEL EDUARDO PATRISSO,"Patrisso, Daniel Eduardo",,NO,
JORGE LAURINO LUIS,"Laurino, Jorge Luis",,NO,
AMILCAR JORGE NAVARRO,"Navarro, Amilcar Jorge",,NO,
HECTOR SABATELLI,"Sabatelli, Hector",,NO,
ALBERTO HUMBERTO PEPE,"Pepe, Alberto Humberto",,NO,
HECTOR HORACIO LARROSA,"Larrosa, Hector Horacio",,NO,
MUINO NARCISO,"Muiño, Narciso",,NO,
ANSELMO DE LORI OSCAR,"De Lori, Oscar Anselmo",,NO,
IBANEZ MARTIN,"Ibañez, Martin",,NO,
GERLERO GUSTAVO LUIS,"Gerlero, Gustavo Luis",,NO,
ALEJANDRO GARCIA LIRA NESTOR,"Lira, Nestor Alejandro Garcia",,NO,
LUIS MARIANO ROVATTI,"Rovatti, Mariano Luis",,NO,
ARRIGAZI GABRIEL,"Arrigazi, Gabriel",,NO,
GOMEZ HORACIO WALTER,"Gomez, Walter Horacio",,NO,
GABRIEL GIOSEFFI PEDRO,"Gioseffi, Gabriel Pedro",,NO,
ALEJANDRO BIETTI,"Bietti, Alejandro",,NO,
GONZALEZ HERNAN MARTIN,"Gonzalez, Hernan Martin",,NO,
JUAN MANUEL MENENDEZ,"Menendez, Juan Manuel",,NO,
FISZBEIN LUCIANO,"Fiszbein, Luciano",,NO,
FRANCISCO JOSE SGANGA,"Sganga, Jose Francisco",,NO,
LUCCHINI OMAR,"Lucchini, Omar",,NO,
DOMINGO MANGIALAVORI,"Mangialavori, Domingo",,NO,
HECTOR LABANCA,"Labanca, Hector",,NO,
DANIEL RODRIGUEZ,"Rodriguez, Daniel",,NO,
CARLOS PADULKA,"Padulka, Carlos",,NO,
ALE JAVIER LUCAS,"Ale, Lucas Javier",,NO,
EDGARDO RODRIGUEZ,"Rodriguez, Edgardo",,NO,
NESTOR PRESEDO,"Presedo, Nestor",,NO,
JUAN OLIVER,"Oliver, Juan",,NO,
CARLOS NOVELLINO,"Novellino, Carlos",,NO,
LUCCHINI OSCAR,"Lucchini, Oscar",,NO,
ABRAHAM BUAMDEM,"Buamdem, Abraham",,NO,
ALBERTO CARLOS LUCCHINI,"Lucchini, Carlos Alberto",,NO,
FIZSBEIN LUCIANO,"Fizsbein, Luciano",,NO,
ARENA RUBEN,"Arena, Ruben",,NO,
CHIZZINI LEANDRO,"Chizzini, Leandro",,NO,
CARINA HENRIQUES,"Henriques, Carina",,NO,
MATIAS PICASSO,"Picasso, Matias",,NO,
GALTIERI MARIA,"Galtieri, Maria",,NO,
GERLERO GUSTAVO,"Gerlero, Gustavo",,NO,
JORGE PISARENCO,"Pisarenco, Jorge",,NO,
HUGO PEREZ,"Perez, Hugo",,NO,
ALBERTO CARLOS MAHIQUES,"Mahiques, Carlos Alberto",,NO,
GONZALEZ RAMIRO,"Gonzalez, Ramiro",,NO,
ALBERTO CASTRO CURCI JOSE,"Curci Castro, Alberto Jose",,NO,
LUCCHINI OMAR RICARDO,"Lucchini, Omar Ricardo",,NO,
GABRIEL RAGGIO,"Raggio, Gabriel",,NO,
FRAIMAN JORGE,"Fraiman, Jorge",,NO,
PEDRO VALLE,"Valle, Pedro",,NO,
CORCETTI ROBERTO,"Corcetti, Roberto",,NO,
MAIQUES PIZARENCO,"Pizarenco, Maiques",,NO,
ARGENTO DOMINGO JUAN,"Argento, Juan Domingo",,NO,
LORENZO ROBERTO,"Lorenzo, Roberto",,NO,
EMILIO VALLAZA,"Vallaza, Emilio",,NO,
EDUARDO OSCAR ROGER,"Roger, Oscar Eduardo",,NO,
KOPP REINALDO,"Kopp, Reinaldo",,NO,
CARLOS EDUARDO ROBLES,"Robles, Carlos Eduardo",,NO,
ALBERTO HUGO PISERA,"Pisera, Hugo Alberto",,NO,
ROBERTO VACCAREZZA,"Vaccarezza, Roberto",,NO,
LUCIO MAZDA,"Mazda, Lucio",,NO,
CARLOS CODA GUIDO NATAL,"Natal Coda, Carlos Guido",,NO,
EDUARDO GARCIA PULLES,"Garcia Pulles, Eduardo",,NO,
MARIO ZEROLLI,"Zerolli, Mario",,NO,
OSVALDO POMBO,"Pombo, Osvaldo",,NO,
ARZENO NESTOR,"Arzeno, Nestor",,NO,
ANGEL BARROS,"Barros, Angel",,NO,