ID_Candidato,Nombre,Año,Agrupacion,Categoria,Cargo,Electo
COSTANTINO SERGIO,"Costantino, Sergio",2026,San Lorenzo en Marcha,Comisión Directiva,Presidente,NO
COSTANTINO SERGIO,"Costantino, Sergio",2025,X Amor a San Lorenzo,Comisión Directiva,Presidente,SI
COSTANTINO SERGIO,"Costantino, Sergio",2023,X Amor a San Lorenzo,Comisión Directiva,Presidente,SI
COSTANTINO SERGIO,"Costantino, Sergio",2019,San Lorenzo Siglo XXI,Comisión Directiva,Vocal 2,SI
COSTANTINO SERGIO,"Costantino, Sergio",2016,San Lorenzo Siglo XXI,Comisión Directiva,Pro-Tesorero,SI
COSTANTINO SERGIO,"Costantino, Sergio",2013,San Lorenzo Siglo XXI,Comisión Directiva,Pro-Tesorero,SI
COSTANTINO SERGIO,"Costantino, Sergio",2012 (Extraordinaria),San Lorenzo Siglo XXI,Comisión Directiva,Vocal 11,NO
COSTANTINO SERGIO,"Costantino, Sergio",2010,Vamos San Lorenzo,Comisión Directiva,Sub-Intendente,SI
COSTANTINO SERGIO,"Costantino, Sergio",2022,San Lorenzo Querido,Comisión Directiva,,NO
COSTANTINO SERGIO,"Costantino, Sergio",2012 (EXTRAORDINARIA),San Lorenzo Siglo XXI,Comisión Directiva,,NO
CULOTTA MARCELO,"Culotta, Marcelo",2026,Orden y Progreso Sanlorencista,Comisión Directiva,Presidente,NO
CULOTTA MARCELO,"Culotta, Marcelo",2023,Orden y Progreso Sanlorencista,Comisión Directiva,Presidente,SI
CULOTTA MARCELO,"Culotta, Marcelo",2016,Cruzada por San Lorenzo,Comisión Directiva,Vice-Presidente 2º,SI
CULOTTA MARCELO,"Culotta, Marcelo",2013,Cruzada por San Lorenzo,Comisión Directiva,Vice-Presidente 2º,SI
CULOTTA MARCELO,"Culotta, Marcelo",2012 (Extraordinaria),Cruzada por San Lorenzo,Comisión Directiva,Vice-Presidente 2º,NO
CULOTTA MARCELO,"Culotta, Marcelo",2010,Cruzada por San Lorenzo,Comisión Directiva,Vice-Presidente,NO
CULOTTA MARCELO,"Culotta, Marcelo",2012 (EXTRAORDINARIA),Cruzada por San Lorenzo,Comisión Directiva,,NO
AGOTE MANUEL,"Agote, Manuel",2026,Movete Boedo Movete,Comisión Directiva,Presidente,NO
AGOTE MANUEL,"Agote, Manuel",2025,Movete Boedo Movete,Comisión Directiva,Presidente,NO
CESAR FRANCIS,"Francis, Cesar",2026,Volver a San Lorenzo,Comisión Directiva,Presidente,NO
CESAR FRANCIS,"Francis, Cesar",2025,Volver a San Lorenzo,Comisión Directiva,Presidente,NO
CESAR FRANCIS,"Francis, Cesar",2023,Volver a San Lorenzo,Comisión Directiva,Presidente,NO
CESAR FRANCIS,"Francis, Cesar",2019,Volver a San Lorenzo,Comisión Directiva,Presidente,SI
CESAR FRANCIS,"Francis, Cesar",2016,Volver a San Lorenzo,Comisión Directiva,Presidente,SI
CESAR FRANCIS,"Francis, Cesar",2013,Volver a San Lorenzo,Comisión Directiva,Presidente,SI
CESAR FRANCIS,"Francis, Cesar",2022,Volver a San Lorenzo,Comisión Directiva,,NO
NICOLAS PAPASSO,"Papasso, Nicolas",2026,Nueva Generación,Comisión Directiva,Presidente,NO
NICOLAS PAPASSO,"Papasso, Nicolas",2022,Renovación Sanlorencista,Comisión Directiva,,NO
CIPRIANO POMMIES,"Pommies, Cipriano",2026,San Lorenzo en Marcha,Comisión Directiva,Vice,NO
CIPRIANO POMMIES,"Pommies, Cipriano",2025,X Amor a San Lorenzo,Comisión Directiva,Vocal 11,SI
CIPRIANO POMMIES,"Pommies, Cipriano",2022,Siempre San Lorenzo,Comisión Directiva,,NO
CAMPOS JUAN MANUEL,"Campos, Juan Manuel",2026,Orden y Progreso Sanlorencista,Comisión Directiva,Vice-Presidente,NO
BITTA DELLA LEONARDO,"Della Bitta, Leonardo",2026,Movete Boedo Movete,Comisión Directiva,Vice-Presidente,NO
BITTA DELLA LEONARDO,"Della Bitta, Leonardo",2025,Movete Boedo Movete,Comisión Directiva,Vocal 1,NO
DANIEL DE FLORIAN,"De Florian, Daniel",2026,Volver a San Lorenzo,Comisión Directiva,Vice-Presidente,NO
DANIEL DE FLORIAN,"De Florian, Daniel",2025,Volver a San Lorenzo,Comisión Directiva,Vocal 9,NO
ANGEL GRAS,"Gras, Angel",2026,Nueva Generación,Comisión Directiva,Vice-Presidente,NO
ANGEL GRAS,"Gras, Angel",2022,Renovación Sanlorencista,Asamblea,,NO
EZEQUIEL SABOR,"Sabor, Ezequiel",2026,San Lorenzo en Marcha,Comisión Directiva,Vocal 1,NO
EZEQUIEL SABOR,"Sabor, Ezequiel",2025,X Amor a San Lorenzo,Comisión Directiva,Vocal 10,SI
EZEQUIEL SABOR,"Sabor, Ezequiel",2023,X Amor a San Lorenzo,Comisión Directiva,Vocal 4,NO
EZEQUIEL SABOR,"Sabor, Ezequiel",2012 (ASAMBLEA),Transitoria,Comisión Directiva,,SI
EZEQUIEL SABOR,"Sabor, Ezequiel",2010,Nuevo San Lorenzo,Fiscalizadora,,NO
BAUTISTA CASTAGNA JUAN,"Castagna, Juan Bautista",2026,Orden y Progreso Sanlorencista,Comisión Directiva,Vocal 1,NO
BAUTISTA CASTAGNA JUAN,"Castagna, Juan Bautista",2023,Orden y Progreso Sanlorencista,Comisión Directiva,Vocal 3,NO
LUCIA ROJAS,"Rojas, Lucia",2026,Movete Boedo Movete,Comisión Directiva,Vocal 1,NO
LUCIA ROJAS,"Rojas, Lucia",2025,Movete Boedo Movete,Comisión Directiva,Vocal 3,NO
LUCIA ROJAS,"Rojas, Lucia",2019,San Lorenzo Siglo XXI,Asamblea,43,SI
FERRERA JORGE OMAR,"Ferrera, Jorge Omar",2026,Volver a San Lorenzo,Comisión Directiva,Vocal 1,NO
FERRERA JORGE OMAR,"Ferrera, Jorge Omar",2025,Volver a San Lorenzo,Comisión Directiva,Vocal 12,NO
FERRERA JORGE OMAR,"Ferrera, Jorge Omar",2023,Volver a San Lorenzo,Comisión Directiva,Vocal 9,NO
FERRERA JORGE OMAR,"Ferrera, Jorge Omar",2019,Volver a San Lorenzo,Asamblea,8,NO
FERRERA JORGE OMAR,"Ferrera, Jorge Omar",2022,Volver a San Lorenzo,Comisión Directiva,,NO
MATIAS NOVAL,"Noval, Matias",2026,Nueva Generación,Comisión Directiva,Vocal 1,NO
MATIAS NOVAL,"Noval, Matias",2022,Renovación Sanlorencista,Comisión Directiva,,NO
DIEGO MEJUTO,"Mejuto, Diego",2026,San Lorenzo en Marcha,Comisión Directiva,Vocal 2,NO
DIEGO MEJUTO,"Mejuto, Diego",2022,Siempre San Lorenzo,Comisión Directiva,,NO
ARIEL DEAN,"Dean, Ariel",2026,Orden y Progreso Sanlorencista,Comisión Directiva,Vocal 2,NO
ARIEL DEAN,"Dean, Ariel",2023,Orden y Progreso Sanlorencista,Fiscalizadora,1,SI
WALTER WEIMANN,"Weimann, Walter",2026,Movete Boedo Movete,Comisión Directiva,Vocal 2,NO
WALTER WEIMANN,"Weimann, Walter",2025,Movete Boedo Movete,Comisión Directiva,Vocal 5,NO
FERNANDO MARCELO MEIS,"Meis, Marcelo Fernando",2026,Volver a San Lorenzo,Comisión Directiva,Vocal 2,NO
FERNANDO MARCELO MEIS,"Meis, Marcelo Fernando",2023,Volver a San Lorenzo,Fiscalizadora,1,SI
FERNANDO MARCELO MEIS,"Meis, Marcelo Fernando",2010,Nuevo San Lorenzo,Asamblea,12,NO
FERNANDO MARCELO MEIS,"Meis, Marcelo Fernando",2007,Frente San Lorenzo,Asamblea,3,SI
FERNANDO MARCELO MEIS,"Meis, Marcelo Fernando",2022,Volver a San Lorenzo,Fiscalizadora,,NO
FERNANDO MARCELO MEIS,"Meis, Marcelo Fernando",2019,Volver a San Lorenzo,Fiscalizadora,,NO
FERNANDO MARCELO MEIS,"Meis, Marcelo Fernando",2016,Volver a San Lorenzo,Fiscalizadora,,NO
FARINA GONZALO,"Fariña, Gonzalo",2026,Nueva Generación,Comisión Directiva,Vocal 2,NO
CARTA MOGLIETTA VALERIA,"Carta Moglietta, Valeria",2026,San Lorenzo en Marcha,Comisión Directiva,Vocal 3,NO
CARTA MOGLIETTA VALERIA,"Carta Moglietta, Valeria",2025,X Amor a San Lorenzo,Comisión Directiva,Vice-Presidente,SI
CARTA MOGLIETTA VALERIA,"Carta Moglietta, Valeria",2023,Boedo en Accion,Asamblea,15,SI
CARTA MOGLIETTA VALERIA,"Carta Moglietta, Valeria",2022,Boedo en Accion,Asamblea,,NO
ANA BOZZANO,"Bozzano, Ana",2026,Orden y Progreso Sanlorencista,Comisión Directiva,Vocal 3,NO
ALFREDO ALONSO,"Alonso, Alfredo",2026,Movete Boedo Movete,Comisión Directiva,Vocal 3,NO
ALFREDO ALONSO,"Alonso, Alfredo",2025,Movete Boedo Movete,Comisión Directiva,Vocal 7,NO
AGUSTINA NORDENSTROM,"Nordenstrom, Agustina",2026,Volver a San Lorenzo,Comisión Directiva,Vocal 3,NO
AGUSTINA NORDENSTROM,"Nordenstrom, Agustina",2023,Volver a San Lorenzo,Comisión Directiva,Vocal 3,SI
AGUSTINA NORDENSTROM,"Nordenstrom, Agustina",2019,Volver a San Lorenzo,Asamblea,6,SI
AGUSTINA NORDENSTROM,"Nordenstrom, Agustina",2022,Volver a San Lorenzo,Comisión Directiva,,NO
DAVID VIVIANA,"David, Viviana",2026,Nueva Generación,Comisión Directiva,Vocal 3,NO
DAVID VIVIANA,"David, Viviana",2022,Renovación Sanlorencista,Comisión Directiva,,NO
ARIEL MARTIN SAIZ,"Saiz, Martin Ariel",2026,San Lorenzo en Marcha,Comisión Directiva,Vocal 4,NO
ARIEL MARTIN SAIZ,"Saiz, Martin Ariel",2025,X Amor a San Lorenzo,Comisión Directiva,Vocal 2,SI
ARIEL MARTIN SAIZ,"Saiz, Martin Ariel",2023,X Amor a San Lorenzo,Comisión Directiva,Vocal 7,NO
ARIEL MARTIN SAIZ,"Saiz, Martin Ariel",2022,Siempre San Lorenzo,Fiscalizadora,,NO
ETMAN HERNAN WALTER,"Etman, Hernan Walter",2026,Orden y Progreso Sanlorencista,Comisión Directiva,Vocal 4,NO
ETMAN HERNAN WALTER,"Etman, Hernan Walter",2023,Orden y Progreso,Asamblea,1,SI
ETMAN HERNAN WALTER,"Etman, Hernan Walter",2012 (Extraordinaria),San Lorenzo Siglo XXI,Comisión Directiva,Vice-Presidente 2º,NO
ETMAN HERNAN WALTER,"Etman, Hernan Walter",2012 (EXTRAORDINARIA),San Lorenzo Siglo XXI,Comisión Directiva,,SI
ETMAN HERNAN WALTER,"Etman, Hernan Walter",2012 (ASAMBLEA),Transitoria,Comisión Directiva,,SI
CURUTCHET ERNESTO JUAN,"Curutchet, Juan Ernesto",2026,Movete Boedo Movete,Comisión Directiva,Vocal 4,NO
CURUTCHET ERNESTO JUAN,"Curutchet, Juan Ernesto",2025,Movete Boedo Movete,Comisión Directiva,Vocal 2,NO
CARUSO DANIEL JONATHAN,"Caruso, Jonathan Daniel",2026,Volver a San Lorenzo,Comisión Directiva,Vocal 4,NO
CARUSO DANIEL JONATHAN,"Caruso, Jonathan Daniel",2025,Volver a San Lorenzo,Comisión Directiva,Vocal 8,NO
CARUSO DANIEL JONATHAN,"Caruso, Jonathan Daniel",2023,Volver a San Lorenzo,Comisión Directiva,Vocal 10,NO
CARUSO DANIEL JONATHAN,"Caruso, Jonathan Daniel",2019,Volver a San Lorenzo,Comisión Directiva,Vocal 7,NO
CARUSO DANIEL JONATHAN,"Caruso, Jonathan Daniel",2016,Volver a San Lorenzo,Asamblea,3,SI
CARUSO DANIEL JONATHAN,"Caruso, Jonathan Daniel",2022,Volver a San Lorenzo,Asamblea,,NO
ANCAROLA GONZALO,"Ancarola, Gonzalo",2026,Nueva Generación,Comisión Directiva,Vocal 4,NO
BOUZAS RODRIGO,"Bouzas, Rodrigo",2026,San Lorenzo en Marcha,Comisión Directiva,Vocal 5,NO
BOUZAS RODRIGO,"Bouzas, Rodrigo",2025,X Amor a San Lorenzo,Comisión Directiva,Vocal 8,SI
BOUZAS RODRIGO,"Bouzas, Rodrigo",2023,X Amor a San Lorenzo,Asamblea,51,NO
CAMPOS GONZALO,"Campos, Gonzalo",2026,Orden y Progreso Sanlorencista,Comisión Directiva,Vocal 5,NO
FLORENCIA RESTUCCI,"Restucci, Florencia",2026,Movete Boedo Movete,Comisión Directiva,Vocal 5,NO
FLORENCIA RESTUCCI,"Restucci, Florencia",2025,Movete Boedo Movete,Comisión Directiva,Vocal 6,NO
BLANCO FERNANDO MUINO,"Blanco Muiño, Fernando",2026,Volver a San Lorenzo,Comisión Directiva,Vocal 5,NO
BLANCO FERNANDO MUINO,"Blanco Muiño, Fernando",2025,Volver a San Lorenzo,Comisión Directiva,Vocal 5,NO
BLANCO FERNANDO MUINO,"Blanco Muiño, Fernando",2023,Volver a San Lorenzo,Comisión Directiva,Vocal 6,NO
BLANCO FERNANDO MUINO,"Blanco Muiño, Fernando",2022,Volver a San Lorenzo,Comisión Directiva,,NO
ALESSANDRIA CLAUDIA,"Alessandria, Claudia",2026,Nueva Generación,Comisión Directiva,Vocal 5,NO
ARIEL SCHALE,"Schale, Ariel",2026,San Lorenzo en Marcha,Comisión Directiva,Vocal 6,NO
ARIEL SCHALE,"Schale, Ariel",2025,X Amor a San Lorenzo,Comisión Directiva,Vocal 7,SI
CRISCOLO PEDRO,"Críscolo, Pedro",2026,Orden y Progreso Sanlorencista,Comisión Directiva,Vocal 6,NO
CRISCOLO PEDRO,"Críscolo, Pedro",2022,Volver a San Lorenzo,Asamblea,,NO
FERNANDO FISCHER,"Fischer, Fernando",2026,Movete Boedo Movete,Comisión Directiva,Vocal 6,NO
FERNANDO FISCHER,"Fischer, Fernando",2025,Movete Boedo Movete,Comisión Directiva,Vocal 15,NO
ALVAREZ JONATHAN,"Alvarez, Jonathan",2026,Volver a San Lorenzo,Comisión Directiva,Vocal 6,NO
ALVAREZ JONATHAN,"Alvarez, Jonathan",2025,Volver a San Lorenzo,Comisión Directiva,Vocal 2,NO
ALVAREZ JONATHAN,"Alvarez, Jonathan",2023,Volver a San Lorenzo,Asamblea,16,NO
ANGEL MIGUEL SAVINO,"Savino, Miguel Angel",2026,Nueva Generación,Comisión Directiva,Vocal 6,NO
ANGEL MIGUEL SAVINO,"Savino, Miguel Angel",2023,X Amor a San Lorenzo,Comisión Directiva,Vocal 6,NO
ANGEL MIGUEL SAVINO,"Savino, Miguel Angel",2022,San Lorenzo Querido,Asamblea,,NO
CAPRIA JOSE,"Capria, Jose",2026,San Lorenzo en Marcha,Comisión Directiva,Vocal 7,NO
CAPRIA JOSE,"Capria, Jose",2025,X Amor a San Lorenzo,Comisión Directiva,Vocal 5,SI
CAPRIA JOSE,"Capria, Jose",2010,Nuevo San Lorenzo,Comisión Directiva,Secretario,NO
CAPRIA JOSE,"Capria, Jose",2007,Unidos por San Lorenzo,Comisión Directiva,Secretario,SI
CAPRIA JOSE,"Capria, Jose",2004,Unidos por San Lorenzo,Comisión Directiva,Sub-Intendente,SI
ALEJANDRO MOREIRA OSCAR,"Moreira, Alejandro Oscar",2026,Orden y Progreso Sanlorencista,Comisión Directiva,Vocal 7,NO
FRANCO ZUCCOLO,"Zuccolo, Franco",2026,Movete Boedo Movete,Comisión Directiva,Vocal 7,NO
CHAVARRIA FACUNDO,"Chavarria, Facundo",2026,Volver a San Lorenzo,Comisión Directiva,Vocal 7,NO
CARLOS PERASSI,"Perassi, Carlos",2026,Nueva Generación,Comisión Directiva,Vocal 7,NO
KARINA LEFEVRE,"LEFEVRE, KARINA",2026,San Lorenzo en Marcha,Comisión Directiva,Vocal 8,NO
KARINA LEFEVRE,"LEFEVRE, KARINA",2023,X Amor a San Lorenzo,Comisión Directiva,Vocal 3,NO
KARINA LEFEVRE,"LEFEVRE, KARINA",2019,San Lorenzo Siglo XXI,Comisión Directiva,Vocal 9,SI
KARINA LEFEVRE,"LEFEVRE, KARINA",2022,San Lorenzo Querido,Comisión Directiva,,NO
CLAUDIA COSTA DA DIAZ,"Da Costa Diaz, Claudia",2026,Orden y Progreso Sanlorencista,Comisión Directiva,Vocal 8,NO
CLAUDIA COSTA DA DIAZ,"Da Costa Diaz, Claudia",2019,Cruzada por San Lorenzo,Comisión Directiva,Vocal 6,NO
CLAUDIA COSTA DA DIAZ,"Da Costa Diaz, Claudia",2022,Siempre San Lorenzo,Asamblea,,NO
AREVALO DEL SABRINA VALLE,"Arevalo del Valle, Sabrina",2026,Movete Boedo Movete,Comisión Directiva,Vocal 8,NO
AREVALO DEL SABRINA VALLE,"Arevalo del Valle, Sabrina",2025,Movete Boedo Movete,Comisión Directiva,Vocal 16,NO
MONICA NARVAEZ,"Narvaez, Monica",2026,Volver a San Lorenzo,Comisión Directiva,Vocal 8,NO
MONICA NARVAEZ,"Narvaez, Monica",2025,Volver a San Lorenzo,Comisión Directiva,Vocal 15,NO
MONICA NARVAEZ,"Narvaez, Monica",2023,Volver a San Lorenzo,Asamblea,10,NO
MONICA NARVAEZ,"Narvaez, Monica",2022,Volver a San Lorenzo,Asamblea,,NO
BURGIN MARIELA,"Burgin, Mariela",2026,Nueva Generación,Comisión Directiva,Vocal 8,NO
ARMANDO MUZOGLU,"Muzoglu, Armando",2026,San Lorenzo en Marcha,Comisión Directiva,Vocal 9,NO
ARMANDO MUZOGLU,"Muzoglu, Armando",2025,X Amor a San Lorenzo,Comisión Directiva,Vocal 16,SI
ARMANDO MUZOGLU,"Muzoglu, Armando",2023,X Amor a San Lorenzo,Comisión Directiva,Vocal 10,NO
ARMANDO MUZOGLU,"Muzoglu, Armando",2019,San Lorenzo Siglo XXI,Asamblea,80,NO
ARMANDO MUZOGLU,"Muzoglu, Armando",2022,San Lorenzo Querido,Asamblea,,NO
DANIEL ROTELLA,"Rotella, Daniel",2026,Orden y Progreso Sanlorencista,Comisión Directiva,Vocal 9,NO
DANIEL ROTELLA,"Rotella, Daniel",2023,Orden y Progreso Sanlorencista,Comisión Directiva,Vocal 4,NO
DANIEL ROTELLA,"Rotella, Daniel",2007,Frente San Lorenzo,Comisión Directiva,Pro-Tesorero,NO
DANIEL ROTELLA,"Rotella, Daniel",2001,Unidad Azulgrana,Comisión Directiva,Vocal 7,NO
DANIEL ROTELLA,"Rotella, Daniel",2022,Renovación Sanlorencista,Comisión Directiva,,NO
DANIEL ROTELLA,"Rotella, Daniel",2019,Frente Pasión Azulgrana,Fiscalizadora,,NO
EDUARDO RODRIGUEZ,"Rodriguez, Eduardo",2026,Movete Boedo Movete,Comisión Directiva,Vocal 9,NO
EDUARDO RODRIGUEZ,"Rodriguez, Eduardo",2025,Movete Boedo Movete,Comisión Directiva,Vocal 14,NO
EDUARDO RODRIGUEZ,"Rodriguez, Eduardo",2012 (Extraordinaria),Por San Lorenzo,Comisión Directiva,Vocal 10,NO
EDUARDO RODRIGUEZ,"Rodriguez, Eduardo",2012 (EXTRAORDINARIA),Por San Lorenzo,Comisión Directiva,,NO
FELIPE LOZANO,"Lozano, Felipe",2026,Volver a San Lorenzo,Comisión Directiva,Vocal 9,NO
FELIPE LOZANO,"Lozano, Felipe",2025,Volver a San Lorenzo,Comisión Directiva,Vocal 14,NO
AGOSTINO DANIEL,"Agostino, Daniel",2026,Nueva Generación,Comisión Directiva,Vocal 9,NO
AGOSTINO DANIEL,"Agostino, Daniel",2010,Boedo en Accion,Comisión Directiva,Secretario,NO
ENRIQUE RONZONI,"Ronzoni, Enrique",2026,San Lorenzo en Marcha,Comisión Directiva,Vocal 10,NO
ENRIQUE RONZONI,"Ronzoni, Enrique",2025,X Amor a San Lorenzo,Comisión Directiva,Vocal 3,SI
ENRIQUE RONZONI,"Ronzoni, Enrique",2022,Renovación Sanlorencista,Comisión Directiva,,NO
FERREIRA MAXIMILIANO,"Ferreira, Maximiliano",2026,Orden y Progreso Sanlorencista,Comisión Directiva,Vocal 10,NO
FERRO NICOLAS,"Ferro, Nicolas",2026,Movete Boedo Movete,Comisión Directiva,Vocal 10,NO
ERTOLA PATRICIO,"Ertola, Patricio",2026,Volver a San Lorenzo,Comisión Directiva,Vocal 10,NO
ERTOLA PATRICIO,"Ertola, Patricio",2025,Volver a San Lorenzo,Comisión Directiva,Vocal 11,NO
ERTOLA PATRICIO,"Ertola, Patricio",2023,Volver a San Lorenzo,Comisión Directiva,Vocal 11,NO
ERTOLA PATRICIO,"Ertola, Patricio",2022,Volver a San Lorenzo,Comisión Directiva,,NO
EZEQUIEL LEANDRO VIDAL,"Vidal, Leandro Ezequiel",2026,Nueva Generación,Comisión Directiva,Vocal 10,NO
EZEQUIEL LEANDRO VIDAL,"Vidal, Leandro Ezequiel",2022,Renovación Sanlorencista,Fiscalizadora,,NO
GARAY GERMAN,"Garay, German",2026,San Lorenzo en Marcha,Comisión Directiva,Vocal 11,NO
MAIDANA NOEMI SILVANA,"Maidana, Silvana Noemi",2026,Orden y Progreso Sanlorencista,Comisión Directiva,Vocal 11,NO
PABLO RODRIGUEZ,"Rodriguez, Pablo",2026,Movete Boedo Movete,Comisión Directiva,Vocal 11,NO
BARROS LEONARDO,"Barros, Leonardo",2026,Volver a San Lorenzo,Comisión Directiva,Vocal 11,NO
BARROS LEONARDO,"Barros, Leonardo",2025,Volver a San Lorenzo,Comisión Directiva,Vocal 3,NO
DANIEL REIMUNDES,"Reimundes, Daniel",2026,Nueva Generación,Comisión Directiva,Vocal 11,NO
FRAIMAN NICOLAS SERGIO,"Fraiman, Sergio Nicolas",2026,San Lorenzo en Marcha,Comisión Directiva,Vocal 12,NO
FRAIMAN NICOLAS SERGIO,"Fraiman, Sergio Nicolas",2019,San Lorenzo Siglo XXI,Fiscalizadora,1,SI
FRAIMAN NICOLAS SERGIO,"Fraiman, Sergio Nicolas",2012 (Extraordinaria),Por San Lorenzo,Comisión Directiva,Vice-Presidente,NO
FRAIMAN NICOLAS SERGIO,"Fraiman, Sergio Nicolas",2001,Unidad Azulgrana,Comisión Directiva,Vocal 8,NO
FRAIMAN NICOLAS SERGIO,"Fraiman, Sergio Nicolas",2012 (EXTRAORDINARIA),Por San Lorenzo,Comisión Directiva,,SI
FRAIMAN NICOLAS SERGIO,"Fraiman, Sergio Nicolas",2016,San Lorenzo Siglo XXI,Fiscalizadora,,SI
FRAIMAN NICOLAS SERGIO,"Fraiman, Sergio Nicolas",2013,San Lorenzo Siglo XXI,Fiscalizadora,,SI
LUCAS RAJOY,"Rajoy, Lucas",2026,Orden y Progreso Sanlorencista,Comisión Directiva,Vocal 12,NO
LORENZO NATALICCHIO,"Natalicchio, Lorenzo",2026,Movete Boedo Movete,Comisión Directiva,Vocal 12,NO
DARIO DORSI RUBEN,"Dorsi, Ruben Dario",2026,Volver a San Lorenzo,Comisión Directiva,Vocal 12,NO
DARIO DORSI RUBEN,"Dorsi, Ruben Dario",2025,Volver a San Lorenzo,Comisión Directiva,Vocal 10,NO
DARIO DORSI RUBEN,"Dorsi, Ruben Dario",2023,Volver a San Lorenzo,Comisión Directiva,Vocal 7,NO
DARIO DORSI RUBEN,"Dorsi, Ruben Dario",2022,Volver a San Lorenzo,Comisión Directiva,,NO
LEONARDO PRESTINI,"Prestini, Leonardo",2026,Nueva Generación,Comisión Directiva,Vocal 12,NO
LEONARDO PRESTINI,"Prestini, Leonardo",2022,Renovación Sanlorencista,Asamblea,,NO
HERMIDA SANCHEZ VANESA,"Sanchez Hermida, Vanesa",2026,San Lorenzo en Marcha,Comisión Directiva,Vocal 13,NO
HERMIDA SANCHEZ VANESA,"Sanchez Hermida, Vanesa",2025,X Amor a San Lorenzo,Comisión Directiva,Vocal 6,SI
HERMIDA SANCHEZ VANESA,"Sanchez Hermida, Vanesa",2023,Boedo en Accion,Asamblea,45,SI
HERMIDA SANCHEZ VANESA,"Sanchez Hermida, Vanesa",2022,Boedo en Accion,Asamblea,,NO
GUILLERMO MANGONE,"Mangone, Guillermo",2026,Orden y Progreso Sanlorencista,Comisión Directiva,Vocal 13,NO
GUILLERMO MANGONE,"Mangone, Guillermo",2025,Revolucion Azulgrana,Comisión Directiva,Vocal 1,NO
GUILLERMO MANGONE,"Mangone, Guillermo",2023,Orden y Progreso Sanlorencista,Comisión Directiva,Vocal 1,NO
GUILLERMO MANGONE,"Mangone, Guillermo",2004,Grandeza Azulgrana,Comisión Directiva,Vocal 11,NO
GUILLERMO MANGONE,"Mangone, Guillermo",2022,Renovación Sanlorencista,Comisión Directiva,,NO
ALEJANDRO GIONGO,"Giongo, Alejandro",2026,Movete Boedo Movete,Comisión Directiva,Vocal 13,NO
ALEJANDRO GIONGO,"Giongo, Alejandro",2025,Movete Boedo Movete,Comisión Directiva,Vocal 17,NO
MARIEL RASCOVAN,"Rascovan, Mariel",2026,Volver a San Lorenzo,Comisión Directiva,Vocal 13,NO
MARIEL RASCOVAN,"Rascovan, Mariel",2025,Volver a San Lorenzo,Comisión Directiva,Vocal 16,NO
MARIEL RASCOVAN,"Rascovan, Mariel",2022,Volver a San Lorenzo,Comisión Directiva,,NO
FRANCISCO SAVOINI,"Savoini, Francisco",2026,Nueva Generación,Comisión Directiva,Vocal 13,NO
BOUZAS MARCELO,"Bouzas, Marcelo",2026,San Lorenzo en Marcha,Comisión Directiva,Vocal 14,NO
BOUZAS MARCELO,"Bouzas, Marcelo",2023,X Amor a San Lorenzo,Comisión Directiva,Vocal 11,NO
BOUZAS MARCELO,"Bouzas, Marcelo",2010,Vamos San Lorenzo,Comisión Directiva,Vocal 11,NO
CORDASCO GONZALEZ TOMAS,"Gonzalez Cordasco, Tomas",2026,Orden y Progreso Sanlorencista,Comisión Directiva,Vocal 14,NO
CORDASCO GONZALEZ TOMAS,"Gonzalez Cordasco, Tomas",2023,Orden y Progreso Sanlorencista,Comisión Directiva,Vocal 10,NO
CLAUDIO DIOTALLEVI,"Diotallevi, Claudio",2026,Movete Boedo Movete,Comisión Directiva,Vocal 14,NO
ARAUJO NELSON OMAR,"Araujo, Nelson Omar",2026,Volver a San Lorenzo,Comisión Directiva,Vocal 14,NO
ARAUJO NELSON OMAR,"Araujo, Nelson Omar",2023,Volver a San Lorenzo,Asamblea,21,NO
DARIO POUSTIS RUBEN,"Poustis, Ruben Dario",2026,Nueva Generación,Comisión Directiva,Vocal 14,NO
DARIO POUSTIS RUBEN,"Poustis, Ruben Dario",2022,Renovación Sanlorencista,Asamblea,,NO
CASOLA FERNANDO,"Casola, Fernando",2026,San Lorenzo en Marcha,Comisión Directiva,Vocal 15,NO
CASOLA FERNANDO,"Casola, Fernando",2022,Renovación Sanlorencista,Comisión Directiva,,NO
DIEGO ESPINOSA GODOY,"Espinosa Godoy, diego",2026,Orden y Progreso Sanlorencista,Comisión Directiva,Vocal 15,NO
DIEGO ESPINOSA GODOY,"Espinosa Godoy, diego",2023,Orden y Progreso Sanlorencista,Asamblea,20,NO
CASTILLO MARCELO,"Castillo, Marcelo",2026,Movete Boedo Movete,Comisión Directiva,Vocal 15,NO
BARBARA DEL RIO,"Del Rio, Barbara",2026,Volver a San Lorenzo,Comisión Directiva,Vocal 15,NO
ANGEL CALELLO MIGUEL,"Calello, Miguel Angel",2026,Nueva Generación,Comisión Directiva,Vocal 15,NO
ANGEL CALELLO MIGUEL,"Calello, Miguel Angel",2010,Grandeza Azulgrana,Comisión Directiva,Secretario,NO
GONZALO PERALTA,"Peralta, Gonzalo",2026,San Lorenzo en Marcha,Comisión Directiva,Vocal 16,NO
ACHILLE MARIANO,"Achille, Mariano",2026,Orden y Progreso Sanlorencista,Comisión Directiva,Vocal 16,NO
ACHILLE MARIANO,"Achille, Mariano",2023,Orden y Progreso Sanlorencista,Comisión Directiva,Vocal 12,NO
NATALY NOVILLO,"Novillo, Nataly",2026,Movete Boedo Movete,Comisión Directiva,Vocal 16,NO
NATALY NOVILLO,"Novillo, Nataly",2025,Movete Boedo Movete,Comisión Directiva,Vocal 11,NO
AMILCAR CARESTIA ESTEBAN,"CARESTIA, ESTEBAN AMILCAR",2026,Volver a San Lorenzo,Comisión Directiva,Vocal 16,NO
AMILCAR CARESTIA ESTEBAN,"CARESTIA, ESTEBAN AMILCAR",2023,Volver a San Lorenzo,Asamblea,28,NO
AMILCAR CARESTIA ESTEBAN,"CARESTIA, ESTEBAN AMILCAR",2019,Volver a San Lorenzo,Asamblea,36,NO
AMILCAR CARESTIA ESTEBAN,"CARESTIA, ESTEBAN AMILCAR",2010,Mas San Lorenzo,Asamblea,26,NO
AMILCAR CARESTIA ESTEBAN,"CARESTIA, ESTEBAN AMILCAR",2022,Volver a San Lorenzo,Asamblea,,NO
FEDERICO SCIGLIANO,"Scigliano, Federico",2026,Nueva Generación,Comisión Directiva,Vocal 16,NO
FEDERICO SCIGLIANO,"Scigliano, Federico",2016,Volver a San Lorenzo,Asamblea,20,NO
MANSILLA MARLENE,"Mansilla, Marlene",2026,San Lorenzo en Marcha,Comisión Directiva,Vocal 17,NO
MANSILLA MARLENE,"Mansilla, Marlene",2025,X Amor a San Lorenzo,Comisión Directiva,Vocal 17,SI
MANSILLA MARLENE,"Mansilla, Marlene",2023,Boedo en Accion,Asamblea,60,SI
MANSILLA MARLENE,"Mansilla, Marlene",2022,Boedo en Accion,Fiscalizadora,,NO
MARIANA VILASECO,"Vilaseco, Mariana",2026,Orden y Progreso Sanlorencista,Comisión Directiva,Vocal 17,NO
ACIERNO JUAN PABLO,"Acierno, Juan Pablo",2026,Movete Boedo Movete,Comisión Directiva,Vocal 17,NO
ALEJANDRO PAGLIA,"Paglia, Alejandro",2026,Volver a San Lorenzo,Comisión Directiva,Vocal 17,NO
LAURA MARIA YUSEF,"Yusef, Maria Laura",2026,Nueva Generación,Comisión Directiva,Vocal 17,NO
DAFNE KWIST,"Kwist, Dafne",2026,San Lorenzo en Marcha,Comisión Directiva,Vocal 18,NO
DAFNE KWIST,"Kwist, Dafne",2023,X Amor a San Lorenzo,Comisión Directiva,Vocal 8,NO
DAFNE KWIST,"Kwist, Dafne",2019,San Lorenzo Siglo XXI,Asamblea,14,SI
DAFNE KWIST,"Kwist, Dafne",2010,Vamos San Lorenzo,Comisión Directiva,Vocal 8,NO
DAFNE KWIST,"Kwist, Dafne",2004,Dignidad por San Lorenzo,Comisión Directiva,Vocal 4,NO
DAFNE KWIST,"Kwist, Dafne",2022,San Lorenzo Querido,Comisión Directiva,,NO
FERNANDEZ GUSTAVO QUIROZ,"Fernandez Quiroz, Gustavo",2026,Orden y Progreso Sanlorencista,Comisión Directiva,Vocal 18,NO
FERNANDEZ GUSTAVO QUIROZ,"Fernandez Quiroz, Gustavo",2023,Orden y Progreso Sanlorencista,Comisión Directiva,Vocal 5,NO
DELAMER JULIAN,"Delamer, Julian",2026,Movete Boedo Movete,Comisión Directiva,Vocal 18,NO
DELAMER JULIAN,"Delamer, Julian",2025,Movete Boedo Movete,Comisión Directiva,Vocal 8,NO
FULCO GUSTAVO RAMOS,"Fulco Ramos, Gustavo",2026,Volver a San Lorenzo,Comisión Directiva,Vocal 18,NO
JUAN MANUEL VIDAL,"Vidal, Juan Manuel",2026,Nueva Generación,Comisión Directiva,Vocal 18,NO
LAMMENS MATIAS,"Lammens, Matias",2025,Revolucion Azulgrana,Comisión Directiva,Presidente,NO
LAMMENS MATIAS,"Lammens, Matias",2019,San Lorenzo Siglo XXI,Comisión Directiva,Vocal 1,SI
LAMMENS MATIAS,"Lammens, Matias",2016,San Lorenzo Siglo XXI,Comisión Directiva,Presidente,SI
LAMMENS MATIAS,"Lammens, Matias",2013,San Lorenzo Siglo XXI,Comisión Directiva,Presidente,SI
LAMMENS MATIAS,"Lammens, Matias",2010,Nuevo San Lorenzo,Comisión Directiva,Pro-Tesorero,NO
LAMMENS MATIAS,"Lammens, Matias",2012 (EXTRAORDINARIA),San Lorenzo Siglo XXI,Comisión Directiva,,SI
LAMMENS MATIAS,"Lammens, Matias",2012 (ASAMBLEA),Transitoria,Comisión Directiva,,SI
ALEJANDRO CAMBAS,"Cambas, Alejandro",2025,Revolucion Azulgrana,Comisión Directiva,Vice-Presidente,NO
ALEJANDRO CAMBAS,"Cambas, Alejandro",2023,Boedo en Accion,Asamblea,16,SI
ALEJANDRO CAMBAS,"Cambas, Alejandro",2022,Siempre San Lorenzo,Asamblea,,NO
MIGUEL PAREJA SEBASTIAN,"Pareja, Sebastian Miguel",2025,Movete Boedo Movete,Comisión Directiva,Vice-Presidente,NO
MIGUEL PAREJA SEBASTIAN,"Pareja, Sebastian Miguel",2007,Progreso Azulgrana,Comisión Directiva,Pro-Secretario,NO
FERRONATO JORGE,"Ferronato, Jorge",2025,Volver a San Lorenzo,Comisión Directiva,Vice-Presidente,NO
FERRONATO JORGE,"Ferronato, Jorge",2023,Volver a San Lorenzo,Asamblea,2,SI
FERRONATO JORGE,"Ferronato, Jorge",2022,Volver a San Lorenzo,Asamblea,,NO
MARCELO PABLO VAZQUEZ,"Vazquez, Marcelo Pablo",2025,X Amor a San Lorenzo,Comisión Directiva,Vocal 1,SI
MARCELO PABLO VAZQUEZ,"Vazquez, Marcelo Pablo",2013,San Lorenzo Siglo XXI,Asamblea,1,SI
MARCELO PABLO VAZQUEZ,"Vazquez, Marcelo Pablo",2012 (Extraordinaria),San Lorenzo Siglo XXI,Comisión Directiva,Secretario,NO
MARCELO PABLO VAZQUEZ,"Vazquez, Marcelo Pablo",2010,Nuevo San Lorenzo,Asamblea,1,SI
MARCELO PABLO VAZQUEZ,"Vazquez, Marcelo Pablo",2007,Progreso Azulgrana,Comisión Directiva,Vice-Presidente 2º,NO
MARCELO PABLO VAZQUEZ,"Vazquez, Marcelo Pablo",2012 (EXTRAORDINARIA),San Lorenzo Siglo XXI,Comisión Directiva,,SI
MARCELO PABLO VAZQUEZ,"Vazquez, Marcelo Pablo",2012 (ASAMBLEA),Transitoria,Comisión Directiva,,SI
ALEJANDRO SEGURA,"Segura, Alejandro",2025,Volver a San Lorenzo,Comisión Directiva,Vocal 1,NO
ALEJANDRO SEGURA,"Segura, Alejandro",2023,Volver a San Lorenzo,Asamblea,1,SI
ALEJANDRO SEGURA,"Segura, Alejandro",2022,Volver a San Lorenzo,Asamblea,,NO
ALEJANDRO SEGURA,"Segura, Alejandro",2019,Volver a San Lorenzo,Fiscalizadora,,SI
MARCELO MASTROSIMONE MIGUEL,"Mastrosimone, Miguel Marcelo",2025,Revolucion Azulgrana,Comisión Directiva,Vocal 2,NO
MARCELO MASTROSIMONE MIGUEL,"Mastrosimone, Miguel Marcelo",2019,San Lorenzo Siglo XXI,Comisión Directiva,Vocal 3,SI
MARCELO MASTROSIMONE MIGUEL,"Mastrosimone, Miguel Marcelo",2016,San Lorenzo Siglo XXI,Comisión Directiva,Secretario,SI
MARCELO MASTROSIMONE MIGUEL,"Mastrosimone, Miguel Marcelo",2013,San Lorenzo Siglo XXI,Comisión Directiva,Secretario,SI
MARCELO MASTROSIMONE MIGUEL,"Mastrosimone, Miguel Marcelo",2012 (Extraordinaria),San Lorenzo Siglo XXI,Comisión Directiva,Vocal 2,NO
MARCELO MASTROSIMONE MIGUEL,"Mastrosimone, Miguel Marcelo",2010,Nuevo San Lorenzo,Asamblea,36,NO
MARCELO MASTROSIMONE MIGUEL,"Mastrosimone, Miguel Marcelo",2022,San Lorenzo Querido,Comisión Directiva,,NO
MARCELO MASTROSIMONE MIGUEL,"Mastrosimone, Miguel Marcelo",2012 (EXTRAORDINARIA),San Lorenzo Siglo XXI,Comisión Directiva,,SI
MARCELO MASTROSIMONE MIGUEL,"Mastrosimone, Miguel Marcelo",2012 (ASAMBLEA),Transitoria,Comisión Directiva,,SI
CLAUDIO LANTARON,"Lantaron, Claudio",2025,Revolucion Azulgrana,Comisión Directiva,Vocal 3,NO
CLAUDIO LANTARON,"Lantaron, Claudio",2019,San Lorenzo Siglo XXI,Comisión Directiva,Vocal 17,SI
CLAUDIO LANTARON,"Lantaron, Claudio",2022,San Lorenzo Querido,Comisión Directiva,,NO
ARIEL CHRISTIAN EVANGELISTA,"Evangelista, Christian Ariel",2025,X Amor a San Lorenzo,Comisión Directiva,Vocal 4,SI
ARIEL CHRISTIAN EVANGELISTA,"Evangelista, Christian Ariel",2023,X Amor a San Lorenzo,Comisión Directiva,Vocal 12,SI
ARIEL CHRISTIAN EVANGELISTA,"Evangelista, Christian Ariel",2022,Siempre San Lorenzo,Comisión Directiva,,NO
DIAZ JUAN MANUEL,"Diaz, Juan Manuel",2025,Revolucion Azulgrana,Comisión Directiva,Vocal 4,NO
DIAZ JUAN MANUEL,"Diaz, Juan Manuel",2023,Boedo en Accion,Asamblea,58,SI
GUILLERMO ZUCCOLO,"Zuccolo, Guillermo",2025,Movete Boedo Movete,Comisión Directiva,Vocal 4,NO
GUILLERMO ZUCCOLO,"Zuccolo, Guillermo",2016,San Lorenzo Siglo XXI,Fiscalizadora,,SI
BELLOMO ESTEBAN,"Bellomo, Esteban",2025,Volver a San Lorenzo,Comisión Directiva,Vocal 4,NO
BELLOMO ESTEBAN,"Bellomo, Esteban",2023,Volver a San Lorenzo,Comisión Directiva,Vocal 14,NO
BELLOMO ESTEBAN,"Bellomo, Esteban",2016,Volver a San Lorenzo,Comisión Directiva,Vice-Presidente 2º,NO
BELLOMO ESTEBAN,"Bellomo, Esteban",2013,Volver a San Lorenzo,Comisión Directiva,Secretario,NO
BELLOMO ESTEBAN,"Bellomo, Esteban",2010,Mas San Lorenzo,Comisión Directiva,Pro-Tesorero,NO
BELLOMO ESTEBAN,"Bellomo, Esteban",2022,Volver a San Lorenzo,Comisión Directiva,,NO
BELLOMO ESTEBAN,"Bellomo, Esteban",2019,Volver a San Lorenzo,Comisión Directiva,,NO
ALEJANDRO ROO,"Roo, Alejandro",2025,Revolucion Azulgrana,Comisión Directiva,Vocal 5,NO
ALEJANDRO ROO,"Roo, Alejandro",2023,Boedo en Accion,Asamblea,28,SI
ALEJANDRO ROO,"Roo, Alejandro",2022,Boedo en Accion,Asamblea,,NO
ANGEL CIANNI MIGUEL,"Cianni, Miguel Angel",2025,Revolucion Azulgrana,Comisión Directiva,Vocal 6,NO
ANGEL CIANNI MIGUEL,"Cianni, Miguel Angel",2023,Boedo en Accion,Asamblea,46,SI
ANGEL CIANNI MIGUEL,"Cianni, Miguel Angel",2010,Grandeza Azulgrana,Comisión Directiva,Intendente,NO
ANGEL CIANNI MIGUEL,"Cianni, Miguel Angel",2007,Frente San Lorenzo,Comisión Directiva,Vocal 6,NO
ANGEL CIANNI MIGUEL,"Cianni, Miguel Angel",2004,Grandeza Azulgrana,Comisión Directiva,Vocal 3,NO
ANGEL CIANNI MIGUEL,"Cianni, Miguel Angel",2001,La Casa del Vitalicio,Comisión Directiva,Vocal 1,NO
BLANCO INES MARIA MUINO,"Muiño, Maria Ines Blanco",2025,Volver a San Lorenzo,Comisión Directiva,Vocal 6,NO
BLANCO INES MARIA MUINO,"Muiño, Maria Ines Blanco",2023,Volver a San Lorenzo,Asamblea,45,NO
BLANCO INES MARIA MUINO,"Muiño, Maria Ines Blanco",2019,Cruzada por San Lorenzo,Asamblea,55,NO
BLANCO INES MARIA MUINO,"Muiño, Maria Ines Blanco",2022,Volver a San Lorenzo,Asamblea,,NO
MATIAS MUNIZ,"Muñiz, Matias",2025,Revolucion Azulgrana,Comisión Directiva,Vocal 7,NO
MATIAS MUNIZ,"Muñiz, Matias",2023,Boedo en Accion,Asamblea,14,SI
ANTONELLA CARUSO SOFIA,"Caruso, Antonella Sofia",2025,Volver a San Lorenzo,Comisión Directiva,Vocal 7,NO
ANTONELLA CARUSO SOFIA,"Caruso, Antonella Sofia",2023,Volver a San Lorenzo,Comisión Directiva,Vocal 18,NO
ANTONELLA CARUSO SOFIA,"Caruso, Antonella Sofia",2019,Volver a San Lorenzo,Asamblea,23,NO
ANTONELLA CARUSO SOFIA,"Caruso, Antonella Sofia",2022,Volver a San Lorenzo,Asamblea,,NO
CARREIRA IGNACIO,"Carreira, Ignacio",2025,Revolucion Azulgrana,Comisión Directiva,Vocal 8,NO
CARREIRA IGNACIO,"Carreira, Ignacio",2023,Boedo en Accion,Asamblea,8,SI
CARREIRA IGNACIO,"Carreira, Ignacio",2022,Boedo en Accion,Comisión Directiva,,NO
MORALES ULISES,"Morales, Ulises",2025,X Amor a San Lorenzo,Comisión Directiva,Vocal 9,SI
MORALES ULISES,"Morales, Ulises",2023,Boedo en Accion,Asamblea,2,SI
MORALES ULISES,"Morales, Ulises",2022,Boedo en Accion,Asamblea,,NO
FERNANDO MANUEL SUAREZ,"Suarez, Fernando Manuel",2025,Revolucion Azulgrana,Comisión Directiva,Vocal 9,NO
FERNANDO MANUEL SUAREZ,"Suarez, Fernando Manuel",2023,Boedo en Accion,Asamblea,21,SI
ARRIOLA PABLO RODRIGUEZ,"Arriola, Pablo Rodriguez",2025,Movete Boedo Movete,Comisión Directiva,Vocal 9,NO
ARRIOLA PABLO RODRIGUEZ,"Arriola, Pablo Rodriguez",2026,Movete Boedo Movete,Comisión Directiva,,NO
FERNANDEZ GALIANA GUSTAVO,"Galiana, Gustavo Fernandez",2025,Revolucion Azulgrana,Comisión Directiva,Vocal 10,NO
FERNANDEZ GALIANA GUSTAVO,"Galiana, Gustavo Fernandez",2023,Boedo en Accion,Asamblea,52,SI
CATALDI SEBASTIAN,"Cataldi, Sebastian",2025,Movete Boedo Movete,Comisión Directiva,Vocal 10,NO
CASTRO DIEGO FERNANDEZ JUAN,"Castro, Juan Diego Fernandez",2025,Revolucion Azulgrana,Comisión Directiva,Vocal 11,NO
CASTRO DIEGO FERNANDEZ JUAN,"Castro, Juan Diego Fernandez",2019,San Lorenzo Siglo XXI,Comisión Directiva,Vocal 14,SI
CASTRO DIEGO FERNANDEZ JUAN,"Castro, Juan Diego Fernandez",2016,San Lorenzo Siglo XXI,Comisión Directiva,Vocal 17,NO
CASTRO DIEGO FERNANDEZ JUAN,"Castro, Juan Diego Fernandez",2013,San Lorenzo Siglo XXI,Asamblea,4,SI
CASTRO DIEGO FERNANDEZ JUAN,"Castro, Juan Diego Fernandez",2012 (Extraordinaria),Por San Lorenzo,Comisión Directiva,Vocal 1,NO
CASTRO DIEGO FERNANDEZ JUAN,"Castro, Juan Diego Fernandez",2022,San Lorenzo Querido,Comisión Directiva,,NO
CASTRO DIEGO FERNANDEZ JUAN,"Castro, Juan Diego Fernandez",2012 (EXTRAORDINARIA),Por San Lorenzo,Comisión Directiva,,NO
FLORENCIA GABRIEL VICTORIA,"Gabriel, Victoria Florencia",2025,X Amor a San Lorenzo,Comisión Directiva,Vocal 12,SI
FLORENCIA GABRIEL VICTORIA,"Gabriel, Victoria Florencia",2023,X Amor a San Lorenzo,Asamblea,4,SI
FLORENCIA GABRIEL VICTORIA,"Gabriel, Victoria Florencia",2022,San Lorenzo Querido,Asamblea,,NO
DIEGO MOREIRA,"Moreira, Diego",2025,Revolucion Azulgrana,Comisión Directiva,Vocal 12,NO
DIEGO MOREIRA,"Moreira, Diego",2023,Boedo en Accion,Asamblea,19,SI
DIEGO MOREIRA,"Moreira, Diego",2022,Boedo en Accion,Asamblea,,NO
BARRIOS MALENA,"Barrios, Malena",2025,Movete Boedo Movete,Comisión Directiva,Vocal 12,NO
AXEL SCHALE,"Schale, Axel",2025,X Amor a San Lorenzo,Comisión Directiva,Vocal 13,SI
AXEL SCHALE,"Schale, Axel",2023,Boedo en Accion,Asamblea,26,SI
BARROS ESTRADA MATEO,"Barros, Mateo Estrada",2025,Revolucion Azulgrana,Comisión Directiva,Vocal 13,NO
BARROS ESTRADA MATEO,"Barros, Mateo Estrada",2022,San Lorenzo Querido,Asamblea,,NO
JOSE MOSQUERA PABLO RIVA,"Mosquera, Pablo Jose Riva",2025,Movete Boedo Movete,Comisión Directiva,Vocal 13,NO
DIEGO JUAN LOPEZ,"Lopez, Juan Diego",2025,Volver a San Lorenzo,Comisión Directiva,Vocal 13,NO
DIEGO JUAN LOPEZ,"Lopez, Juan Diego",2023,Volver a San Lorenzo,Asamblea,53,NO
DIEGO JUAN LOPEZ,"Lopez, Juan Diego",2022,Volver a San Lorenzo,Asamblea,,NO
DANTE GUTIERREZ MONACO,"Monaco, Dante Gutierrez",2025,X Amor a San Lorenzo,Comisión Directiva,Vocal 14,SI
DANTE GUTIERREZ MONACO,"Monaco, Dante Gutierrez",2023,Boedo en Accion,Asamblea,12,SI
DANTE GUTIERREZ MONACO,"Monaco, Dante Gutierrez",2019,Volver a San Lorenzo,Asamblea,11,NO
DANTE GUTIERREZ MONACO,"Monaco, Dante Gutierrez",2016,Volver a San Lorenzo,Asamblea,4,NO
DANTE GUTIERREZ MONACO,"Monaco, Dante Gutierrez",2013,Volver a San Lorenzo,Asamblea,8,NO
DANTE GUTIERREZ MONACO,"Monaco, Dante Gutierrez",2010,Nuevo San Lorenzo,Asamblea,30,NO
DANTE GUTIERREZ MONACO,"Monaco, Dante Gutierrez",2022,Boedo en Accion,Asamblea,,NO
MAYRA TUBIO,"Tubio, Mayra",2025,Revolucion Azulgrana,Comisión Directiva,Vocal 14,NO
MAYRA TUBIO,"Tubio, Mayra",2023,Boedo en Accion,Asamblea,10,SI
JONATHAN LIROSI,"Lirosi, Jonathan",2025,X Amor a San Lorenzo,Comisión Directiva,Vocal 15,SI
JONATHAN LIROSI,"Lirosi, Jonathan",2023,Boedo en Accion,Asamblea,49,SI
JONATHAN LIROSI,"Lirosi, Jonathan",2022,Boedo en Accion,Asamblea,,NO
CAHN MARIANA,"Cahn, Mariana",2025,Revolucion Azulgrana,Comisión Directiva,Vocal 15,NO
CAHN MARIANA,"Cahn, Mariana",2019,San Lorenzo Siglo XXI,Asamblea,37,SI
CAHN MARIANA,"Cahn, Mariana",2022,San Lorenzo Querido,Comisión Directiva,,NO
GALIGNIANA PAULA VANINA,"Galigniana, Paula Vanina",2025,Revolucion Azulgrana,Comisión Directiva,Vocal 16,NO
GALIGNIANA PAULA VANINA,"Galigniana, Paula Vanina",2019,San Lorenzo Siglo XXI,Asamblea,38,SI
COCCA JONATHAN MATIAS,"Cocca, Jonathan Matias",2025,Revolucion Azulgrana,Comisión Directiva,Vocal 17,NO
COCCA JONATHAN MATIAS,"Cocca, Jonathan Matias",2023,Boedo en Accion,Asamblea,48,SI
DANIEL PABLO RASCOVAN,"Rascovan, Pablo Daniel",2025,Volver a San Lorenzo,Comisión Directiva,Vocal 17,NO
DANIEL PABLO RASCOVAN,"Rascovan, Pablo Daniel",2023,Volver a San Lorenzo,Fiscalizadora,2,NO
DANIEL PABLO RASCOVAN,"Rascovan, Pablo Daniel",2019,Volver a San Lorenzo,Comisión Directiva,Vocal 11,NO
DANIEL PABLO RASCOVAN,"Rascovan, Pablo Daniel",2026,Volver a San Lorenzo,Comisión Directiva,,NO
DANIEL PABLO RASCOVAN,"Rascovan, Pablo Daniel",2022,Volver a San Lorenzo,Comisión Directiva,,NO
DANIEL GUILLERMO PEREZ,"Perez, Guillermo Daniel",2025,X Amor a San Lorenzo,Comisión Directiva,Vocal 18,SI
DANIEL GUILLERMO PEREZ,"Perez, Guillermo Daniel",2022,Siempre San Lorenzo,Comisión Directiva,,NO
DANIEL GUILLERMO PEREZ,"Perez, Guillermo Daniel",Tribunal de Etica 2023-2017,(Sin datos),Tribunal de Ética,Miembro,SI
ACHUCARRO JAKELINE,"Achucarro, Jakeline",2025,Revolucion Azulgrana,Comisión Directiva,Vocal 18,NO
EDUARDO MASTANTUONO,"Mastantuono, Eduardo",2025,Movete Boedo Movete,Comisión Directiva,Vocal 18,NO
JOSE RAMON VINAS,"Viñas, Jose Ramon",2025,Volver a San Lorenzo,Comisión Directiva,Vocal 18,NO
JOSE RAMON VINAS,"Viñas, Jose Ramon",2019,Volver a San Lorenzo,Asamblea,1,SI
JOSE RAMON VINAS,"Viñas, Jose Ramon",2016,Volver a San Lorenzo,Asamblea,1,SI
JOSE RAMON VINAS,"Viñas, Jose Ramon",2013,Volver a San Lorenzo,Asamblea,1,SI
JOSE RAMON VINAS,"Viñas, Jose Ramon",2012 (Extraordinaria),Por San Lorenzo,Comisión Directiva,Vice-Presidente 2º,NO
JOSE RAMON VINAS,"Viñas, Jose Ramon",2010,Mas San Lorenzo,Asamblea,10,NO
JOSE RAMON VINAS,"Viñas, Jose Ramon",2023,Volver a San Lorenzo,Comisión Directiva,,NO
JOSE RAMON VINAS,"Viñas, Jose Ramon",2022,Volver a San Lorenzo,Comisión Directiva,,NO
JOSE RAMON VINAS,"Viñas, Jose Ramon",2019,Volver a San Lorenzo,Comisión Directiva,,NO
JOSE RAMON VINAS,"Viñas, Jose Ramon",2012 (EXTRAORDINARIA),Por San Lorenzo,Comisión Directiva,,NO
MARCELO MORETTI,"Moretti, Marcelo",2023,Boedo en Accion,Comisión Directiva,Presidente,SI
MARCELO MORETTI,"Moretti, Marcelo",2019,San Lorenzo Siglo XXI,Comisión Directiva,Vocal 7,SI
MARCELO MORETTI,"Moretti, Marcelo",2016,San Lorenzo Siglo XXI,Comisión Directiva,Vocal 12,SI
MARCELO MORETTI,"Moretti, Marcelo",2013,San Lorenzo Siglo XXI,Comisión Directiva,Vocal 4,SI
MARCELO MORETTI,"Moretti, Marcelo",2012 (Extraordinaria),San Lorenzo Siglo XXI,Comisión Directiva,Vocal 1,NO
MARCELO MORETTI,"Moretti, Marcelo",2010,Boedo en Accion,Comisión Directiva,Presidente,SI
MARCELO MORETTI,"Moretti, Marcelo",2004,De Nuevo San Lorenzo,Comisión Directiva,Vocal 5,NO
MARCELO MORETTI,"Moretti, Marcelo",2022,Boedo en Accion,Comisión Directiva,,NO
MARCELO MORETTI,"Moretti, Marcelo",2012 (EXTRAORDINARIA),San Lorenzo Siglo XXI,Comisión Directiva,,SI
NAVARRO NESTOR,"Navarro, Nestor",2023,Boedo en Accion,Comisión Directiva,Vice-Presidente,SI
NAVARRO NESTOR,"Navarro, Nestor",2022,Boedo en Accion,Comisión Directiva,,NO
ALEJANDRO TAMER,"Tamer, Alejandro",2023,Orden y Progreso Sanlorencista,Comisión Directiva,Vice-Presidente,SI
ALEJANDRO TAMER,"Tamer, Alejandro",2022,Siempre San Lorenzo,Comisión Directiva,,NO
FEDERICO TIRELLI,"Tirelli, Federico",2023,X Amor a San Lorenzo,Comisión Directiva,Vice-Presidente,NO
CHRISTIAN MERA,"Mera, Christian",2023,Volver a San Lorenzo,Comisión Directiva,Vice-Presidente,NO
CHRISTIAN MERA,"Mera, Christian",2010,Cruzada por San Lorenzo,Comisión Directiva,Vocal 1,NO
CHRISTIAN MERA,"Mera, Christian",2022,Volver a San Lorenzo,Comisión Directiva,,NO
CHRISTIAN MERA,"Mera, Christian",2012 (ASAMBLEA),Transitoria,Comisión Directiva,,SI
NESTOR ORTIGOZA,"Ortigoza, Nestor",2023,Boedo en Accion,Comisión Directiva,Vocal 1,SI
SEBASTIAN TORRICO,"Torrico, Sebastian",2023,X Amor a San Lorenzo,Comisión Directiva,Vocal 1,NO
SEBASTIAN TORRICO,"Torrico, Sebastian",2022,San Lorenzo Querido,Comisión Directiva,,NO
FERNANDEZ JOSE LUIS,"Fernandez, Jose Luis",2023,Volver a San Lorenzo,Comisión Directiva,Vocal 1,NO
FERNANDEZ JOSE LUIS,"Fernandez, Jose Luis",2019,Frente Pasión Azulgrana,Asamblea,73,NO
FERNANDEZ JOSE LUIS,"Fernandez, Jose Luis",2016,Cruzada por San Lorenzo,Comisión Directiva,Vocal 8,NO
FERNANDEZ JOSE LUIS,"Fernandez, Jose Luis",1998,San Lorenzo para Todos,Comisión Directiva,Vocal 11,NO
FERNANDEZ JOSE LUIS,"Fernandez, Jose Luis",2007,Progreso Azulgrana,Comisión Directiva,Secretario,NO
FERNANDEZ JOSE LUIS,"Fernandez, Jose Luis",2001,Unidad Azulgrana,Comisión Directiva,Vocal 4,NO
FERNANDEZ JOSE LUIS,"Fernandez, Jose Luis",2022,Renovación Sanlorencista,Asamblea,,NO
ANDRES OSCAR TERZANO,"Terzano, Andres Oscar",2023,Boedo en Accion,Comisión Directiva,Vocal 2,SI
ANDRES OSCAR TERZANO,"Terzano, Andres Oscar",2010,Boedo en Accion,Asamblea,6,SI
DINA FISCHER,"Fischer, Dina",2023,Orden y Progreso Sanlorencista,Comisión Directiva,Vocal 2,NO
DINA FISCHER,"Fischer, Dina",2022,Renovación Sanlorencista,Fiscalizadora,,NO
DONOFRIO JORGE,"Donofrio, Jorge",2023,X Amor a San Lorenzo,Comisión Directiva,Vocal 2,NO
DONOFRIO JORGE,"Donofrio, Jorge",2022,San Lorenzo Querido,Comisión Directiva,,NO
MATIAS PLESCIA,"Plescia, Matias",2023,Volver a San Lorenzo,Comisión Directiva,Vocal 2,NO
MATIAS PLESCIA,"Plescia, Matias",2019,Volver a San Lorenzo,Comisión Directiva,Vice-Presidente,NO
MATIAS PLESCIA,"Plescia, Matias",2013,Volver a San Lorenzo,Comisión Directiva,Vocal 4,NO
MATIAS PLESCIA,"Plescia, Matias",2022,Volver a San Lorenzo,Comisión Directiva,,NO
MATIAS PLESCIA,"Plescia, Matias",2016,Volver a San Lorenzo,Fiscalizadora,,NO
DANIELA MENDEZ RIGHI,"Mendez Righi, Daniela",2023,Boedo en Accion,Comisión Directiva,Vocal 3,SI
DANIELA MENDEZ RIGHI,"Mendez Righi, Daniela",2022,Boedo en Accion,Comisión Directiva,,NO
ALEJANDRO BARROS URIEL,"BARROS, URIEL ALEJANDRO",2023,Boedo en Accion,Comisión Directiva,Vocal 4,SI
ALEJANDRO BARROS URIEL,"BARROS, URIEL ALEJANDRO",2019,San Lorenzo Siglo XXI,Asamblea,70,NO
ALEJANDRO BARROS URIEL,"BARROS, URIEL ALEJANDRO",2010,Boedo en Accion,Comisión Directiva,Pro-Secretario,NO
ALEJANDRO BARROS URIEL,"BARROS, URIEL ALEJANDRO",2022,Boedo en Accion,Comisión Directiva,,NO
ALEJANDRO BARROS URIEL,"BARROS, URIEL ALEJANDRO",2012 (ASAMBLEA),Transitoria,Comisión Directiva,,SI
ALEJANDRO BARROS URIEL,"BARROS, URIEL ALEJANDRO",2007,Frente San Lorenzo,Fiscalizadora,,SI
EMILIANO LEONE RODRIGUEZ,"Leone, Emiliano Rodriguez",2023,Volver a San Lorenzo,Comisión Directiva,Vocal 4,NO
EMILIANO LEONE RODRIGUEZ,"Leone, Emiliano Rodriguez",2022,Volver a San Lorenzo,Comisión Directiva,,NO
GOROYESKY LEANDRO,"Goroyesky, Leandro",2023,Boedo en Accion,Comisión Directiva,Vocal 5,SI
GOROYESKY LEANDRO,"Goroyesky, Leandro",2019,Frente Pasión Azulgrana,Asamblea,12,NO
GOROYESKY LEANDRO,"Goroyesky, Leandro",2016,Volver a San Lorenzo,Comisión Directiva,Tesorero,NO
GOROYESKY LEANDRO,"Goroyesky, Leandro",2012 (Extraordinaria),Por San Lorenzo,Comisión Directiva,Pro-Secretario,NO
GOROYESKY LEANDRO,"Goroyesky, Leandro",2022,Boedo en Accion,Comisión Directiva,,NO
GOROYESKY LEANDRO,"Goroyesky, Leandro",2012 (EXTRAORDINARIA),Por San Lorenzo,Comisión Directiva,,NO
LEONARDO LIPERA,"Lipera, Leonardo",2023,X Amor a San Lorenzo,Comisión Directiva,Vocal 5,NO
LEONARDO LIPERA,"Lipera, Leonardo",2019,San Lorenzo Siglo XXI,Comisión Directiva,Vocal 6,SI
LEONARDO LIPERA,"Lipera, Leonardo",2016,San Lorenzo Siglo XXI,Comisión Directiva,Tesorero,SI
LEONARDO LIPERA,"Lipera, Leonardo",2013,San Lorenzo Siglo XXI,Comisión Directiva,Tesorero,SI
LEONARDO LIPERA,"Lipera, Leonardo",2012 (Extraordinaria),San Lorenzo Siglo XXI,Comisión Directiva,Tesorero,NO
LEONARDO LIPERA,"Lipera, Leonardo",2012 (EXTRAORDINARIA),San Lorenzo Siglo XXI,Comisión Directiva,,SI
JOSE VINAS,"Viñas, Jose",2023,Volver a San Lorenzo,Comisión Directiva,Vocal 5,NO
ALLIEVI IGNACIO JAVIER,"Allievi, Javier Ignacio",2023,Boedo en Accion,Comisión Directiva,Vocal 6,SI
ALLIEVI IGNACIO JAVIER,"Allievi, Javier Ignacio",2010,Boedo en Accion,Comisión Directiva,Vocal 2,NO
ALLIEVI IGNACIO JAVIER,"Allievi, Javier Ignacio",2007,Unidos por San Lorenzo,Asamblea,28,SI
ALLIEVI IGNACIO JAVIER,"Allievi, Javier Ignacio",2004,De Nuevo San Lorenzo,Comisión Directiva,Vocal 2,NO
OSVALDO VAICIULIS,"Vaiciulis, Osvaldo",2023,Orden y Progreso Sanlorencista,Comisión Directiva,Vocal 6,NO
OSVALDO VAICIULIS,"Vaiciulis, Osvaldo",1998,San Lorenzo para Todos,Comisión Directiva,Vocal 1,NO
OSVALDO VAICIULIS,"Vaiciulis, Osvaldo",2007,Frente San Lorenzo,Comisión Directiva,Vocal 3,NO
OSVALDO VAICIULIS,"Vaiciulis, Osvaldo",2004,Unidos por San Lorenzo,Comisión Directiva,Vocal 4,SI
OSVALDO VAICIULIS,"Vaiciulis, Osvaldo",2001,Unidad Azulgrana,Comisión Directiva,Secretario,NO
OSVALDO VAICIULIS,"Vaiciulis, Osvaldo",2022,Renovación Sanlorencista,Comisión Directiva,,NO
JULIO LOPARDO,"Lopardo, Julio",2023,Boedo en Accion,Comisión Directiva,Vocal 7,SI
JULIO LOPARDO,"Lopardo, Julio",2010,Grandeza Azulgrana,Comisión Directiva,Vice-Presidente 2º,NO
JULIO LOPARDO,"Lopardo, Julio",2007,Frente San Lorenzo,Comisión Directiva,Vocal 2,NO
JULIO LOPARDO,"Lopardo, Julio",2004,Grandeza Azulgrana,Comisión Directiva,Presidente,NO
JULIO LOPARDO,"Lopardo, Julio",2001,Nuevo Rumbo Sanlorencista,Comisión Directiva,Vice-Presidente,SI
JULIO LOPARDO,"Lopardo, Julio",1995 (NO HUBO),Nuevo Rumbo Sanlorencista,Comisión Directiva,,SI
HAYDEE PRIETO,"Prieto, Haydee",2023,Orden y Progreso,Comisión Directiva,Vocal 7,NO
BOUFFLET MARIA SOLEDAD,"Boufflet, Maria Soledad",2023,Boedo en Accion,Comisión Directiva,Vocal 8,SI
DOMINGO MITOLO,"Mitolo, Domingo",2023,Orden y Progreso Sanlorencista,Comisión Directiva,Vocal 8,NO
DOMINGO MITOLO,"Mitolo, Domingo",2013,Cruzada por San Lorenzo,Asamblea,20,NO
ARACELI MARTIN PEREZ,"Martin, Araceli Perez",2023,Volver a San Lorenzo,Comisión Directiva,Vocal 8,NO
ARACELI MARTIN PEREZ,"Martin, Araceli Perez",2022,Volver a San Lorenzo,Comisión Directiva,,NO
CIGNA MARTIN,"Cigna, Martin",2023,Boedo en Accion,Comisión Directiva,Vocal 9,SI
CIGNA MARTIN,"Cigna, Martin",2022,Boedo en Accion,Comisión Directiva,,NO
ALEJANDRO CABANA DIEGO,"Cabaña, Diego Alejandro",2023,Orden y Progreso Sanlorencista,Comisión Directiva,Vocal 9,NO
RAMON VILLAVEIRAN,"Villaveiran, Ramon",2023,X Amor a San Lorenzo,Comisión Directiva,Vocal 9,NO
RAMON VILLAVEIRAN,"Villaveiran, Ramon",2019,San Lorenzo Siglo XXI,Asamblea,31,SI
RAMON VILLAVEIRAN,"Villaveiran, Ramon",2016,San Lorenzo Siglo XXI,Asamblea,9,SI
RAMON VILLAVEIRAN,"Villaveiran, Ramon",2013,San Lorenzo Siglo XXI,Asamblea,11,SI
MATEO SAGARDOY,"Sagardoy, Mateo",2023,Boedo en Accion,Comisión Directiva,Vocal 10,SI
LEVALLE PABLO,"Levalle, Pablo",2023,Boedo en Accion,Comisión Directiva,Vocal 11,SI
LEVALLE PABLO,"Levalle, Pablo",2022,Boedo en Accion,Asamblea,,NO
AGUSTINA LENZI,"Lenzi, Agustina",2023,Orden y Progreso Sanlorencista,Comisión Directiva,Vocal 11,NO
GARCIA LAGO PABLO,"Garcia Lago, Pablo",2023,Boedo en Accion,Comisión Directiva,Vocal 12,SI
GARCIA LAGO PABLO,"Garcia Lago, Pablo",2010,Grandeza Azulgrana,Asamblea,11,NO
GARCIA LAGO PABLO,"Garcia Lago, Pablo",2007,Frente San Lorenzo,Comisión Directiva,Pro-Secretario,NO
GARCIA LAGO PABLO,"Garcia Lago, Pablo",2004,De Nuevo San Lorenzo,Comisión Directiva,Pro-Secretario,NO
GARCIA LAGO PABLO,"Garcia Lago, Pablo",2001,Unidos por San Lorenzo,Asamblea,5,SI
GARCIA LAGO PABLO,"Garcia Lago, Pablo",2022,Boedo en Accion,Comisión Directiva,,NO
FABIO LACOLLA,"Lacolla, Fabio",2023,Volver a San Lorenzo,Comisión Directiva,Vocal 12,NO
FABIO LACOLLA,"Lacolla, Fabio",2022,Volver a San Lorenzo,Comisión Directiva,,NO
CARINA FARIAS LILIANA,"Farias, Carina Liliana",2023,Boedo en Accion,Comisión Directiva,Vocal 13,SI
CARINA FARIAS LILIANA,"Farias, Carina Liliana",2022,Boedo en Accion,Comisión Directiva,,NO
CATOYRA CRUZ JUAN,"Catoyra, Juan Cruz",2023,Orden y Progreso Sanlorencista,Comisión Directiva,Vocal 13,NO
CATOYRA CRUZ JUAN,"Catoyra, Juan Cruz",2022,Siempre San Lorenzo,Asamblea,,NO
NAYME VERZINO,"Verzino, Nayme",2023,X Amor a San Lorenzo,Comisión Directiva,Vocal 13,NO
NAYME VERZINO,"Verzino, Nayme",2019,San Lorenzo Siglo XXI,Asamblea,49,SI
NAYME VERZINO,"Verzino, Nayme",2022,San Lorenzo Querido,Comisión Directiva,,NO
IANELLO SABRINA,"Ianello, Sabrina",2023,Volver a San Lorenzo,Comisión Directiva,Vocal 13,NO
IANELLO SABRINA,"Ianello, Sabrina",2019,Volver a San Lorenzo,Asamblea,50,NO
IANELLO SABRINA,"Ianello, Sabrina",2016,Volver a San Lorenzo,Asamblea,52,NO
IANELLO SABRINA,"Ianello, Sabrina",2022,Volver a San Lorenzo,Asamblea,,NO
MARIANO MARINO,"Marino, Mariano",2023,Boedo en Accion,Comisión Directiva,Vocal 14,NO
MARIANO MARINO,"Marino, Mariano",2022,Boedo en Accion,Comisión Directiva,,NO
MANUEL QUINTANA,"Quintana, Manuel",2023,Orden y Progreso Sanlorencista,Comisión Directiva,Vocal 14,NO
GONZALO MARTINEZ SALUM,"Salum, Gonzalo Martinez",2023,X Amor a San Lorenzo,Comisión Directiva,Vocal 14,NO
LEONARDO VIRARDI,"Virardi, Leonardo",2023,Boedo en Accion,Comisión Directiva,Vocal 15,NO
GRIGERA JUAN MARTIN,"Grigera, Juan Martin",2023,Orden y Progreso,Comisión Directiva,Vocal 15,NO
GRIGERA JUAN MARTIN,"Grigera, Juan Martin",2022,Renovación Sanlorencista,Comisión Directiva,,NO
DAMIAN GREMONE,"Gremone, Damian",2023,X Amor a San Lorenzo,Comisión Directiva,Vocal 15,NO
DAMIAN GREMONE,"Gremone, Damian",2019,Frente Pasión Azulgrana,Asamblea,42,NO
DIEGO RIVAS,"Rivas, Diego",2023,Volver a San Lorenzo,Comisión Directiva,Vocal 15,NO
DIEGO RIVAS,"Rivas, Diego",2022,Volver a San Lorenzo,Comisión Directiva,,NO
ALAN NAVARRO,"Navarro, Alan",2023,Boedo en Accion,Comisión Directiva,Vocal 16,NO
FLORENCIA GIANCHETTA,"Gianchetta, Florencia",2023,Orden y Progreso Sanlorencista,Comisión Directiva,Vocal 16,NO
CHIARELLO LEANDRO,"Chiarello, Leandro",2023,X Amor a San Lorenzo,Comisión Directiva,Vocal 16,NO
ANTONIO GOMEZ JOSE,"Gomez, Jose Antonio",2023,Volver a San Lorenzo,Comisión Directiva,Vocal 16,NO
EMILIANO RODRIGUEZ,"Rodriguez, Emiliano",2023,Boedo en Accion,Comisión Directiva,Vocal 17,NO
EMILIANO RODRIGUEZ,"Rodriguez, Emiliano",2022,Boedo en Accion,Fiscalizadora,,NO
COGUZZA FEDERICO,"Coguzza, Federico",2023,Orden y Progreso Sanlorencista,Comisión Directiva,Vocal 17,NO
CHRISTIAN DI PRIETO,"Prieto, Christian Di",2023,X Amor a San Lorenzo,Comisión Directiva,Vocal 17,NO
BRUNO VACCARO,"Vaccaro, Bruno",2023,Volver a San Lorenzo,Comisión Directiva,Vocal 17,NO
BELEN LUGONES NOELIA,"Lugones, Belen Noelia",2023,Boedo en Accion,Comisión Directiva,Vocal 18,NO
BELEN LUGONES NOELIA,"Lugones, Belen Noelia",2022,Boedo en Accion,Comisión Directiva,,NO
EMANUEL SALCEDO,"Salcedo, Emanuel",2023,Orden y Progreso Sanlorencista,Comisión Directiva,Vocal 18,NO
ANABELLA ESCOBAR,"Escobar, Anabella",2023,X Amor a San Lorenzo,Comisión Directiva,Vocal 18,NO
DANIEL MATOS,"Matos, Daniel",2023,Boedo en Accion,Asamblea,1,SI
DANIEL MATOS,"Matos, Daniel",2019,San Lorenzo Siglo XXI,Asamblea,45,SI
DANIEL MATOS,"Matos, Daniel",2010,Boedo en Accion,Comisión Directiva,Vocal 4,NO
DANIEL MATOS,"Matos, Daniel",2022,Boedo en Accion,Asamblea,,NO
DIEGO PERELLI,"Perelli, Diego",2023,X Amor a San Lorenzo,Asamblea,1,SI
DIEGO PERELLI,"Perelli, Diego",2019,Cruzada por San Lorenzo,Asamblea,4,SI
DIEGO PERELLI,"Perelli, Diego",2016,Cruzada por San Lorenzo,Comisión Directiva,Intendente,NO
DIEGO PERELLI,"Perelli, Diego",2022,Siempre San Lorenzo,Asamblea,,NO
ACUNA ANALIA CLAUDIA,"Acuña, Claudia Analia",2023,Orden y Progreso Sanlorencista,Asamblea,2,SI
ACUNA ANALIA CLAUDIA,"Acuña, Claudia Analia",2016,Cruzada por San Lorenzo,Asamblea,1,SI
ACUNA ANALIA CLAUDIA,"Acuña, Claudia Analia",2013,Cruzada por San Lorenzo,Asamblea,1,SI
ACUNA ANALIA CLAUDIA,"Acuña, Claudia Analia",2010,Cruzada por San Lorenzo,Asamblea,1,SI
BUZZO DANIEL GUILLERMO,"BUZZO, GUILLERMO DANIEL",2023,X Amor a San Lorenzo,Asamblea,2,SI
BUZZO DANIEL GUILLERMO,"BUZZO, GUILLERMO DANIEL",2019,San Lorenzo Siglo XXI,Asamblea,12,SI
BUZZO DANIEL GUILLERMO,"BUZZO, GUILLERMO DANIEL",2016,San Lorenzo Siglo XXI,Asamblea,26,SI
BUZZO DANIEL GUILLERMO,"BUZZO, GUILLERMO DANIEL",2013,San Lorenzo Siglo XXI,Asamblea,10,SI
BUZZO DANIEL GUILLERMO,"BUZZO, GUILLERMO DANIEL",2010,Mas San Lorenzo,Asamblea,1,SI
BUZZO DANIEL GUILLERMO,"BUZZO, GUILLERMO DANIEL",2007,Progreso Azulgrana,Comisión Directiva,Vocal 1,NO
BUZZO DANIEL GUILLERMO,"BUZZO, GUILLERMO DANIEL",2022,San Lorenzo Querido,Asamblea,,NO
JORGE ROMANO,"Romano, Jorge",2023,Boedo en Accion,Asamblea,3,SI
JORGE ROMANO,"Romano, Jorge",2001,Unidad Azulgrana,Comisión Directiva,Vice-Presidente 2º,NO
CASAL IGNACIO JUAN,"Casal, Juan Ignacio",2023,Orden y Progreso Sanlorencista,Asamblea,3,SI
DARIO IGLESIAS RUBEN,"IGLESIAS, RUBEN DARIO",2023,X Amor a San Lorenzo,Asamblea,3,SI
DARIO IGLESIAS RUBEN,"IGLESIAS, RUBEN DARIO",2019,Cruzada por San Lorenzo,Asamblea,3,SI
DARIO IGLESIAS RUBEN,"IGLESIAS, RUBEN DARIO",2013,Cruzada por San Lorenzo,Comisión Directiva,Vocal 4,NO
DARIO IGLESIAS RUBEN,"IGLESIAS, RUBEN DARIO",2012 (Extraordinaria),Cruzada por San Lorenzo,Comisión Directiva,Vocal 3,NO
DARIO IGLESIAS RUBEN,"IGLESIAS, RUBEN DARIO",2022,Siempre San Lorenzo,Comisión Directiva,,NO
DARIO IGLESIAS RUBEN,"IGLESIAS, RUBEN DARIO",2016,Cruzada por San Lorenzo,Comisión Directiva,,NO
DARIO IGLESIAS RUBEN,"IGLESIAS, RUBEN DARIO",2012 (EXTRAORDINARIA),Cruzada por San Lorenzo,Comisión Directiva,,NO
BERMUDEZ HECTOR,"Bermudez, Hector",2023,Volver a San Lorenzo,Asamblea,3,SI
BERMUDEZ HECTOR,"Bermudez, Hector",2019,Volver a San Lorenzo,Asamblea,2,SI
BERMUDEZ HECTOR,"Bermudez, Hector",2022,Volver a San Lorenzo,Asamblea,,NO
ALFREDO SOLOA,"Soloa, Alfredo",2023,Boedo en Accion,Asamblea,4,SI
LEON PATRICIO,"Leon, Patricio",2023,Orden y Progreso,Asamblea,4,SI
LORENA MASSARA,"Massara, Lorena",2023,Volver a San Lorenzo,Asamblea,4,SI
ANGELES DE LOS MARIA PEREYRA,"Pereyra, Maria de los Angeles",2023,Boedo en Accion,Asamblea,5,SI
ANGELES DE LOS MARIA PEREYRA,"Pereyra, Maria de los Angeles",2022,Boedo en Accion,Asamblea,,NO
BALDASSARE SANTOS,"Baldassare, Santos",2023,Orden y Progreso,Asamblea,5,SI
BALDASSARE SANTOS,"Baldassare, Santos",2004,Unidos por San Lorenzo,Asamblea,14,SI
BALDASSARE SANTOS,"Baldassare, Santos",2022,Renovación Sanlorencista,Asamblea,,NO
CARLOS KASE RAMIREZ,"Kase Ramirez, Carlos",2023,X Amor a San Lorenzo,Asamblea,5,SI
GAUDIO OSMAR RUBEN,"Gaudio, Ruben Osmar",2023,Volver a San Lorenzo,Asamblea,5,SI
GAUDIO OSMAR RUBEN,"Gaudio, Ruben Osmar",2019,Volver a San Lorenzo,Asamblea,7,SI
GAUDIO OSMAR RUBEN,"Gaudio, Ruben Osmar",2022,Volver a San Lorenzo,Asamblea,,NO
SANTOS ZUBERBUHLER,"Zuberbuhler, Santos",2023,Boedo en Accion,Asamblea,6,SI
SANTOS ZUBERBUHLER,"Zuberbuhler, Santos",2022,Boedo en Accion,Asamblea,,NO
FERNANDO SANFILIPPO,"Sanfilippo, Fernando",2023,Orden y Progreso Sanlorencista,Asamblea,6,SI
JORGE LIMARDO OMAR,"Limardo, Jorge Omar",2023,X Amor a San Lorenzo,Asamblea,6,SI
JORGE LIMARDO OMAR,"Limardo, Jorge Omar",2019,San Lorenzo Siglo XXI,Asamblea,9,SI
JORGE LIMARDO OMAR,"Limardo, Jorge Omar",2016,San Lorenzo Siglo XXI,Asamblea,13,SI
JORGE LIMARDO OMAR,"Limardo, Jorge Omar",2013,San Lorenzo Siglo XXI,Asamblea,14,SI
JORGE LIMARDO OMAR,"Limardo, Jorge Omar",2022,San Lorenzo Querido,Asamblea,,NO
ADANZA FABIAN ROBERTO,"ADANZA, DIEGO ROBERTO",2023,Volver a San Lorenzo,Asamblea,6,NO
ADANZA FABIAN ROBERTO,"ADANZA, DIEGO ROBERTO",2019,Volver a San Lorenzo,Asamblea,5,SI
ADANZA FABIAN ROBERTO,"ADANZA, DIEGO ROBERTO",2016,Volver a San Lorenzo,Asamblea,12,NO
ADANZA FABIAN ROBERTO,"ADANZA, DIEGO ROBERTO",2022,Volver a San Lorenzo,Asamblea,,NO
PABLO VACCARO,"Vaccaro, Pablo",2023,Boedo en Accion,Asamblea,7,SI
PABLO VACCARO,"Vaccaro, Pablo",2022,Boedo en Accion,Comisión Directiva,,NO
BALDASSARE DE GUZMAN MONICA,"Guzman de Baldassare, Monica",2023,Orden y Progreso Sanlorencista,Asamblea,7,SI
BALDASSARE DE GUZMAN MONICA,"Guzman de Baldassare, Monica",2022,Renovación Sanlorencista,Asamblea,,NO
FERNANDO LUIS NAVARRO,"Navarro, Luis Fernando",2023,X Amor a San Lorenzo,Asamblea,7,SI
ERNESTO LOUGHLIN,"Loughlin, Ernesto",2023,Volver a San Lorenzo,Asamblea,7,NO
ERNESTO LOUGHLIN,"Loughlin, Ernesto",2019,Volver a San Lorenzo,Asamblea,4,SI
ERNESTO LOUGHLIN,"Loughlin, Ernesto",2016,Volver a San Lorenzo,Asamblea,11,NO
ERNESTO LOUGHLIN,"Loughlin, Ernesto",2013,Volver a San Lorenzo,Asamblea,2,SI
ERNESTO LOUGHLIN,"Loughlin, Ernesto",2010,Vamos San Lorenzo,Asamblea,25,SI
ERNESTO LOUGHLIN,"Loughlin, Ernesto",2022,Volver a San Lorenzo,Asamblea,,NO
ALEJANDRO PACIFICO,"Pacifico, Alejandro",2023,Orden y Progreso,Asamblea,8,SI
DANIEL EDUARDO MARTINEZ,"Martinez, Daniel Eduardo",2023,X Amor a San Lorenzo,Asamblea,8,SI
FEDERICO RUIZ SEBASTIAN,"Ruiz, Federico Sebastian",2023,Volver a San Lorenzo,Asamblea,8,NO
FEDERICO RUIZ SEBASTIAN,"Ruiz, Federico Sebastian",2019,Volver a San Lorenzo,Asamblea,43,NO
FEDERICO RUIZ SEBASTIAN,"Ruiz, Federico Sebastian",2022,Volver a San Lorenzo,Asamblea,,NO
CORTI MARCELO,"Corti, Marcelo",2023,Boedo en Accion,Asamblea,9,SI
CORTI MARCELO,"Corti, Marcelo",2022,Boedo en Accion,Comisión Directiva,,NO
CHRISTIAN PRADO,"Prado, Christian",2023,Orden y Progreso Sanlorencista,Asamblea,9,SI
CHRISTIAN PRADO,"Prado, Christian",2022,Renovación Sanlorencista,Asamblea,,NO
COELLO MARTIN,"Coello, Martin",2023,X Amor a San Lorenzo,Asamblea,9,SI
COELLO MARTIN,"Coello, Martin",2022,Siempre San Lorenzo,Asamblea,,NO
COVELLI MATIAS,"Covelli, Matias",2023,Volver a San Lorenzo,Asamblea,9,NO
NICOLAS PELLEGRINI,"Pellegrini, Nicolas",2023,Orden y Progreso Sanlorencista,Asamblea,10,SI
ARDETTI MAGALI VAZQUEZ,"Vazquez Ardetti, Magali",2023,X Amor a San Lorenzo,Asamblea,10,SI
MORELLO ROBERTO,"Morello, Roberto",2023,Boedo en Accion,Asamblea,11,SI
MORELLO ROBERTO,"Morello, Roberto",2010,Grandeza Azulgrana,Comisión Directiva,Vocal 3,NO
MORELLO ROBERTO,"Morello, Roberto",2007,Unidos por San Lorenzo,Comisión Directiva,Vocal 10,NO
MORELLO ROBERTO,"Morello, Roberto",2001,La Casa del Vitalicio,Comisión Directiva,Vocal 4,NO
MORELLO ROBERTO,"Morello, Roberto",2022,Boedo en Accion,Asamblea,,NO
LUCAS PALUMBO,"Palumbo, Lucas",2023,Orden y Progreso,Asamblea,11,SI
GABRIEL PALETTA,"Paletta, Gabriel",2023,X Amor a San Lorenzo,Asamblea,11,SI
GABRIEL PALETTA,"Paletta, Gabriel",2019,San Lorenzo Siglo XXI,Asamblea,59,SI
GABRIEL PALETTA,"Paletta, Gabriel",2022,San Lorenzo Querido,Asamblea,,NO
CRISCOLO SERGIO,"Criscolo, Sergio",2023,Volver a San Lorenzo,Asamblea,11,NO
CRISCOLO SERGIO,"Criscolo, Sergio",2022,Volver a San Lorenzo,Comisión Directiva,,NO
CARDESIN OMAR ROIS,"Rois Cardesin, Omar",2023,Orden y Progreso Sanlorencista,Asamblea,12,SI
ALBERTO BARILARI,"Barilari, Alberto",2023,X Amor a San Lorenzo,Asamblea,12,NO
ALBERTO BARILARI,"Barilari, Alberto",2019,San Lorenzo Siglo XXI,Asamblea,13,SI
ALBERTO BARILARI,"Barilari, Alberto",2016,San Lorenzo Siglo XXI,Asamblea,48,SI
ALBERTO BARILARI,"Barilari, Alberto",1998,San Lorenzo para Todos,Comisión Directiva,Vocal 9,SI
ALBERTO BARILARI,"Barilari, Alberto",2013,San Lorenzo Siglo XXI,Asamblea,17,SI
ALBERTO BARILARI,"Barilari, Alberto",2010,Nuevo San Lorenzo,Comisión Directiva,Vocal 6,NO
ALBERTO BARILARI,"Barilari, Alberto",2007,Frente San Lorenzo,Comisión Directiva,Secretario,SI
ALBERTO BARILARI,"Barilari, Alberto",2004,San Lorenzo para Todos,Comisión Directiva,Secretario,NO
ALBERTO BARILARI,"Barilari, Alberto",2001,Unidad Azulgrana,Comisión Directiva,Vocal 2,NO
ALBERTO BARILARI,"Barilari, Alberto",2022,San Lorenzo Querido,Asamblea,,NO
BRUNO IGNACIO,"Bruno, Ignacio",2023,Volver a San Lorenzo,Asamblea,12,NO
BRUNO IGNACIO,"Bruno, Ignacio",2022,Volver a San Lorenzo,Asamblea,,NO
BLASCO JOSE,"Blasco, Jose",2023,Boedo en Accion,Asamblea,13,SI
BLASCO JOSE,"Blasco, Jose",2022,Boedo en Accion,Comisión Directiva,,NO
NOELIA SOLEDAD WALTER,"Walter, Noelia Soledad",2023,Orden y Progreso Sanlorencista,Asamblea,13,SI
JUAN MANUEL VIGNALI,"Vignali, Juan Manuel",2023,X Amor a San Lorenzo,Asamblea,13,NO
JUAN MANUEL VIGNALI,"Vignali, Juan Manuel",2019,San Lorenzo Siglo XXI,Asamblea,15,SI
JUAN MANUEL VIGNALI,"Vignali, Juan Manuel",2016,San Lorenzo Siglo XXI,Asamblea,46,SI
JUAN MANUEL VIGNALI,"Vignali, Juan Manuel",2013,San Lorenzo Siglo XXI,Asamblea,35,SI
JUAN MANUEL VIGNALI,"Vignali, Juan Manuel",2010,Mas San Lorenzo,Asamblea,5,SI
JUAN MANUEL VIGNALI,"Vignali, Juan Manuel",2007,Progreso Azulgrana,Comisión Directiva,Sub-Intendente,NO
JUAN MANUEL VIGNALI,"Vignali, Juan Manuel",2022,San Lorenzo Querido,Asamblea,,NO
BELLANI RICARDO,"Bellani, Ricardo",2023,Volver a San Lorenzo,Asamblea,13,NO
BELLANI RICARDO,"Bellani, Ricardo",2022,Volver a San Lorenzo,Asamblea,,NO
FERNANDEZ QUIROZ SANTIAGO,"Fernandez Quiroz, Santiago",2023,Orden y Progreso Sanlorencista,Asamblea,14,SI
CLAUDIO COLOMBO,"Colombo, Claudio",2023,X Amor a San Lorenzo,Asamblea,14,NO
CLAUDIO COLOMBO,"Colombo, Claudio",2019,San Lorenzo Siglo XXI,Asamblea,16,SI
CLAUDIO COLOMBO,"Colombo, Claudio",2016,San Lorenzo Siglo XXI,Asamblea,45,SI
CLAUDIO COLOMBO,"Colombo, Claudio",2013,San Lorenzo Siglo XXI,Asamblea,3,SI
CLAUDIO COLOMBO,"Colombo, Claudio",2012 (Extraordinaria),San Lorenzo Siglo XXI,Comisión Directiva,Sub-Intendente,NO
CLAUDIO COLOMBO,"Colombo, Claudio",2010,Mas San Lorenzo,Comisión Directiva,Vocal 2,NO
CLAUDIO COLOMBO,"Colombo, Claudio",2007,Progreso Azulgrana,Comisión Directiva,Pro-Tesorero,NO
CLAUDIO COLOMBO,"Colombo, Claudio",2012 (EXTRAORDINARIA),San Lorenzo Siglo XXI,Comisión Directiva,,SI
CLAUDIO COLOMBO,"Colombo, Claudio",2012 (ASAMBLEA),Transitoria,Comisión Directiva,,SI
LINARES ROBERTO,"Liñares, Roberto",2023,Volver a San Lorenzo,Asamblea,14,NO
LINARES ROBERTO,"Liñares, Roberto",2022,Volver a San Lorenzo,Asamblea,,NO
FURCI JORGE OSVALDO,"Furci, Jorge Osvaldo",2023,Orden y Progreso Sanlorencista,Asamblea,15,NO
FURCI JORGE OSVALDO,"Furci, Jorge Osvaldo",2022,Renovación Sanlorencista,Asamblea,,NO
CAROLINA TRUZZI,"Truzzi, Carolina",2023,X Amor a San Lorenzo,Asamblea,15,NO
CAROLINA TRUZZI,"Truzzi, Carolina",2022,Siempre San Lorenzo,Asamblea,,NO
MARTINA YAZALDE,"Yazalde, Martina",2023,Volver a San Lorenzo,Asamblea,15,NO
MARTINA YAZALDE,"Yazalde, Martina",2022,Volver a San Lorenzo,Asamblea,,NO
DORSA GUIDO,"Dorsa, Guido",2023,Orden y Progreso Sanlorencista,Asamblea,16,NO
BERDINAS MARCELO MARTIN,"BERDIÑAS, MARTIN MARCELO",2023,X Amor a San Lorenzo,Asamblea,16,NO
BERDINAS MARCELO MARTIN,"BERDIÑAS, MARTIN MARCELO",2010,Vamos San Lorenzo,Asamblea,39,NO
EDELSTEIN MARCELO,"Edelstein, Marcelo",2023,Boedo en Accion,Asamblea,17,SI
EDELSTEIN MARCELO,"Edelstein, Marcelo",2019,Frente Pasión Azulgrana,Asamblea,10,NO
EDELSTEIN MARCELO,"Edelstein, Marcelo",2010,Vamos San Lorenzo,Asamblea,31,SI
EDELSTEIN MARCELO,"Edelstein, Marcelo",2022,Boedo en Accion,Asamblea,,NO
FERNANDO TROIANO,"Troiano, Fernando",2023,Orden y Progreso Sanlorencista,Asamblea,17,NO
BUBILLIO GARCIA MAXIMILIANO,"Garcia Bubillio, Maximiliano",2023,X Amor a San Lorenzo,Asamblea,17,NO
BRIAN SABEL,"Sabel, Brian",2023,Volver a San Lorenzo,Asamblea,17,NO
CARAVOTTA HERNAN,"Caravotta, Hernan",2023,Boedo en Accion,Asamblea,18,SI
CARAVOTTA HERNAN,"Caravotta, Hernan",2022,Boedo en Accion,Asamblea,,NO
HECTOR SALCEDO,"Salcedo, Hector",2023,Orden y Progreso Sanlorencista,Asamblea,18,NO
ANGEL CARRILLO ENRIQUE,"CARRILLO, ANGEL ENRIQUE",2023,X Amor a San Lorenzo,Asamblea,18,NO
ANGEL CARRILLO ENRIQUE,"CARRILLO, ANGEL ENRIQUE",2019,San Lorenzo Siglo XXI,Asamblea,54,SI
ANGEL CARRILLO ENRIQUE,"CARRILLO, ANGEL ENRIQUE",2016,San Lorenzo Siglo XXI,Asamblea,42,SI
BELLANI ESTEBAN,"Bellani, Esteban",2023,Volver a San Lorenzo,Asamblea,18,NO
BELLANI ESTEBAN,"Bellani, Esteban",2022,Volver a San Lorenzo,Asamblea,,NO
CARUSO SOFIA,"Caruso, Sofia",2023,Orden y Progreso Sanlorencista,Asamblea,19,NO
DE GIOVANNI SEBASTIAN,"De Giovanni, Sebastian",2023,X Amor a San Lorenzo,Asamblea,19,NO
BIONDO MARCO,"Biondo, Marco",2023,Volver a San Lorenzo,Asamblea,19,NO
BARBARA CARRASCO MARIANA,"Carrasco, Barbara Mariana",2023,Boedo en Accion,Asamblea,20,SI
MARTINA PALETTA,"Paletta, Martina",2023,X Amor a San Lorenzo,Asamblea,20,NO
MARISA TARRIO,"Tarrio, Marisa",2023,Volver a San Lorenzo,Asamblea,20,NO
MANUEL SALVADOR,"Salvador, Manuel",2023,Orden y Progreso Sanlorencista,Asamblea,21,NO
ARIEL FUNES GUSTAVO,"Funes, Gustavo Ariel",2023,X Amor a San Lorenzo,Asamblea,21,NO
AHUMARAN GABRIEL,"Ahumaran, Gabriel",2023,Boedo en Accion,Asamblea,22,SI
AHUMARAN GABRIEL,"Ahumaran, Gabriel",2022,Boedo en Accion,Asamblea,,NO
FABIAN VOLONTE,"Volonte, Fabian",2023,Orden y Progreso Sanlorencista,Asamblea,22,NO
CLAUDIO MORRONE,"Morrone, Claudio",2023,X Amor a San Lorenzo,Asamblea,22,NO
CLAUDIO MORRONE,"Morrone, Claudio",2019,San Lorenzo Siglo XXI,Asamblea,78,NO
CLAUDIO MORRONE,"Morrone, Claudio",2022,San Lorenzo Querido,Asamblea,,NO
CARLOS JUAN SAURO,"Sauro, Juan Carlos",2023,Volver a San Lorenzo,Asamblea,22,NO
CARLOS JUAN SAURO,"Sauro, Juan Carlos",2022,Volver a San Lorenzo,Asamblea,,NO
HUGO MONTI,"Monti, Hugo",2023,Boedo en Accion,Asamblea,23,SI
HUGO MONTI,"Monti, Hugo",2022,Boedo en Accion,Asamblea,,NO
MATRA PABLO,"Matra, Pablo",2023,Orden y Progreso Sanlorencista,Asamblea,23,NO
GARCIA GUSTAVO,"Garcia, Gustavo",2023,X Amor a San Lorenzo,Asamblea,23,NO
ALEJANDRO LOSADA,"Losada, Alejandro",2023,Volver a San Lorenzo,Asamblea,23,NO
ALEJANDRO LOSADA,"Losada, Alejandro",2019,Volver a San Lorenzo,Comisión Directiva,Vocal 10,NO
ALEJANDRO LOSADA,"Losada, Alejandro",2022,Volver a San Lorenzo,Asamblea,,NO
CARBONE NICOLAS,"Carbone, Nicolas",2023,Boedo en Accion,Asamblea,24,SI
AQUINO NADIA,"Aquino, Nadia",2023,Orden y Progreso Sanlorencista,Asamblea,24,NO
DANIEL RICARDO SANCHEZ,"Sanchez, Daniel Ricardo",2023,X Amor a San Lorenzo,Asamblea,24,NO
DANIEL RICARDO SANCHEZ,"Sanchez, Daniel Ricardo",2019,San Lorenzo Siglo XXI,Asamblea,52,SI
DANIEL RICARDO SANCHEZ,"Sanchez, Daniel Ricardo",2022,San Lorenzo Querido,Asamblea,,NO
ROBERTO STAHLI,"Stahli, Roberto",2023,Volver a San Lorenzo,Asamblea,24,NO
ROBERTO STAHLI,"Stahli, Roberto",2022,Volver a San Lorenzo,Asamblea,,NO
ROMBULA SOFIA,"Rombula, Sofia",2023,Boedo en Accion,Asamblea,25,SI
JUAN KAVANAGH PABLO,"Kavanagh, Juan Pablo",2023,Orden y Progreso Sanlorencista,Asamblea,25,NO
BINDA CACERES ORIANA,"Binda Caceres, Oriana",2023,X Amor a San Lorenzo,Asamblea,25,NO
CATAPANO CRISTINA MARIA,"CATAPANO, MARIA CRISTINA",2023,Volver a San Lorenzo,Asamblea,25,NO
CATAPANO CRISTINA MARIA,"CATAPANO, MARIA CRISTINA",2016,Volver a San Lorenzo,Asamblea,13,NO
CATAPANO CRISTINA MARIA,"CATAPANO, MARIA CRISTINA",2010,Mas San Lorenzo,Asamblea,56,NO
CATAPANO CRISTINA MARIA,"CATAPANO, MARIA CRISTINA",2022,Volver a San Lorenzo,Asamblea,,NO
CATAPANO CRISTINA MARIA,"CATAPANO, MARIA CRISTINA",2019,Volver a San Lorenzo,Fiscalizadora,,NO
BREA SEBASTIAN,"Brea, Sebastian",2023,Orden y Progreso Sanlorencista,Asamblea,26,NO
BREA SEBASTIAN,"Brea, Sebastian",2022,Renovación Sanlorencista,Asamblea,,NO
MANSILLA PABLO,"Mansilla, Pablo",2023,X Amor a San Lorenzo,Asamblea,26,NO
MANSILLA PABLO,"Mansilla, Pablo",2022,Boedo en Accion,Asamblea,,NO
GUSTAVO LUCCHINI,"Lucchini, Gustavo",2023,Volver a San Lorenzo,Asamblea,26,NO
CERVETTO SERGIO,"Cervetto, Sergio",2023,Boedo en Accion,Asamblea,27,SI
CERVETTO SERGIO,"Cervetto, Sergio",2022,Boedo en Accion,Asamblea,,NO
MARIANO SCORZA,"Scorza, Mariano",2023,Orden y Progreso Sanlorencista,Asamblea,27,NO
ANDRES MARTIN RODRIGUEZ,"Rodriguez, Martin Andres",2023,X Amor a San Lorenzo,Asamblea,27,NO
BRITOS MATIAS,"Britos, Matias",2023,Volver a San Lorenzo,Asamblea,27,NO
MANOGRASSO WALTER,"Manograsso, Walter",2023,Orden y Progreso Sanlorencista,Asamblea,28,NO
JUAN MARTIN OSSWALD,"Osswald, Juan Martin",2023,X Amor a San Lorenzo,Asamblea,28,NO
JUAN MARTIN OSSWALD,"Osswald, Juan Martin",2016,San Lorenzo Siglo XXI,Asamblea,10,SI
JUAN MARTIN OSSWALD,"Osswald, Juan Martin",2013,San Lorenzo Siglo XXI,Asamblea,26,SI
JUAN MARTIN OSSWALD,"Osswald, Juan Martin",2012 (Extraordinaria),Por San Lorenzo,Comisión Directiva,Intendente,NO
JUAN MARTIN OSSWALD,"Osswald, Juan Martin",2012 (EXTRAORDINARIA),Por San Lorenzo,Comisión Directiva,,NO
FRANCO NICOLAS,"Franco, Nicolas",2023,Boedo en Accion,Asamblea,29,SI
FRANCO NICOLAS,"Franco, Nicolas",2019,San Lorenzo Siglo XXI,Asamblea,27,SI
FRANCO NICOLAS,"Franco, Nicolas",2016,San Lorenzo Siglo XXI,Asamblea,34,SI
DELFINA VOLONTE,"Volonte, Delfina",2023,Orden y Progreso Sanlorencista,Asamblea,29,NO
GRANDA JAVIER MARCELO,"Granda, Javier Marcelo",2023,X Amor a San Lorenzo,Asamblea,29,NO
GRANDA JAVIER MARCELO,"Granda, Javier Marcelo",2016,San Lorenzo Siglo XXI,Asamblea,60,NO
GRANDA JAVIER MARCELO,"Granda, Javier Marcelo",2013,San Lorenzo Siglo XXI,Asamblea,56,NO
GRANDA JAVIER MARCELO,"Granda, Javier Marcelo",2022,San Lorenzo Querido,Asamblea,,NO
ANIBAL BARENGO ENRIQUE,"BARENGO, ANIBAL ENRIQUE",2023,Volver a San Lorenzo,Asamblea,29,NO
ANIBAL BARENGO ENRIQUE,"BARENGO, ANIBAL ENRIQUE",2019,Volver a San Lorenzo,Asamblea,51,NO
ANIBAL BARENGO ENRIQUE,"BARENGO, ANIBAL ENRIQUE",2010,Mas San Lorenzo,Asamblea,31,NO
ANIBAL BARENGO ENRIQUE,"BARENGO, ANIBAL ENRIQUE",2022,Volver a San Lorenzo,Asamblea,,NO
CARLA LITRENTA,"Litrenta, Carla",2023,Boedo en Accion,Asamblea,30,SI
LEONARDO PAYASLIAN,"Payaslian, Leonardo",2023,Orden y Progreso Sanlorencista,Asamblea,30,NO
LEONARDO PAYASLIAN,"Payaslian, Leonardo",2016,Cruzada por San Lorenzo,Asamblea,37,NO
LEONARDO PAYASLIAN,"Payaslian, Leonardo",2013,Cruzada por San Lorenzo,Asamblea,18,NO
CIANCIO DE KARINA,"De Ciancio, Karina",2023,X Amor a San Lorenzo,Asamblea,30,NO
BALBASTRO LAURA,"Balbastro, Laura",2023,Volver a San Lorenzo,Asamblea,30,NO
BALBASTRO LAURA,"Balbastro, Laura",2022,Renovación Sanlorencista,Comisión Directiva,,NO
HERNAN MAZZARA MIGUEL,"Mazzara, Miguel Hernan",2023,Boedo en Accion,Asamblea,31,SI
HERNAN MAZZARA MIGUEL,"Mazzara, Miguel Hernan",2019,Frente Pasión Azulgrana,Asamblea,20,NO
HERNAN MAZZARA MIGUEL,"Mazzara, Miguel Hernan",2004,San Lorenzo para Todos,Asamblea,11,SI
HERNAN MAZZARA MIGUEL,"Mazzara, Miguel Hernan",2022,Siempre San Lorenzo,Asamblea,,NO
FACUNDO OSES,"Oses, Facundo",2023,Orden y Progreso Sanlorencista,Asamblea,31,NO
ANTONIO DE LUCCA,"De Lucca, Antonio",2023,X Amor a San Lorenzo,Asamblea,31,NO
ANTONIO DE LUCCA,"De Lucca, Antonio",2022,San Lorenzo Querido,Asamblea,,NO
FERNANDO PACHIANI,"Pachiani, Fernando",2023,Volver a San Lorenzo,Asamblea,31,NO
FERNANDO PACHIANI,"Pachiani, Fernando",2022,Volver a San Lorenzo,Asamblea,,NO
CLAUDIO TOSTI,"Tosti, Claudio",2023,Boedo en Accion,Asamblea,32,SI
CLAUDIO TOSTI,"Tosti, Claudio",2019,Frente Pasión Azulgrana,Asamblea,76,NO
CLAUDIO TOSTI,"Tosti, Claudio",2022,Siempre San Lorenzo,Asamblea,,NO
ANDRES PEREZ,"Perez, Andres",2023,Orden y Progreso Sanlorencista,Asamblea,32,NO
AVEDISIAN CARLOS,"Avedisian, Carlos",2023,X Amor a San Lorenzo,Asamblea,32,NO
ELISSECHE MARIANO,"Elisseche, Mariano",2023,Volver a San Lorenzo,Asamblea,32,NO
ALEGRE RUBEN,"Alegre, Ruben",2023,Boedo en Accion,Asamblea,33,SI
ALEGRE RUBEN,"Alegre, Ruben",2019,San Lorenzo Siglo XXI,Asamblea,44,SI
CABANA LAURA,"Cabana, Laura",2023,Orden y Progreso Sanlorencista,Asamblea,33,NO
GUSTAVO SEQUEIRA,"Sequeira, Gustavo",2023,X Amor a San Lorenzo,Asamblea,33,NO
ARIEL BASILE,"Basile, Ariel",2023,Volver a San Lorenzo,Asamblea,33,NO
ARIEL BASILE,"Basile, Ariel",2019,Volver a San Lorenzo,Comisión Directiva,Vocal 15,NO
ARIEL BASILE,"Basile, Ariel",2016,Volver a San Lorenzo,Comisión Directiva,Pro-Secretario,NO
CHRISTIAN LOPEZ,"Lopez, Christian",2023,Boedo en Accion,Asamblea,34,SI
ALLARIA BORGHETTI IGNACIO,"Allaria Borghetti, Ignacio",2023,Orden y Progreso Sanlorencista,Asamblea,34,NO
GASTON ROMERO,"Romero, Gaston",2023,X Amor a San Lorenzo,Asamblea,34,NO
BRUN CARLOS MARIA,"BRUN, CARLOS MARIA",2023,Volver a San Lorenzo,Asamblea,34,NO
BRUN CARLOS MARIA,"BRUN, CARLOS MARIA",2019,Volver a San Lorenzo,Asamblea,29,NO
BRUN CARLOS MARIA,"BRUN, CARLOS MARIA",2010,Nuevo San Lorenzo,Asamblea,13,NO
BRUN CARLOS MARIA,"BRUN, CARLOS MARIA",2022,Volver a San Lorenzo,Asamblea,,NO
ALMIRON AYELEN,"Almiron, Ayelen",2023,Boedo en Accion,Asamblea,35,SI
BUZZANO RUBEN,"Buzzano, Ruben",2023,Orden y Progreso Sanlorencista,Asamblea,35,NO
BUZZANO RUBEN,"Buzzano, Ruben",2022,Renovación Sanlorencista,Asamblea,,NO
ANDREA GHIRIMOLDI,"Ghirimoldi, Andrea",2023,X Amor a San Lorenzo,Asamblea,35,NO
GERALDINE SEYSSEL,"Seyssel, Geraldine",2023,Volver a San Lorenzo,Asamblea,35,NO
DIEGO MARTONI PEREZ,"Perez Martoni, Diego",2023,Boedo en Accion,Asamblea,36,SI
DIEGO MARTONI PEREZ,"Perez Martoni, Diego",2022,Boedo en Accion,Comisión Directiva,,NO
BRICO DI FEDERICO,"Di Brico, Federico",2023,Orden y Progreso Sanlorencista,Asamblea,36,NO
ADRIAN CHIOSSONE SERRANO,"Serrano Chiossone, Adrian",2023,X Amor a San Lorenzo,Asamblea,36,NO
RAFAEL ROJAS,"Rojas, Rafael",2023,Volver a San Lorenzo,Asamblea,36,NO
RAFAEL ROJAS,"Rojas, Rafael",2019,Volver a San Lorenzo,Comisión Directiva,Vocal 9,NO
RAFAEL ROJAS,"Rojas, Rafael",2022,Volver a San Lorenzo,Asamblea,,NO
ANTONIO JORGE ROMANO,"Romano, Jorge Antonio",2023,Boedo en Accion,Asamblea,37,SI
FITO MACARENA MARIA VALLS,"Fito Valls, Maria Macarena",2023,Orden y Progreso Sanlorencista,Asamblea,37,NO
ARIEL CRESCENTE,"Crescente, Ariel",2023,X Amor a San Lorenzo,Asamblea,37,NO
HORACIO JORGE REIMS,"Reims, Horacio Jorge",2023,Volver a San Lorenzo,Asamblea,37,NO
HORACIO JORGE REIMS,"Reims, Horacio Jorge",2016,Volver a San Lorenzo,Comisión Directiva,Sub-Intendente,NO
HORACIO JORGE REIMS,"Reims, Horacio Jorge",2013,Volver a San Lorenzo,Comisión Directiva,Pro-Secretario,NO
HORACIO JORGE REIMS,"Reims, Horacio Jorge",2007,Frente Sanlorencista,Asamblea,20,NO
HORACIO JORGE REIMS,"Reims, Horacio Jorge",2004,Dignidad por San Lorenzo,Asamblea,10,NO
HORACIO JORGE REIMS,"Reims, Horacio Jorge",2022,Volver a San Lorenzo,Asamblea,,NO
ANDRES CAMPOS CARLOS,"Campos, Carlos Andres",2023,Boedo en Accion,Asamblea,38,SI
RODOLFO SANDOVAL,"Sandoval, Rodolfo",2023,Orden y Progreso Sanlorencista,Asamblea,38,NO
BRITEZ CLAUDIO RODRIGUEZ,"Rodriguez Britez, Claudio",2023,X Amor a San Lorenzo,Asamblea,38,NO
BRITEZ CLAUDIO RODRIGUEZ,"Rodriguez Britez, Claudio",2022,San Lorenzo Querido,Asamblea,,NO
MAXIMILIANO PONZIO,"Ponzio, Maximiliano",2023,Volver a San Lorenzo,Asamblea,38,NO
MAXIMILIANO PONZIO,"Ponzio, Maximiliano",2019,Volver a San Lorenzo,Asamblea,82,NO
MAXIMILIANO PONZIO,"Ponzio, Maximiliano",2016,Volver a San Lorenzo,Comisión Directiva,Intendente,NO
MAXIMILIANO PONZIO,"Ponzio, Maximiliano",2013,Volver a San Lorenzo,Asamblea,23,NO
MAXIMILIANO PONZIO,"Ponzio, Maximiliano",2022,Volver a San Lorenzo,Asamblea,,NO
HECTOR SPINA,"Spina, Hector",2023,Boedo en Accion,Asamblea,39,SI
HECTOR SPINA,"Spina, Hector",1998,Nuevo Rumbo Sanlorencista,Asamblea,16,SI
HECTOR SPINA,"Spina, Hector",2007,Frente Sanlorencista,Asamblea,18,NO
HECTOR SPINA,"Spina, Hector",2004,De Nuevo San Lorenzo,Asamblea,2,SI
HECTOR SPINA,"Spina, Hector",2001,Nuevo Rumbo Sanlorencista,Asamblea,12,SI
HECTOR SPINA,"Spina, Hector",1989,Nuevo Rumbo Sanlorencista,Asamblea,55,NO
HECTOR SPINA,"Spina, Hector",2022,Boedo en Accion,Asamblea,,NO
ALVAREZ BERGAGLIO MARCELO,"Bergaglio Alvarez, Marcelo",2023,Orden y Progreso Sanlorencista,Asamblea,39,NO
ALESSANDRO D GILDA,"D'Alessandro, Gilda",2023,X Amor a San Lorenzo,Asamblea,39,NO
BELUCCI FEDERICO,"Belucci, Federico",2023,Volver a San Lorenzo,Asamblea,39,NO
BELUCCI FEDERICO,"Belucci, Federico",2022,Volver a San Lorenzo,Asamblea,,NO
LAFUENTE NORMA,"Lafuente, Norma",2023,Boedo en Accion,Asamblea,40,SI
ALEJANDRO PANTULLIANO,"Pantulliano, Alejandro",2023,Orden y Progreso,Asamblea,40,NO
ALEJANDRO PANTULLIANO,"Pantulliano, Alejandro",2022,Renovación Sanlorencista,Asamblea,,NO
EINHORN YAEL,"Einhorn, Yael",2023,X Amor a San Lorenzo,Asamblea,40,NO
EINHORN YAEL,"Einhorn, Yael",2022,Siempre San Lorenzo,Asamblea,,NO
ARAUJO CLAUDIA,"Araujo, Claudia",2023,Volver a San Lorenzo,Asamblea,40,NO
MATEO SCHALE,"Schale, Mateo",2023,Boedo en Accion,Asamblea,41,SI
CESAR FURCI,"Furci, Cesar",2023,Orden y Progreso Sanlorencista,Asamblea,41,NO
CESAR FURCI,"Furci, Cesar",2022,Renovación Sanlorencista,Asamblea,,NO
CEJAS FERNANDO,"Cejas, Fernando",2023,X Amor a San Lorenzo,Asamblea,41,NO
CEJAS FERNANDO,"Cejas, Fernando",2010,Vamos San Lorenzo,Asamblea,16,SI
CARLOS GUSTAVO TALLON,"Tallon, Carlos Gustavo",2023,Volver a San Lorenzo,Asamblea,41,NO
CARLOS GUSTAVO TALLON,"Tallon, Carlos Gustavo",2019,Volver a San Lorenzo,Asamblea,16,NO
CARLOS GUSTAVO TALLON,"Tallon, Carlos Gustavo",2016,Volver a San Lorenzo,Comisión Directiva,Vocal 12,NO
CARLOS GUSTAVO TALLON,"Tallon, Carlos Gustavo",2022,Volver a San Lorenzo,Asamblea,,NO
CARRASCO EDUARDO HORACIO,"Carrasco, Horacio Eduardo",2023,Boedo en Accion,Asamblea,42,SI
CARRASCO EDUARDO HORACIO,"Carrasco, Horacio Eduardo",1998,Nuevo Rumbo Sanlorencista,Asamblea,8,SI
CARRASCO EDUARDO HORACIO,"Carrasco, Horacio Eduardo",2010,Grandeza Azulgrana,Asamblea,39,NO
CARRASCO EDUARDO HORACIO,"Carrasco, Horacio Eduardo",1989,Nuevo Rumbo Sanlorencista,Asamblea,12,SI
CARRASCO EDUARDO HORACIO,"Carrasco, Horacio Eduardo",1986,Nuevo Rumbo Sanlorencista,Asamblea,31,SI
CARRASCO EDUARDO HORACIO,"Carrasco, Horacio Eduardo",2022,Boedo en Accion,Asamblea,,NO
GUSTAVO MAMERSCHTEIN MIYAR,"Mamerschtein Miyar, Gustavo",2023,Orden y Progreso Sanlorencista,Asamblea,42,NO
GUSTAVO MAMERSCHTEIN MIYAR,"Mamerschtein Miyar, Gustavo",2007,Frente San Lorenzo,Comisión Directiva,Vocal 7,NO
GUSTAVO MAMERSCHTEIN MIYAR,"Mamerschtein Miyar, Gustavo",2004,Unidos por San Lorenzo,Comisión Directiva,Vocal 6,NO
GUSTAVO MAMERSCHTEIN MIYAR,"Mamerschtein Miyar, Gustavo",2001,Unidos por San Lorenzo,Comisión Directiva,Vocal 8,NO
GUSTAVO MAMERSCHTEIN MIYAR,"Mamerschtein Miyar, Gustavo",2022,Renovación Sanlorencista,Fiscalizadora,,NO
ALBERTO MATTELONE PANTALEON,"Mattelone Pantaleon, Alberto",2023,X Amor a San Lorenzo,Asamblea,42,NO
HUGO LOVEY NESTOR,"Lovey, Nestor Hugo",2023,Volver a San Lorenzo,Asamblea,42,NO
HUGO LOVEY NESTOR,"Lovey, Nestor Hugo",2022,Volver a San Lorenzo,Asamblea,,NO
ALFONSO RAMIRO RIOFRIO,"Riofrio Alfonso, Ramiro",2023,Boedo en Accion,Asamblea,43,SI
GALEAZZO JORGE,"Galeazzo, Jorge",2023,Orden y Progreso Sanlorencista,Asamblea,43,NO
GALEAZZO JORGE,"Galeazzo, Jorge",2022,Renovación Sanlorencista,Asamblea,,NO
BINDA MARCELO,"Binda, Marcelo",2023,X Amor a San Lorenzo,Asamblea,43,NO
BINDA MARCELO,"Binda, Marcelo",2022,San Lorenzo Querido,Asamblea,,NO
ASSADOURIAN AUGUSTO PAULO,"Assadourian, Augusto Paulo",2023,Volver a San Lorenzo,Asamblea,43,NO
ASSADOURIAN AUGUSTO PAULO,"Assadourian, Augusto Paulo",2022,Volver a San Lorenzo,Asamblea,,NO
FERNANDEZ FLORES MANUEL,"Fernandez Flores, Manuel",2023,Boedo en Accion,Asamblea,44,SI
CAPUTO ERICA,"Caputo, Erica",2023,Orden y Progreso Sanlorencista,Asamblea,44,NO
CAPUTO ERICA,"Caputo, Erica",2019,Frente Pasión Azulgrana,Asamblea,24,NO
GARCIA MITHEUX PABLO,"Garcia Mitheux, Pablo",2023,X Amor a San Lorenzo,Asamblea,44,NO
GARCIA MITHEUX PABLO,"Garcia Mitheux, Pablo",2022,San Lorenzo Querido,Asamblea,,NO
AMOR ARIEL SERGIO,"Amor, Sergio Ariel",2023,Volver a San Lorenzo,Asamblea,44,NO
AMOR ARIEL SERGIO,"Amor, Sergio Ariel",2022,Volver a San Lorenzo,Asamblea,,NO
CAPDEVILLE DIEGO,"Capdeville, Diego",2023,Orden y Progreso Sanlorencista,Asamblea,45,NO
CLAUDIA ROSSINI,"Rossini, Claudia",2023,X Amor a San Lorenzo,Asamblea,45,NO
CLAUDIA ROSSINI,"Rossini, Claudia",2019,Frente Pasión Azulgrana,Asamblea,14,NO
CLAUDIA ROSSINI,"Rossini, Claudia",2022,Siempre San Lorenzo,Asamblea,,NO
AGUSTIN SUCCARI,"Succari, Agustin",2023,Orden y Progreso Sanlorencista,Asamblea,46,NO
MARTIN PEREZ,"Perez, Martin",2023,X Amor a San Lorenzo,Asamblea,46,NO
MARTIN PEREZ,"Perez, Martin",2019,Frente Pasión Azulgrana,Comisión Directiva,Vocal 2,NO
MARTIN PEREZ,"Perez, Martin",2022,Siempre San Lorenzo,Asamblea,,NO
IVAN NORDENSTROM,"Nordenstrom, Ivan",2023,Volver a San Lorenzo,Asamblea,46,NO
AGUSTIN ORTIZ,"Ortiz, Agustin",2023,Boedo en Accion,Asamblea,47,SI
GONZALEZ ULISES,"Gonzalez, Ulises",2023,Orden y Progreso Sanlorencista,Asamblea,47,NO
DODERO FLAVIO,"Dodero, Flavio",2023,X Amor a San Lorenzo,Asamblea,47,NO
LEONARDO VIDAL WALTER,"Vidal, Leonardo Walter",2023,Volver a San Lorenzo,Asamblea,47,NO
LEONARDO VIDAL WALTER,"Vidal, Leonardo Walter",2019,Volver a San Lorenzo,Asamblea,59,NO
LEONARDO VIDAL WALTER,"Vidal, Leonardo Walter",2022,Volver a San Lorenzo,Asamblea,,NO
GONZALEZ GUSTAVO IGLESIAS,"Gonzalez Iglesias, Gustavo",2023,Orden y Progreso Sanlorencista,Asamblea,48,NO
ALLO DIEGO,"Allo, Diego",2023,X Amor a San Lorenzo,Asamblea,48,NO
ALLO DIEGO,"Allo, Diego",2022,Boedo en Accion,Asamblea,,NO
FEDERICO LOURA,"Loura, Federico",2023,Volver a San Lorenzo,Asamblea,48,NO
LUIS PUIG RAMOS,"Ramos Puig, Luis",2023,Orden y Progreso Sanlorencista,Asamblea,49,NO
HERNAN PABLO VERO,"Vero, Pablo Hernan",2023,X Amor a San Lorenzo,Asamblea,49,NO
CINGOLANI CORONEL DANIEL,"Coronel, Cingolani Daniel",2023,Volver a San Lorenzo,Asamblea,49,NO
LOPEZ MONICA,"Lopez, Monica",2023,Boedo en Accion,Asamblea,50,SI
LOPEZ MONICA,"Lopez, Monica",2022,Boedo en Accion,Asamblea,,NO
MAURICIO SGUT,"Sgut, Mauricio",2023,Orden y Progreso Sanlorencista,Asamblea,50,NO
MAURICIO SGUT,"Sgut, Mauricio",1989,Frederesa,Asamblea,16,NO
MAURICIO SGUT,"Sgut, Mauricio",2022,Renovación Sanlorencista,Asamblea,,NO
GIORDANO ROMINA,"Giordano, Romina",2023,X Amor a San Lorenzo,Asamblea,50,NO
LAURA MARIA TRIPODI,"Tripodi, Maria Laura",2023,Volver a San Lorenzo,Asamblea,50,NO
LAURA MARIA TRIPODI,"Tripodi, Maria Laura",2022,Volver a San Lorenzo,Asamblea,,NO
GUIN MARTIN,"Guin, Martin",2023,Boedo en Accion,Asamblea,51,SI
PALOMA PIOVANI,"Piovani, Paloma",2023,Orden y Progreso Sanlorencista,Asamblea,51,NO
PALOMA PIOVANI,"Piovani, Paloma",2022,Renovación Sanlorencista,Asamblea,,NO
ANDRES FACUNDO IBANEZ,"IBAÑEZ, FACUNDO ANDRES",2023,Volver a San Lorenzo,Asamblea,51,NO
ANDRES FACUNDO IBANEZ,"IBAÑEZ, FACUNDO ANDRES",2019,Volver a San Lorenzo,Asamblea,70,NO
ANDRES FACUNDO IBANEZ,"IBAÑEZ, FACUNDO ANDRES",2016,Volver a San Lorenzo,Asamblea,36,NO
ANDRES FACUNDO IBANEZ,"IBAÑEZ, FACUNDO ANDRES",2013,Volver a San Lorenzo,Comisión Directiva,Intendente,NO
ANDRES FACUNDO IBANEZ,"IBAÑEZ, FACUNDO ANDRES",2022,Volver a San Lorenzo,Asamblea,,NO
CLARION ROBERTO,"Clarion, Roberto",2023,Orden y Progreso Sanlorencista,Asamblea,52,NO
BUSTOS GASTON MARIANO,"Bustos, Mariano Gaston",2023,X Amor a San Lorenzo,Asamblea,52,NO
BUSTOS GASTON MARIANO,"Bustos, Mariano Gaston",2022,Siempre San Lorenzo,Asamblea,,NO
FABIAN GUSTAVO SANCHEZ,"Sanchez, Gustavo Fabian",2023,Volver a San Lorenzo,Asamblea,52,NO
FABIAN GUSTAVO SANCHEZ,"Sanchez, Gustavo Fabian",2019,Volver a San Lorenzo,Asamblea,47,NO
FABIAN GUSTAVO SANCHEZ,"Sanchez, Gustavo Fabian",2016,Volver a San Lorenzo,Comisión Directiva,Vocal 8,NO
FABIAN GUSTAVO SANCHEZ,"Sanchez, Gustavo Fabian",2013,Volver a San Lorenzo,Comisión Directiva,Vocal 7,NO
FABIAN GUSTAVO SANCHEZ,"Sanchez, Gustavo Fabian",2022,Volver a San Lorenzo,Asamblea,,NO
FABIAN GUSTAVO SANCHEZ,"Sanchez, Gustavo Fabian",2007,Frente San Lorenzo,Fiscalizadora,,SI
FABIO SANTACROCE,"Santacroce, Fabio",2023,Boedo en Accion,Asamblea,53,SI
CARLOS JUAN RUIZ,"Ruiz, Juan Carlos",2023,Orden y Progreso Sanlorencista,Asamblea,53,NO
ALONSO DANIEL MARCELO,"Alonso, Marcelo Daniel",2023,X Amor a San Lorenzo,Asamblea,53,NO
ALONSO DANIEL MARCELO,"Alonso, Marcelo Daniel",2010,Mas San Lorenzo,Asamblea,15,NO
ALONSO DANIEL MARCELO,"Alonso, Marcelo Daniel",2007,Progreso Azulgrana,Comisión Directiva,Vocal 8,NO
ALONSO DANIEL MARCELO,"Alonso, Marcelo Daniel",2022,San Lorenzo Querido,Asamblea,,NO
AICHINO FERNANDO,"Aichino, Fernando",2023,Boedo en Accion,Asamblea,54,SI
JUAN MANUEL PIESCO,"Piesco, Juan Manuel",2023,Orden y Progreso Sanlorencista,Asamblea,54,NO
FERNANDO JAIDA,"Jaida, Fernando",2023,X Amor a San Lorenzo,Asamblea,54,NO
ARIEL GARGANO,"Gargano, Ariel",2023,Volver a San Lorenzo,Asamblea,54,NO
ARIEL GARGANO,"Gargano, Ariel",2022,Volver a San Lorenzo,Asamblea,,NO
NATALIA UBIEDO,"Ubiedo, Natalia",2023,Boedo en Accion,Asamblea,55,SI
ARENILLAS PABLO,"Arenillas, Pablo",2023,Orden y Progreso Sanlorencista,Asamblea,55,NO
ESTELA ZAPATA,"Zapata, Estela",2023,X Amor a San Lorenzo,Asamblea,55,NO
MICAELA TEVES,"Teves, Micaela",2023,Volver a San Lorenzo,Asamblea,55,NO
GARIBOTTO JUAN PABLO,"Garibotto, Juan Pablo",2023,Boedo en Accion,Asamblea,56,SI
BUZZANO LUCIA,"Buzzano, Lucia",2023,Orden y Progreso Sanlorencista,Asamblea,56,NO
BUZZANO LUCIA,"Buzzano, Lucia",2022,Renovación Sanlorencista,Asamblea,,NO
HECTOR MASSENA,"Massena, Hector",2023,X Amor a San Lorenzo,Asamblea,56,NO
HECTOR MASSENA,"Massena, Hector",2019,Cruzada por San Lorenzo,Asamblea,12,NO
HECTOR MASSENA,"Massena, Hector",2016,Cruzada por San Lorenzo,Comisión Directiva,Vocal 14,NO
HECTOR MASSENA,"Massena, Hector",2022,Siempre San Lorenzo,Asamblea,,NO
JAVIER TORELLO,"Torello, Javier",2023,Volver a San Lorenzo,Asamblea,56,NO
POLLA RAUL,"Polla, Raul",2023,Boedo en Accion,Asamblea,57,SI
POLLA RAUL,"Polla, Raul",1989,Nuevo Rumbo Sanlorencista,Asamblea,19,SI
POLLA RAUL,"Polla, Raul",2022,Boedo en Accion,Asamblea,,NO
POLLA RAUL,"Polla, Raul",2007,Frente San Lorenzo,Fiscalizadora,,NO
DANIEL HECTOR TERRAGNO,"Terragno, Daniel Hector",2023,Orden y Progreso Sanlorencista,Asamblea,57,NO
DANIEL HECTOR TERRAGNO,"Terragno, Daniel Hector",2010,Nuevo San Lorenzo,Asamblea,24,NO
DANIEL HECTOR TERRAGNO,"Terragno, Daniel Hector",2007,Frente San Lorenzo,Asamblea,15,SI
DANIEL HECTOR TERRAGNO,"Terragno, Daniel Hector",2022,Renovación Sanlorencista,Asamblea,,NO
LUCAS MICELI PABLO,"MICELI, LUCAS PABLO",2023,X Amor a San Lorenzo,Asamblea,57,NO
LUCAS MICELI PABLO,"MICELI, LUCAS PABLO",2019,Frente Pasión Azulgrana,Comisión Directiva,Vocal 4,NO
LUCAS MICELI PABLO,"MICELI, LUCAS PABLO",2019,Frente Pasión Azulgrana,Asamblea,64,NO
LUCAS MICELI PABLO,"MICELI, LUCAS PABLO",2004,Dignidad por San Lorenzo,Comisión Directiva,Vocal 11,NO
LUCAS MICELI PABLO,"MICELI, LUCAS PABLO",2022,Siempre San Lorenzo,Asamblea,,NO
PALMARES RAUL,"Palmares, Raul",2023,Volver a San Lorenzo,Asamblea,57,NO
PALMARES RAUL,"Palmares, Raul",2019,Volver a San Lorenzo,Asamblea,48,NO
PALMARES RAUL,"Palmares, Raul",2022,Volver a San Lorenzo,Asamblea,,NO
ADRIAN DUCRET,"Ducret, Adrian",2023,Orden y Progreso Sanlorencista,Asamblea,58,NO
ARIEL OLITE,"Olite, Ariel",2023,X Amor a San Lorenzo,Asamblea,58,NO
ARIEL OLITE,"Olite, Ariel",2022,Siempre San Lorenzo,Asamblea,,NO
PABLO RUEDA,"Rueda, Pablo",2023,Volver a San Lorenzo,Asamblea,58,NO
PABLO RUEDA,"Rueda, Pablo",2022,Volver a San Lorenzo,Asamblea,,NO
LEONARDO STOLL,"Stoll, Leonardo",2023,Boedo en Accion,Asamblea,59,SI
FUSCO LEANDRO,"Fusco, Leandro",2023,Orden y Progreso Sanlorencista,Asamblea,59,NO
BRIAN PAZ,"Paz, Brian",2023,X Amor a San Lorenzo,Asamblea,59,NO
LAFFITE MARIANO,"Laffite, Mariano",2023,Volver a San Lorenzo,Asamblea,59,NO
LAFFITE MARIANO,"Laffite, Mariano",2016,Volver a San Lorenzo,Asamblea,59,NO
LAFFITE MARIANO,"Laffite, Mariano",2013,Volver a San Lorenzo,Comisión Directiva,Tesorero,NO
LAFFITE MARIANO,"Laffite, Mariano",2022,Volver a San Lorenzo,Asamblea,,NO
CIRIZA LUDMILA,"Ciriza, Ludmila",2023,Orden y Progreso Sanlorencista,Asamblea,60,NO
ALEJANDRA BARRATTO RITA,"Barratto, Rita Alejandra",2023,X Amor a San Lorenzo,Asamblea,60,NO
ALEJANDRA BARRATTO RITA,"Barratto, Rita Alejandra",2019,Cruzada por San Lorenzo,Comisión Directiva,Vocal 18,NO
ALEJANDRA BARRATTO RITA,"Barratto, Rita Alejandra",2022,Siempre San Lorenzo,Asamblea,,NO
CELESTE ELISSECHE,"Elisseche, Celeste",2023,Volver a San Lorenzo,Asamblea,60,NO
GRANUCCI LUCAS,"Granucci, Lucas",2023,Boedo en Accion,Asamblea,61,NO
GRANUCCI LUCAS,"Granucci, Lucas",2022,Boedo en Accion,Asamblea,,NO
LAUREANO MOGGIA,"Moggia, Laureano",2023,Orden y Progreso Sanlorencista,Asamblea,61,NO
ADRIAN CARLOS LOPEZ,"Lopez, Carlos Adrian",2023,X Amor a San Lorenzo,Asamblea,61,NO
ADRIAN CARLOS LOPEZ,"Lopez, Carlos Adrian",2022,San Lorenzo Querido,Asamblea,,NO
CESAR DIAZ,"Diaz, Cesar",2023,Volver a San Lorenzo,Asamblea,61,NO
DIEGO TORREGROSA,"Torregrosa, Diego",2023,Boedo en Accion,Asamblea,62,NO
FRANCISCO SCHIAVETTA,"Schiavetta, Francisco",2023,Orden y Progreso Sanlorencista,Asamblea,62,NO
ALFREDO ALVAREZ GUSTAVO,"Alvarez, Gustavo Alfredo",2023,X Amor a San Lorenzo,Asamblea,62,NO
ALFREDO ALVAREZ GUSTAVO,"Alvarez, Gustavo Alfredo",2019,Cruzada por San Lorenzo,Asamblea,16,NO
ALFREDO ALVAREZ GUSTAVO,"Alvarez, Gustavo Alfredo",2016,Cruzada por San Lorenzo,Asamblea,12,NO
ALFREDO ALVAREZ GUSTAVO,"Alvarez, Gustavo Alfredo",2013,Cruzada por San Lorenzo,Asamblea,43,NO
ALFREDO ALVAREZ GUSTAVO,"Alvarez, Gustavo Alfredo",2010,Cruzada por San Lorenzo,Asamblea,9,NO
ALFREDO ALVAREZ GUSTAVO,"Alvarez, Gustavo Alfredo",2022,Siempre San Lorenzo,Asamblea,,NO
ALBERTO LUIS RODRIGUEZ,"Rodriguez, Luis Alberto",2023,Volver a San Lorenzo,Asamblea,62,NO
EDUARDO RITACCO,"Ritacco, Eduardo",2023,Boedo en Accion,Asamblea,63,NO
EDUARDO RITACCO,"Ritacco, Eduardo",2019,Frente Pasión Azulgrana,Asamblea,16,NO
EDUARDO RITACCO,"Ritacco, Eduardo",2016,Volver a San Lorenzo,Asamblea,5,NO
EDUARDO RITACCO,"Ritacco, Eduardo",2013,Volver a San Lorenzo,Asamblea,10,NO
EDUARDO RITACCO,"Ritacco, Eduardo",2022,Boedo en Accion,Asamblea,,NO
FACUNDO MENENDEZ,"Menendez, Facundo",2023,Orden y Progreso Sanlorencista,Asamblea,63,NO
FACUNDO MENENDEZ,"Menendez, Facundo",2022,Renovación Sanlorencista,Asamblea,,NO
EMANUEL IBANEZ MATIAS,"IBAÑEZ, MATIAS EMANUEL",2023,X Amor a San Lorenzo,Asamblea,63,NO
EMANUEL IBANEZ MATIAS,"IBAÑEZ, MATIAS EMANUEL",2019,San Lorenzo Siglo XXI,Asamblea,87,NO
EMANUEL IBANEZ MATIAS,"IBAÑEZ, MATIAS EMANUEL",2013,San Lorenzo Siglo XXI,Asamblea,58,NO
JULIAN SAYAGO SUEIRO,"Sueiro Sayago, Julian",2023,Volver a San Lorenzo,Asamblea,63,NO
JULIAN SAYAGO SUEIRO,"Sueiro Sayago, Julian",2022,Volver a San Lorenzo,Asamblea,,NO
FACUNDO KAPROW LANCIONI,"Lancioni Kaprow, Facundo",2023,Boedo en Accion,Asamblea,64,NO
FACUNDO KAPROW LANCIONI,"Lancioni Kaprow, Facundo",2022,Boedo en Accion,Asamblea,,NO
ANTONIO JOSE PRADO,"Prado, Jose Antonio",2023,Orden y Progreso Sanlorencista,Asamblea,64,NO
ANTONIO JOSE PRADO,"Prado, Jose Antonio",2022,Renovación Sanlorencista,Asamblea,,NO
ADRIAN MARCELO PARRA,"PARRA, MARCELO ADRIAN",2023,X Amor a San Lorenzo,Asamblea,64,NO
ADRIAN MARCELO PARRA,"PARRA, MARCELO ADRIAN",2019,Cruzada por San Lorenzo,Asamblea,8,NO
ADRIAN MARCELO PARRA,"PARRA, MARCELO ADRIAN",2016,Cruzada por San Lorenzo,Comisión Directiva,Vocal 15,NO
ADRIAN MARCELO PARRA,"PARRA, MARCELO ADRIAN",2022,Siempre San Lorenzo,Asamblea,,NO
EMILIANO VALLECILLO,"Vallecillo, Emiliano",2023,Volver a San Lorenzo,Asamblea,64,NO
CAMBAS VALERIA,"Cambas, Valeria",2023,Boedo en Accion,Asamblea,65,NO
CAMBAS VALERIA,"Cambas, Valeria",2022,Siempre San Lorenzo,Asamblea,,NO
BENITEZ FABRIZIO MIERES,"Mieres Benitez, Fabrizio",2023,Orden y Progreso Sanlorencista,Asamblea,65,NO
BENITEZ FABRIZIO MIERES,"Mieres Benitez, Fabrizio",2022,Renovación Sanlorencista,Asamblea,,NO
ARDETI GLORIA,"Ardeti, Gloria",2023,X Amor a San Lorenzo,Asamblea,65,NO
RUTH SANTELLI,"Santelli, Ruth",2023,Volver a San Lorenzo,Asamblea,65,NO
FERREYRO GABRIEL,"Ferreyro, Gabriel",2023,Boedo en Accion,Asamblea,66,NO
FERREYRO GABRIEL,"Ferreyro, Gabriel",2022,Boedo en Accion,Asamblea,,NO
DE DELIA LICCIARDELLO RUIZ,"Licciardello de Ruiz, Delia",2023,Orden y Progreso Sanlorencista,Asamblea,66,NO
DIEGO MARCHIONNI,"Marchionni, Diego",2023,X Amor a San Lorenzo,Asamblea,66,NO
PEREYRA RAMOS,"Pereyra, Ramos",2023,Volver a San Lorenzo,Asamblea,66,NO
ARMANDO DIEGO VERA,"Vera, Diego Armando",2023,Boedo en Accion,Asamblea,67,NO
ARMANDO DIEGO VERA,"Vera, Diego Armando",2022,Boedo en Accion,Asamblea,,NO
MIGUEL ORLANDO SACHITELLA,"Sachitella, Miguel Orlando",2023,Orden y Progreso Sanlorencista,Asamblea,67,NO
ALBERTO CARLOS VAZQUEZ,"Vazquez, Carlos Alberto",2023,X Amor a San Lorenzo,Asamblea,67,NO
IZUEL MARTIN,"Izuel, Martin",2023,Volver a San Lorenzo,Asamblea,67,NO
IZUEL MARTIN,"Izuel, Martin",2022,Volver a San Lorenzo,Asamblea,,NO
FERNANDO SPOSARO,"Sposaro, Fernando",2023,Boedo en Accion,Asamblea,68,NO
ALEJANDRO CARUSO SANTIAGO,"Caruso, Santiago Alejandro",2023,Orden y Progreso Sanlorencista,Asamblea,68,NO
BARBIERI CARLOS JUAN,"Barbieri, Juan Carlos",2023,X Amor a San Lorenzo,Asamblea,68,NO
BARBIERI CARLOS JUAN,"Barbieri, Juan Carlos",2019,Frente Pasión Azulgrana,Asamblea,53,NO
BARBIERI CARLOS JUAN,"Barbieri, Juan Carlos",2022,Siempre San Lorenzo,Asamblea,,NO
ALBERTO SAPIA,"Sapia, Alberto",2023,Volver a San Lorenzo,Asamblea,68,NO
ALBERTO SAPIA,"Sapia, Alberto",2019,Volver a San Lorenzo,Asamblea,39,NO
ALBERTO SAPIA,"Sapia, Alberto",2016,Volver a San Lorenzo,Asamblea,26,NO
ALBERTO SAPIA,"Sapia, Alberto",2022,Volver a San Lorenzo,Asamblea,,NO
LONGO OSCAR,"Longo, Oscar",2023,Boedo en Accion,Asamblea,69,NO
LONGO OSCAR,"Longo, Oscar",2013,San Lorenzo Siglo XXI,Asamblea,54,NO
LONGO OSCAR,"Longo, Oscar",2022,Boedo en Accion,Asamblea,,NO
RUBEN VILLALBA,"Villalba, Ruben",2023,Orden y Progreso Sanlorencista,Asamblea,69,NO
MARIANO SALVATORI,"Salvatori, Mariano",2023,X Amor a San Lorenzo,Asamblea,69,NO
MARIANO SALVATORI,"Salvatori, Mariano",2022,San Lorenzo Querido,Asamblea,,NO
MAURO SANTONO,"Santono, Mauro",2023,Volver a San Lorenzo,Asamblea,69,NO
CELESTE CUELLAS,"Cuellas, Celeste",2023,Boedo en Accion,Asamblea,70,NO
MARTIN RUIZ,"Ruiz, Martin",2023,Orden y Progreso Sanlorencista,Asamblea,70,NO
NELIDA VOLLARO,"Vollaro, Nelida",2023,X Amor a San Lorenzo,Asamblea,70,NO
ARAUJO NUNEZ YAEL,"Nuñez, Araujo Yael",2023,Volver a San Lorenzo,Asamblea,70,NO
GIOIA MARTIN,"Gioia, Martin",2023,Boedo en Accion,Asamblea,71,NO
GIOIA MARTIN,"Gioia, Martin",2022,Boedo en Accion,Asamblea,,NO
DIEGO FLEITAS,"Fleitas, Diego",2023,Orden y Progreso Sanlorencista,Asamblea,71,NO
ALBARRACIN MONTIEL PATRICIO,"Montiel Albarracin, PAtricio",2023,X Amor a San Lorenzo,Asamblea,71,NO
LEONARDO SZENDREI,"Szendrei, Leonardo",2023,Volver a San Lorenzo,Asamblea,71,NO
LEONARDO SZENDREI,"Szendrei, Leonardo",2019,Volver a San Lorenzo,Asamblea,65,NO
LEONARDO SZENDREI,"Szendrei, Leonardo",2022,Volver a San Lorenzo,Asamblea,,NO
ALBERTO DIAZ JOSE,"Diaz, Jose Alberto",2023,Boedo en Accion,Asamblea,72,NO
ALBERTO DIAZ JOSE,"Diaz, Jose Alberto",2010,Boedo en Accion,Comisión Directiva,Vocal 9,NO
ALBERTO DIAZ JOSE,"Diaz, Jose Alberto",2022,Boedo en Accion,Asamblea,,NO
ESTELA FURCI MARIA,"Furci, Maria Estela",2023,Orden y Progreso Sanlorencista,Asamblea,72,NO
ESTELA FURCI MARIA,"Furci, Maria Estela",2022,Renovación Sanlorencista,Asamblea,,NO
DI JUAN MANUEL PAOLA,"Di Paola, Juan Manuel",2023,X Amor a San Lorenzo,Asamblea,72,NO
HECTOR STORTINI,"Stortini, Hector",2023,Volver a San Lorenzo,Asamblea,72,NO
HECTOR STORTINI,"Stortini, Hector",2022,Volver a San Lorenzo,Asamblea,,NO
ORCIOULI TOBIAS,"Orciouli, Tobias",2023,Boedo en Accion,Asamblea,73,NO
ORCIOULI TOBIAS,"Orciouli, Tobias",2022,Volver a San Lorenzo,Asamblea,,NO
FRANCISCO NAVARRO,"Navarro, Francisco",2023,Orden y Progreso Sanlorencista,Asamblea,73,NO
FRANCISCO NAVARRO,"Navarro, Francisco",2022,Renovación Sanlorencista,Asamblea,,NO
ELIAS GUSTAVO,"Elias, Gustavo",2023,X Amor a San Lorenzo,Asamblea,73,NO
ELIAS GUSTAVO,"Elias, Gustavo",2022,Siempre San Lorenzo,Asamblea,,NO
IGNACIO RATTO,"Ratto, Ignacio",2023,Volver a San Lorenzo,Asamblea,73,NO
IGNACIO RATTO,"Ratto, Ignacio",2019,Volver a San Lorenzo,Asamblea,73,NO
IGNACIO RATTO,"Ratto, Ignacio",2016,Volver a San Lorenzo,Asamblea,37,NO
IGNACIO RATTO,"Ratto, Ignacio",2022,Volver a San Lorenzo,Asamblea,,NO
CASERTA GARCIA JUAN PABLO,"Garcia Caserta, Juan Pablo",2023,Boedo en Accion,Asamblea,74,NO
CARDELLI DANIEL,"Cardelli, Daniel",2023,Orden y Progreso Sanlorencista,Asamblea,74,NO
CARDELLI DANIEL,"Cardelli, Daniel",2022,Renovación Sanlorencista,Asamblea,,NO
JULIO LAVANDA,"Lavanda, Julio",2023,X Amor a San Lorenzo,Asamblea,74,NO
FEDERICO RATTO,"Ratto, Federico",2023,Volver a San Lorenzo,Asamblea,74,NO
FEDERICO RATTO,"Ratto, Federico",2016,Volver a San Lorenzo,Asamblea,32,NO
FEDERICO RATTO,"Ratto, Federico",2022,Volver a San Lorenzo,Asamblea,,NO
DE MELINA VITO,"De Vito, Melina",2023,Boedo en Accion,Asamblea,75,NO
MARTIN NOSENZO,"Nosenzo, Martin",2023,Orden y Progreso,Asamblea,75,NO
BRIGGS JUAN MANUEL,"Briggs, Juan Manuel",2023,X Amor a San Lorenzo,Asamblea,75,NO
BRIGGS JUAN MANUEL,"Briggs, Juan Manuel",2010,Vamos San Lorenzo,Asamblea,50,NO
MAIORANO MARINA,"Maiorano, Marina",2023,Volver a San Lorenzo,Asamblea,75,NO
MAIORANO MARINA,"Maiorano, Marina",2019,Volver a San Lorenzo,Asamblea,79,NO
MAIORANO MARINA,"Maiorano, Marina",2022,Renovación Sanlorencista,Fiscalizadora,,NO
NORBERTO PISTOIA,"Pistoia, Norberto",2023,Boedo en Accion,Asamblea,76,NO
LEONARDO ROLDAN,"Roldan, Leonardo",2023,Orden y Progreso Sanlorencista,Asamblea,76,NO
TARELLI VANINA,"Tarelli, Vanina",2023,X Amor a San Lorenzo,Asamblea,76,NO
BANULS EMANUEL,"Bañuls, Emanuel",2023,Volver a San Lorenzo,Asamblea,76,NO
BANULS EMANUEL,"Bañuls, Emanuel",2019,Volver a San Lorenzo,Asamblea,20,NO
BANULS EMANUEL,"Bañuls, Emanuel",2022,Volver a San Lorenzo,Asamblea,,NO
NESTOR TORADELLI,"Toradelli, Nestor",2023,Boedo en Accion,Asamblea,77,NO
NESTOR TORADELLI,"Toradelli, Nestor",2022,Boedo en Accion,Asamblea,,NO
MARIN MATIAS,"Marin, Matias",2023,Orden y Progreso Sanlorencista,Asamblea,77,NO
DE GUSTAVO ROSA,"De Rosa, Gustavo",2023,X Amor a San Lorenzo,Asamblea,77,NO
DE GUSTAVO ROSA,"De Rosa, Gustavo",2019,San Lorenzo Siglo XXI,Asamblea,71,SI
CLAUDIO IBARROLA,"Ibarrola, Claudio",2023,Volver a San Lorenzo,Asamblea,77,NO
CLAUDIO IBARROLA,"Ibarrola, Claudio",2016,Volver a San Lorenzo,Asamblea,14,NO
DIEGO SACO,"Saco, Diego",2023,Boedo en Accion,Asamblea,78,NO
DIEGO SACO,"Saco, Diego",2022,Boedo en Accion,Asamblea,,NO
DIEGO GASTON WELEDNIGER,"Weledniger, Diego Gaston",2023,Orden y Progreso Sanlorencista,Asamblea,78,NO
ARDETTI GONZALO VAZQUEZ,"Vazquez Ardetti, Gonzalo",2023,X Amor a San Lorenzo,Asamblea,78,NO
ENRIQUE RAVAZANO,"Ravazano, Enrique",2023,Volver a San Lorenzo,Asamblea,78,NO
ENRIQUE RAVAZANO,"Ravazano, Enrique",2016,Volver a San Lorenzo,Asamblea,8,NO
ENRIQUE RAVAZANO,"Ravazano, Enrique",2013,Volver a San Lorenzo,Comisión Directiva,Vocal 9,NO
ENRIQUE RAVAZANO,"Ravazano, Enrique",2022,Volver a San Lorenzo,Asamblea,,NO
DIZ FERNANDO,"Diz, Fernando",2023,Boedo en Accion,Asamblea,79,NO
DIZ FERNANDO,"Diz, Fernando",2022,Boedo en Accion,Asamblea,,NO
JOAQUIN MENENDEZ,"Menendez, Joaquin",2023,Orden y Progreso Sanlorencista,Asamblea,79,NO
JOAQUIN MENENDEZ,"Menendez, Joaquin",2022,Renovación Sanlorencista,Asamblea,,NO
ALEJANDRO CLAUDIO FLORIO,"FLORIO, CLAUDIO ALEJANDRO",2023,X Amor a San Lorenzo,Asamblea,79,NO
ALEJANDRO CLAUDIO FLORIO,"FLORIO, CLAUDIO ALEJANDRO",2019,Cruzada por San Lorenzo,Asamblea,13,NO
ALEJANDRO CLAUDIO FLORIO,"FLORIO, CLAUDIO ALEJANDRO",2016,Cruzada por San Lorenzo,Asamblea,10,NO
ALEJANDRO CLAUDIO FLORIO,"FLORIO, CLAUDIO ALEJANDRO",2013,Cruzada por San Lorenzo,Comisión Directiva,Vocal 10,NO
ALEJANDRO CLAUDIO FLORIO,"FLORIO, CLAUDIO ALEJANDRO",2012 (Extraordinaria),Cruzada por San Lorenzo,Comisión Directiva,Vocal 4,NO
ALEJANDRO CLAUDIO FLORIO,"FLORIO, CLAUDIO ALEJANDRO",2010,Cruzada por San Lorenzo,Comisión Directiva,Vocal 6,NO
ALEJANDRO CLAUDIO FLORIO,"FLORIO, CLAUDIO ALEJANDRO",2012 (EXTRAORDINARIA),Cruzada por San Lorenzo,Comisión Directiva,,NO
ALEJANDRO CLAUDIO FLORIO,"FLORIO, CLAUDIO ALEJANDRO",2022,Siempre San Lorenzo,Asamblea,,NO
JOAQUIN LOPEZ SANTIAGO,"Lopez, Joaquin Santiago",2023,Volver a San Lorenzo,Asamblea,79,NO
JOAQUIN LOPEZ SANTIAGO,"Lopez, Joaquin Santiago",2013,Volver a San Lorenzo,Comisión Directiva,Vocal 5,NO
JOAQUIN LOPEZ SANTIAGO,"Lopez, Joaquin Santiago",2022,Volver a San Lorenzo,Asamblea,,NO
JOAQUIN LOPEZ SANTIAGO,"Lopez, Joaquin Santiago",2019,Volver a San Lorenzo,Fiscalizadora,,NO
MAGALI SPINA,"Spina, Magali",2023,Boedo en Accion,Asamblea,80,NO
MAGALI SPINA,"Spina, Magali",2022,Boedo en Accion,Asamblea,,NO
CLAUDIO DE FUENTE LA,"De La Fuente, Claudio",2023,Orden y Progreso Sanlorencista,Asamblea,80,NO
CLAUDIO DE FUENTE LA,"De La Fuente, Claudio",2022,Renovación Sanlorencista,Asamblea,,NO
GUDINO SOLEDAD,"Gudiño, Soledad",2023,X Amor a San Lorenzo,Asamblea,80,NO
CASTRO MARIA,"Castro, Maria",2023,Volver a San Lorenzo,Asamblea,80,NO
HECTOR SALGADO,"Salgado, Hector",2023,Boedo en Accion,Asamblea,81,NO
HECTOR SALGADO,"Salgado, Hector",2022,Boedo en Accion,Asamblea,,NO
BUZZANO CAMILA,"Buzzano, Camila",2023,Orden y Progreso Sanlorencista,Asamblea,81,NO
BUZZANO CAMILA,"Buzzano, Camila",2022,Renovación Sanlorencista,Asamblea,,NO
HORACIO MUNOZ,"Muñoz, Horacio",2023,X Amor a San Lorenzo,Asamblea,81,NO
GUSTAVO PIROLO,"Pirolo, Gustavo",2023,Volver a San Lorenzo,Asamblea,81,NO
GUSTAVO PIROLO,"Pirolo, Gustavo",2022,Volver a San Lorenzo,Asamblea,,NO
BATTIPAGLIA LEONARDO,"Battipaglia, Leonardo",2023,Boedo en Accion,Asamblea,82,NO
FIGUEROA PATRICIA,"Figueroa, Patricia",2023,Orden y Progreso Sanlorencista,Asamblea,82,NO
CONTRERAS MIGUEL,"Contreras, Miguel",2023,X Amor a San Lorenzo,Asamblea,82,NO
ARIEL MEDOLLA,"Medolla, Ariel",2023,Volver a San Lorenzo,Asamblea,82,NO
LUIS PABLO PERGOLANI,"Pergolani, Pablo Luis",2023,Boedo en Accion,Asamblea,83,NO
LUIS PABLO PERGOLANI,"Pergolani, Pablo Luis",2022,Boedo en Accion,Asamblea,,NO
RODRIGUEZ VIVIANA,"Rodriguez, Viviana",2023,Orden y Progreso Sanlorencista,Asamblea,83,NO
RODRIGUEZ VIVIANA,"Rodriguez, Viviana",2022,Renovación Sanlorencista,Asamblea,,NO
BRIGGS THIAGO,"Briggs, Thiago",2023,X Amor a San Lorenzo,Asamblea,83,NO
ALBERTO FONTANELLA,"Fontanella, Alberto",2023,Volver a San Lorenzo,Asamblea,83,NO
ALBERTO FONTANELLA,"Fontanella, Alberto",2022,Volver a San Lorenzo,Asamblea,,NO
LEANDRO PAEZ,"Paez, Leandro",2023,Boedo en Accion,Asamblea,84,NO
FLORES GONZALEZ YAGO,"Gonzalez Flores, Yago",2023,Orden y Progreso Sanlorencista,Asamblea,84,NO
GABRIEL SESTA,"Sesta, Gabriel",2023,X Amor a San Lorenzo,Asamblea,84,NO
JOSE LUIS SASTRE,"Sastre, Jose Luis",2023,Volver a San Lorenzo,Asamblea,84,NO
JOSE LUIS SASTRE,"Sastre, Jose Luis",2019,Volver a San Lorenzo,Asamblea,38,NO
JOSE LUIS SASTRE,"Sastre, Jose Luis",2016,Volver a San Lorenzo,Asamblea,7,NO
JOSE LUIS SASTRE,"Sastre, Jose Luis",2013,Volver a San Lorenzo,Asamblea,28,NO
JOSE LUIS SASTRE,"Sastre, Jose Luis",2022,Volver a San Lorenzo,Asamblea,,NO
AVELLA MYRIAM,"Avella, Myriam",2023,Boedo en Accion,Asamblea,85,NO
AVELLA MYRIAM,"Avella, Myriam",2022,Boedo en Accion,Asamblea,,NO
GRECO LUCIANO,"Greco, Luciano",2023,Orden y Progreso Sanlorencista,Asamblea,85,NO
GUSTAVO TREZZA,"Trezza, Gustavo",2023,X Amor a San Lorenzo,Asamblea,85,NO
GUSTAVO TREZZA,"Trezza, Gustavo",2016,Cruzada por San Lorenzo,Asamblea,29,NO
GUSTAVO TREZZA,"Trezza, Gustavo",2022,Siempre San Lorenzo,Asamblea,,NO
FONTANELLA MALENA,"Fontanella, Malena",2023,Volver a San Lorenzo,Asamblea,85,NO
FONTANELLA MALENA,"Fontanella, Malena",2022,Volver a San Lorenzo,Asamblea,,NO
ALEJANDRO SKREPNIK,"Skrepnik, Alejandro",2023,Boedo en Accion,Asamblea,86,NO
DERQUI SANTIAGO,"Derqui, Santiago",2023,Orden y Progreso Sanlorencista,Asamblea,86,NO
RICARTE SARA SEGOVIA,"Ricarte Segovia, Sara",2023,X Amor a San Lorenzo,Asamblea,86,NO
BONANNO PABLO,"Bonanno, Pablo",2023,Volver a San Lorenzo,Asamblea,86,NO
BONANNO PABLO,"Bonanno, Pablo",2019,Volver a San Lorenzo,Asamblea,31,NO
BONANNO PABLO,"Bonanno, Pablo",2016,Volver a San Lorenzo,Asamblea,18,NO
BONANNO PABLO,"Bonanno, Pablo",2013,Volver a San Lorenzo,Asamblea,32,NO
DRAGONETTI RICARDO,"Dragonetti, Ricardo",2023,Boedo en Accion,Asamblea,87,NO
DOMINGUEZ GONZALO,"Dominguez, Gonzalo",2023,Orden y Progreso Sanlorencista,Asamblea,87,NO
DOMINGUEZ GONZALO,"Dominguez, Gonzalo",2022,Renovación Sanlorencista,Asamblea,,NO
MARIANO ROMERO,"Romero, Mariano",2023,X Amor a San Lorenzo,Asamblea,87,NO
OSUNA RAFAEL,"Osuna, Rafael",2023,Volver a San Lorenzo,Asamblea,87,NO
OSUNA RAFAEL,"Osuna, Rafael",2019,Volver a San Lorenzo,Asamblea,17,NO
OSUNA RAFAEL,"Osuna, Rafael",2022,Volver a San Lorenzo,Asamblea,,NO
APUD HIGONET MARIO,"Apud Higonet, Mario",2023,Boedo en Accion,Asamblea,88,NO
DORSA FRANCO,"Dorsa, Franco",2023,Orden y Progreso Sanlorencista,Asamblea,88,NO
FRANCISCO GUERENDIAIN,"Guerendiain, Francisco",2023,X Amor a San Lorenzo,Asamblea,88,NO
PAPACENA RUBEN,"Papacena, Ruben",2023,Volver a San Lorenzo,Asamblea,88,NO
MARTIN PIPARUOLO,"Piparuolo, Martin",2023,Boedo en Accion,Asamblea,89,NO
MARTIN PIPARUOLO,"Piparuolo, Martin",2019,San Lorenzo Siglo XXI,Asamblea,90,NO
MARTIN PIPARUOLO,"Piparuolo, Martin",2022,Boedo en Accion,Asamblea,,NO
ALVAREZ LEONEL SANTIAGO,"Alvarez,Santiago Leonel",2023,Orden y Progreso Sanlorencista,Asamblea,89,NO
ADRIANA NOVAIS,"Novais, Adriana",2023,X Amor a San Lorenzo,Asamblea,89,NO
ADRIANA NOVAIS,"Novais, Adriana",2019,Cruzada por San Lorenzo,Asamblea,15,NO
ADRIANA NOVAIS,"Novais, Adriana",2022,Siempre San Lorenzo,Asamblea,,NO
ALEJANDRO JOSE MIDDONO,"Middono, Jose Alejandro",2023,Volver a San Lorenzo,Asamblea,89,NO
LILIA VILLARINO,"Villarino, Lilia",2023,Boedo en Accion,Asamblea,90,NO
LILIA VILLARINO,"Villarino, Lilia",2013,Volver a San Lorenzo,Asamblea,45,NO
NORMA RONDINELLA,"Rondinella, Norma",2023,Orden y Progreso Sanlorencista,Asamblea,90,NO
NORMA RONDINELLA,"Rondinella, Norma",2022,Renovación Sanlorencista,Asamblea,,NO
ALBERTO JORGE RODRIGUEZ,"Rodriguez, Jorge Alberto",2023,X Amor a San Lorenzo,Asamblea,90,NO
ALBERTO JORGE RODRIGUEZ,"Rodriguez, Jorge Alberto",2019,San Lorenzo Siglo XXI,Asamblea,40,SI
ALBERTO JORGE RODRIGUEZ,"Rodriguez, Jorge Alberto",1986,Movimiento de Reconstruccion Sanlorencista,Asamblea,6,SI
ALBERTO JORGE RODRIGUEZ,"Rodriguez, Jorge Alberto",2022,Boedo en Accion,Asamblea,,NO
ANGELICA DOMINGUEZ,"Dominguez, Angelica",2023,Volver a San Lorenzo,Asamblea,90,NO
DENTE LUCAS,"Dente, Lucas",2023,Boedo en Accion,Fiscalizadora,1,SI
DENTE LUCAS,"Dente, Lucas",2007,Unidos por San Lorenzo,Asamblea,24,SI
DENTE LUCAS,"Dente, Lucas",2022,Boedo en Accion,Fiscalizadora,,NO
DENTE LUCAS,"Dente, Lucas",2010,Boedo en Accion,Fiscalizadora,,NO
BISIGNANI MARCELO,"Bisignani, Marcelo",2023,X Amor a San Lorenzo,Fiscalizadora,1,SI
ANGRIMAN BRUNO,"Angriman, Bruno",2023,Boedo en Accion,Fiscalizadora,2,SI
CARLOS DIEGO MARIN,"Marin, Diego Carlos",2023,Orden y Progreso Sanlorencista,Fiscalizadora,2,SI
LOMOLINO MARIANO,"Lomolino, Mariano",2023,X Amor a San Lorenzo,Fiscalizadora,2,NO
LOMOLINO MARIANO,"Lomolino, Mariano",2022,San Lorenzo Querido,Asamblea,,NO
RUIZ SANTIAGO SEBASTIAN,"Ruiz, Sebastian Santiago",2023,Boedo en Accion,Fiscalizadora,3,NO
JUAN MANUEL SERVENTE,"Servente, Juan Manuel",2023,Orden y Progreso Sanlorencista,Fiscalizadora,3,NO
JUAN MANUEL SERVENTE,"Servente, Juan Manuel",2022,Renovación Sanlorencista,Fiscalizadora,,NO
ANDREA MIRIAM PERAL,"Peral, Miriam Andrea",2023,X Amor a San Lorenzo,Fiscalizadora,3,SI
FRANCISCO PANDULLO,"Pandullo, Francisco",2023,Volver a San Lorenzo,Fiscalizadora,3,NO
FRANCISCO PANDULLO,"Pandullo, Francisco",2019,Volver a San Lorenzo,Comisión Directiva,Vocal 18,NO
FRANCISCO PANDULLO,"Pandullo, Francisco",2022,Volver a San Lorenzo,Fiscalizadora,,NO
ADRIANA GASTALDI,"Gastaldi, Adriana",2023,Boedo en Accion,Fiscalizadora,4,NO
ADRIANA GASTALDI,"Gastaldi, Adriana",2019,San Lorenzo Siglo XXI,Asamblea,24,SI
DURE GISELE JAQUELINE,"Dure, Jaqueline Gisele",2023,Orden y Progreso Sanlorencista,Fiscalizadora,4,NO
RAPOSO RICARDO,"Raposo, Ricardo",2023,X Amor a San Lorenzo,Fiscalizadora,4,NO
RAPOSO RICARDO,"Raposo, Ricardo",2022,Siempre San Lorenzo,Asamblea,,NO
HERNAN VAZQUEZ,"Vazquez, Hernan",2023,Volver a San Lorenzo,Fiscalizadora,4,NO
APOLONIO CLAUDIO TABOADA,"Apolonio Taboada, Claudio",2023,Boedo en Accion,Fiscalizadora,5,NO
APOLONIO CLAUDIO TABOADA,"Apolonio Taboada, Claudio",2022,Boedo en Accion,Fiscalizadora,,NO
ANTONELLA GRAPPI LANDRO,"Grappi Landro, Antonella",2023,Orden y Progreso Sanlorencista,Fiscalizadora,5,NO
CHOQUES DIEGO,"Choques, Diego",2023,X Amor a San Lorenzo,Fiscalizadora,5,NO
CHOQUES DIEGO,"Choques, Diego",2022,Siempre San Lorenzo,Asamblea,,NO
GARCIA MONICA,"Garcia, Monica",2023,Volver a San Lorenzo,Fiscalizadora,5,NO
GARCIA MONICA,"Garcia, Monica",2019,Frente Pasión Azulgrana,Asamblea,45,NO
DOMINGUEZ GABRIEL VENCE Y,"Dominguez y Vence, Gabriel",2023,Boedo en Accion,Fiscalizadora,6,NO
MARRADES PEGITO SEBASTIAN,"Pegito Marrades, Sebastian",2023,Orden y Progreso Sanlorencista,Fiscalizadora,6,NO
ALEJANDRA LOISI,"Loisi, Alejandra",2023,X Amor a San Lorenzo,Fiscalizadora,6,NO
DESTEFANO ROBERTO,"Destefano, Roberto",2023,Volver a San Lorenzo,Fiscalizadora,6,NO
DESTEFANO ROBERTO,"Destefano, Roberto",2019,Volver a San Lorenzo,Comisión Directiva,Vocal 6,NO
DESTEFANO ROBERTO,"Destefano, Roberto",2022,Volver a San Lorenzo,Fiscalizadora,,NO
GIOIA GUSTAVO,"Gioia, Gustavo",2023,Boedo en Accion,Fiscalizadora,7,NO
GIOIA GUSTAVO,"Gioia, Gustavo",2022,Boedo en Accion,Fiscalizadora,,NO
PERAZZO SANTIAGO,"Perazzo, Santiago",2023,Orden y Progreso Sanlorencista,Fiscalizadora,7,NO
GRANDIO LUIS OSVALDO,"Grandio, Luis Osvaldo",2023,X Amor a San Lorenzo,Fiscalizadora,7,NO
GRANDIO LUIS OSVALDO,"Grandio, Luis Osvaldo",2022,Siempre San Lorenzo,Asamblea,,NO
BOLLA SANTIAGO,"Bolla, Santiago",2023,Volver a San Lorenzo,Fiscalizadora,7,NO
BOLLA SANTIAGO,"Bolla, Santiago",2022,Volver a San Lorenzo,Fiscalizadora,,NO
MARCELO TINELLI,"Tinelli, Marcelo",2019,San Lorenzo Siglo XXI,Comisión Directiva,Presidente,SI
MARCELO TINELLI,"Tinelli, Marcelo",2016,San Lorenzo Siglo XXI,Comisión Directiva,Vice-Presidente,SI
MARCELO TINELLI,"Tinelli, Marcelo",2013,San Lorenzo Siglo XXI,Comisión Directiva,Vice-Presidente,SI
MARCELO TINELLI,"Tinelli, Marcelo",2012 (Extraordinaria),San Lorenzo Siglo XXI,Comisión Directiva,Vice-Presidente,NO
MARCELO TINELLI,"Tinelli, Marcelo",2012 (EXTRAORDINARIA),San Lorenzo Siglo XXI,Comisión Directiva,,SI
MARCELO TINELLI,"Tinelli, Marcelo",2012 (ASAMBLEA),Transitoria,Comisión Directiva,,SI
ALBERTO RICARDO SAPONARE,"Saponare, Ricardo Alberto",2019,Frente Pasión Azulgrana,Comisión Directiva,Presidente,NO
ALBERTO RICARDO SAPONARE,"Saponare, Ricardo Alberto",2013,San Lorenzo Siglo XXI,Asamblea,8,SI
ALBERTO RICARDO SAPONARE,"Saponare, Ricardo Alberto",2012 (Extraordinaria),San Lorenzo Siglo XXI,Comisión Directiva,Vocal 5,NO
ALBERTO RICARDO SAPONARE,"Saponare, Ricardo Alberto",2010,Vamos San Lorenzo,Asamblea,7,SI
ALBERTO RICARDO SAPONARE,"Saponare, Ricardo Alberto",2004,San Lorenzo para Todos,Comisión Directiva,Tesorero,NO
ALBERTO RICARDO SAPONARE,"Saponare, Ricardo Alberto",1989,Frederesa,Asamblea,14,NO
ALBERTO RICARDO SAPONARE,"Saponare, Ricardo Alberto",2022,Siempre San Lorenzo,Comisión Directiva,,NO
ALBERTO RICARDO SAPONARE,"Saponare, Ricardo Alberto",2012 (EXTRAORDINARIA),San Lorenzo Siglo XXI,Comisión Directiva,,SI
ALBERTO RICARDO SAPONARE,"Saponare, Ricardo Alberto",2012 (ASAMBLEA),Transitoria,Comisión Directiva,,SI
ALBERTO RICARDO SAPONARE,"Saponare, Ricardo Alberto",1992 (NO HUBO),Nuevo Rumbo Sanlorencista,Comisión Directiva,,SI
CLAUDIO DE SIMONE,"DE SIMONE, CLAUDIO",2019,Cruzada por San Lorenzo,Comisión Directiva,Presidente,NO
CLAUDIO DE SIMONE,"DE SIMONE, CLAUDIO",2016,Cruzada por San Lorenzo,Comisión Directiva,Presidente,SI
CLAUDIO DE SIMONE,"DE SIMONE, CLAUDIO",2013,Cruzada por San Lorenzo,Comisión Directiva,Presidente,SI
CLAUDIO DE SIMONE,"DE SIMONE, CLAUDIO",2012 (Extraordinaria),Cruzada por San Lorenzo,Comisión Directiva,Presidente,NO
CLAUDIO DE SIMONE,"DE SIMONE, CLAUDIO",2010,Cruzada por San Lorenzo,Comisión Directiva,Presidente,SI
CLAUDIO DE SIMONE,"DE SIMONE, CLAUDIO",2012 (EXTRAORDINARIA),Cruzada por San Lorenzo,Comisión Directiva,,SI
ARRECEYGOR HORACIO,"Arreceygor, Horacio",2019,San Lorenzo Siglo XXI,Comisión Directiva,Vice-Presidente,SI
ARRECEYGOR HORACIO,"Arreceygor, Horacio",2016,San Lorenzo Siglo XXI,Comisión Directiva,Vocal 9,SI
ARRECEYGOR HORACIO,"Arreceygor, Horacio",2013,San Lorenzo Siglo XXI,Comisión Directiva,Vocal 2,SI
ARRECEYGOR HORACIO,"Arreceygor, Horacio",2012 (Extraordinaria),San Lorenzo Siglo XXI,Comisión Directiva,Vocal 4,NO
ARRECEYGOR HORACIO,"Arreceygor, Horacio",2010,Nuevo San Lorenzo,Comisión Directiva,Vice-Presidente,NO
ARRECEYGOR HORACIO,"Arreceygor, Horacio",2007,Frente San Lorenzo,Comisión Directiva,Presidente,SI
ARRECEYGOR HORACIO,"Arreceygor, Horacio",2004,San Lorenzo para Todos,Comisión Directiva,Vice-Presidente,SI
ARRECEYGOR HORACIO,"Arreceygor, Horacio",2001,Unidad Azulgrana,Comisión Directiva,Vocal 5,NO
ARRECEYGOR HORACIO,"Arreceygor, Horacio",2012 (EXTRAORDINARIA),San Lorenzo Siglo XXI,Comisión Directiva,,SI
MARIA ORMAECHEA,"Ormaechea, Maria",2019,Frente Pasión Azulgrana,Comisión Directiva,Vice-Presidente,NO
MARIA ORMAECHEA,"Ormaechea, Maria",2022,Siempre San Lorenzo,Comisión Directiva,,NO
PELJHAN SERGIO,"Peljhan, Sergio",2019,Cruzada por San Lorenzo,Comisión Directiva,Vice-Presidente,NO
PELJHAN SERGIO,"Peljhan, Sergio",2016,Cruzada por San Lorenzo,Asamblea,6,NO
PELJHAN SERGIO,"Peljhan, Sergio",2013,Cruzada por San Lorenzo,Asamblea,10,SI
PELJHAN SERGIO,"Peljhan, Sergio",2012 (Extraordinaria),Cruzada por San Lorenzo,Comisión Directiva,Pro-Tesorero,NO
PELJHAN SERGIO,"Peljhan, Sergio",2010,Cruzada por San Lorenzo,Asamblea,8,NO
PELJHAN SERGIO,"Peljhan, Sergio",2022,San Lorenzo Querido,Comisión Directiva,,NO
PELJHAN SERGIO,"Peljhan, Sergio",2016,Cruzada por San Lorenzo,Comisión Directiva,,NO
PELJHAN SERGIO,"Peljhan, Sergio",2012 (EXTRAORDINARIA),Cruzada por San Lorenzo,Comisión Directiva,,NO
ISABEL MARIA VUOTTO,"Vuotto, Maria Isabel",2019,Volver a San Lorenzo,Comisión Directiva,Vocal 1,NO
JORGE PALADINO,"Paladino, Jorge",2019,Frente Pasión Azulgrana,Comisión Directiva,Vocal 1,NO
JORGE PALADINO,"Paladino, Jorge",2022,Siempre San Lorenzo,Comisión Directiva,,NO
ALVAREZ CARMEN DEL MARIA,"Alvarez, Maria del Carmen",2019,Cruzada por San Lorenzo,Comisión Directiva,Vocal 1,NO
ALVAREZ CARMEN DEL MARIA,"Alvarez, Maria del Carmen",2016,Cruzada por San Lorenzo,Asamblea,16,NO
ALVAREZ CARMEN DEL MARIA,"Alvarez, Maria del Carmen",2013,Cruzada por San Lorenzo,Asamblea,36,NO
ALVAREZ CARMEN DEL MARIA,"Alvarez, Maria del Carmen",2010,Cruzada por San Lorenzo,Asamblea,36,NO
BETO CESAR,"Cesar, Beto",2019,Volver a San Lorenzo,Comisión Directiva,Vocal 2,NO
CLAUDIO PERALES,"Perales, Claudio",2019,Cruzada por San Lorenzo,Comisión Directiva,Vocal 2,NO
CLAUDIO PERALES,"Perales, Claudio",2016,Cruzada por San Lorenzo,Comisión Directiva,Vocal 9,NO
CLAUDIO PERALES,"Perales, Claudio",2022,San Lorenzo Querido,Fiscalizadora,,NO
MARCELO VUOTTO,"Vuotto, Marcelo",2019,Volver a San Lorenzo,Comisión Directiva,Vocal 3,NO
JOSE ROZADOS,"Rozados, Jose",2019,Frente Pasión Azulgrana,Comisión Directiva,Vocal 3,NO
COLANGELO MARIANO,"Colangelo, Mariano",2019,Cruzada por San Lorenzo,Comisión Directiva,Vocal 3,NO
COLANGELO MARIANO,"Colangelo, Mariano",2016,Cruzada por San Lorenzo,Comisión Directiva,Vice-Presidente,NO
COLANGELO MARIANO,"Colangelo, Mariano",2013,Cruzada por San Lorenzo,Comisión Directiva,Vocal 1,NO
COLANGELO MARIANO,"Colangelo, Mariano",2012 (Extraordinaria),Cruzada por San Lorenzo,Comisión Directiva,Vocal 1,NO
COLANGELO MARIANO,"Colangelo, Mariano",2010,Cruzada por San Lorenzo,Comisión Directiva,Vocal 2,NO
COLANGELO MARIANO,"Colangelo, Mariano",2012 (EXTRAORDINARIA),Cruzada por San Lorenzo,Comisión Directiva,,NO
ALVAREZ ROBERTO,"Alvarez, Roberto",2019,San Lorenzo Siglo XXI,Comisión Directiva,Vocal 4,SI
ALVAREZ ROBERTO,"Alvarez, Roberto",2016,San Lorenzo Siglo XXI,Comisión Directiva,Vice-Presidente 2º,SI
ALVAREZ ROBERTO,"Alvarez, Roberto",2013,San Lorenzo Siglo XXI,Comisión Directiva,Vice-Presidente 2º,SI
ALVAREZ ROBERTO,"Alvarez, Roberto",2012 (ASAMBLEA),Transitoria,Comisión Directiva,,SI
CIANNI MAXIMILIANO,"Cianni, Maximiliano",2019,Volver a San Lorenzo,Comisión Directiva,Vocal 4,NO
CIANNI MAXIMILIANO,"Cianni, Maximiliano",2016,Volver a San Lorenzo,Asamblea,29,NO
CIANNI MAXIMILIANO,"Cianni, Maximiliano",2010,Grandeza Azulgrana,Comisión Directiva,Vocal 7,NO
ALEJANDRO FERNANDEZ LUIS,"Fernandez, Alejandro Luis",2019,Cruzada por San Lorenzo,Comisión Directiva,Vocal 4,NO
ALEJANDRO FERNANDEZ LUIS,"Fernandez, Alejandro Luis",2013,Cruzada por San Lorenzo,Comisión Directiva,Vocal 3,NO
ALEJANDRO FERNANDEZ LUIS,"Fernandez, Alejandro Luis",2016,Cruzada por San Lorenzo,Comisión Directiva,,NO
ALEJANDRO FERNANDEZ LUIS,"Fernandez, Alejandro Luis",2022,Siempre San Lorenzo,Asamblea,,NO
COSTAS FERNANDEZ MARIA PAULA,"Fernandez Costas, Maria Paula",2019,San Lorenzo Siglo XXI,Comisión Directiva,Vocal 5,SI
COSTAS FERNANDEZ MARIA PAULA,"Fernandez Costas, Maria Paula",2013,San Lorenzo Siglo XXI,Comisión Directiva,Vocal 11,NO
COSTAS FERNANDEZ MARIA PAULA,"Fernandez Costas, Maria Paula",2022,San Lorenzo Querido,Fiscalizadora,,NO
COSTAS FERNANDEZ MARIA PAULA,"Fernandez Costas, Maria Paula",2016,San Lorenzo Siglo XXI,Fiscalizadora,,SI
CAROLINA MARISTANY,"Maristany, Carolina",2019,Volver a San Lorenzo,Comisión Directiva,Vocal 5,NO
ANDREA SPERANZA,"Speranza, Andrea",2019,Frente Pasión Azulgrana,Comisión Directiva,Vocal 5,NO
BUSSO DARIO RODRIGUEZ,"Busso, Dario Rodriguez",2019,Cruzada por San Lorenzo,Comisión Directiva,Vocal 5,NO
BUSSO DARIO RODRIGUEZ,"Busso, Dario Rodriguez",2016,Cruzada por San Lorenzo,Comisión Directiva,Pro-Secretario,NO
BUSSO DARIO RODRIGUEZ,"Busso, Dario Rodriguez",2013,Cruzada por San Lorenzo,Comisión Directiva,Tesorero,NO
BUSSO DARIO RODRIGUEZ,"Busso, Dario Rodriguez",2012 (EXTRAORDINARIA),Cruzada por San Lorenzo,Comisión Directiva,,NO
FERNANDO TERUEL,"Teruel, Fernando",2019,Frente Pasión Azulgrana,Comisión Directiva,Vocal 6,NO
FERNANDO TERUEL,"Teruel, Fernando",2022,Siempre San Lorenzo,Asamblea,,NO
MORELLO OSCAR,"Morello, Oscar",2019,Frente Pasión Azulgrana,Comisión Directiva,Vocal 7,NO
GUTIERREZ JORGE OMAR,"Gutierrez, Jorge Omar",2019,Cruzada por San Lorenzo,Comisión Directiva,Vocal 7,NO
GUTIERREZ JORGE OMAR,"Gutierrez, Jorge Omar",2016,Cruzada por San Lorenzo,Comisión Directiva,Vocal 11,NO
GASTON LAVILLE,"Laville, Gaston",2019,San Lorenzo Siglo XXI,Comisión Directiva,Vocal 8,SI
GASTON LAVILLE,"Laville, Gaston",2016,San Lorenzo Siglo XXI,Comisión Directiva,Vocal 13,SI
GASTON LAVILLE,"Laville, Gaston",2022,San Lorenzo Querido,Comisión Directiva,,NO
GASTON LAVILLE,"Laville, Gaston",2013,San Lorenzo Siglo XXI,Comisión Directiva,,NO
GASTON LAVILLE,"Laville, Gaston",2013,San Lorenzo Siglo XXI,Fiscalizadora,,SI
FERNANDEZ GISEL,"Fernandez, Gisel",2019,Volver a San Lorenzo,Comisión Directiva,Vocal 8,NO
ANGLADA DIEGO,"Anglada, Diego",2019,Frente Pasión Azulgrana,Comisión Directiva,Vocal 8,NO
GUTIERREZ LEANDRO PESSANO Y,"Gutierrez, Leandro Pessano y",2019,Cruzada por San Lorenzo,Comisión Directiva,Vocal 8,NO
GUTIERREZ LEANDRO PESSANO Y,"Gutierrez, Leandro Pessano y",2016,Cruzada por San Lorenzo,Comisión Directiva,Vocal 10,NO
GUTIERREZ LEANDRO PESSANO Y,"Gutierrez, Leandro Pessano y",2013,Cruzada por San Lorenzo,Comisión Directiva,Vocal 6,NO
MARCELO PEREZ RUBINO,"Rubino, Marcelo Perez",2019,Frente Pasión Azulgrana,Comisión Directiva,Vocal 9,NO
JOSE LUIS PARRA SANZ,"Sanz, Jose Luis Parra",2019,Cruzada por San Lorenzo,Comisión Directiva,Vocal 9,NO
JOSE LUIS PARRA SANZ,"Sanz, Jose Luis Parra",2016,Cruzada por San Lorenzo,Comisión Directiva,Vocal 18,NO
CARLOS MAXIMILIANO ROSALES,"Rosales, Carlos Maximiliano",2019,San Lorenzo Siglo XXI,Comisión Directiva,Vocal 10,SI
CARLOS MAXIMILIANO ROSALES,"Rosales, Carlos Maximiliano",2010,Nuevo San Lorenzo,Comisión Directiva,Vocal 4,NO
CARLOS MAXIMILIANO ROSALES,"Rosales, Carlos Maximiliano",2007,Unidos por San Lorenzo,Comisión Directiva,Vocal 11,NO
DANIELA TEIXIDO,"Teixido, Daniela",2019,Frente Pasión Azulgrana,Comisión Directiva,Vocal 10,NO
ADRIAN FABIO FERNANDEZ,"Fernandez, Adrian Fabio",2019,Cruzada por San Lorenzo,Comisión Directiva,Vocal 10,NO
ADRIAN FABIO FERNANDEZ,"Fernandez, Adrian Fabio",2022,San Lorenzo Querido,Asamblea,,NO
CHIODINI PABLO,"Chiodini, Pablo",2019,San Lorenzo Siglo XXI,Comisión Directiva,Vocal 11,SI
GIOVANELLI HUGO,"Giovanelli, Hugo",2019,Frente Pasión Azulgrana,Comisión Directiva,Vocal 11,NO
NANCY PELJHAN,"Peljhan, Nancy",2019,Cruzada por San Lorenzo,Comisión Directiva,Vocal 11,NO
MANAS NORBERTO,"Mañas, Norberto",2019,San Lorenzo Siglo XXI,Comisión Directiva,Vocal 12,SI
GRANO LUCAS,"Grano, Lucas",2019,Volver a San Lorenzo,Comisión Directiva,Vocal 12,NO
ALFONSO ANIBAL LOPEZ,"Lopez, Anibal Alfonso",2019,Frente Pasión Azulgrana,Comisión Directiva,Vocal 12,NO
ALFONSO ANIBAL LOPEZ,"Lopez, Anibal Alfonso",2016,Cruzada por San Lorenzo,Asamblea,19,NO
ALFONSO ANIBAL LOPEZ,"Lopez, Anibal Alfonso",2013,Cruzada por San Lorenzo,Asamblea,9,SI
ALFONSO ANIBAL LOPEZ,"Lopez, Anibal Alfonso",2010,Cruzada por San Lorenzo,Comisión Directiva,Vocal 4,NO
DIEGO MENDRI RUBEN,"Mendri, Diego Ruben",2019,Cruzada por San Lorenzo,Comisión Directiva,Vocal 12,NO
ESCOBAR NURIA,"Escobar, Nuria",2019,San Lorenzo Siglo XXI,Comisión Directiva,Vocal 13,NO
ESCOBAR NURIA,"Escobar, Nuria",2022,San Lorenzo Querido,Asamblea,,NO
GUSTAVO VILLAR,"Villar, Gustavo",2019,Volver a San Lorenzo,Comisión Directiva,Vocal 13,NO
GUSTAVO VILLAR,"Villar, Gustavo",2016,Volver a San Lorenzo,Asamblea,6,NO
GUSTAVO VILLAR,"Villar, Gustavo",2013,Volver a San Lorenzo,Comisión Directiva,Vocal 3,NO
ALVAREZ SERGIO,"Alvarez, Sergio",2019,Frente Pasión Azulgrana,Comisión Directiva,Vocal 13,NO
BARI RIQUELME TOMAS,"Riquelme, Tomas Bari",2019,Cruzada por San Lorenzo,Comisión Directiva,Vocal 13,NO
FELIPE SILVESTRE,"Silvestre, Felipe",2019,Volver a San Lorenzo,Comisión Directiva,Vocal 14,NO
FELIPE SILVESTRE,"Silvestre, Felipe",2016,Volver a San Lorenzo,Comisión Directiva,Vocal 10,NO
MONFORTE PATRICIA,"Monforte, Patricia",2019,Frente Pasión Azulgrana,Comisión Directiva,Vocal 14,NO
MONFORTE PATRICIA,"Monforte, Patricia",2022,San Lorenzo Querido,Asamblea,,NO
ITUARTE JULIO SANCHEZ,"Ituarte, Julio Sanchez",2019,Cruzada por San Lorenzo,Comisión Directiva,Vocal 14,NO
CAPRISTO GABRIEL,"Capristo, Gabriel",2019,San Lorenzo Siglo XXI,Comisión Directiva,Vocal 15,SI
CAPRISTO GABRIEL,"Capristo, Gabriel",2016,San Lorenzo Siglo XXI,Comisión Directiva,Vocal 18,SI
CAPRISTO GABRIEL,"Capristo, Gabriel",2022,San Lorenzo Querido,Comisión Directiva,,NO
CAPRISTO GABRIEL,"Capristo, Gabriel",Tribunal de Etica 2017-2014,(Sin datos),Tribunal de Ética,Miembro,SI
CORTEA ELENA,"Cortea, Elena",2019,Frente Pasión Azulgrana,Comisión Directiva,Vocal 15,NO
ALAN LANCE,"Lance, Alan",2019,Cruzada por San Lorenzo,Comisión Directiva,Vocal 15,NO
JUAN SCOLTORE VICENTE,"Scoltore, Juan Vicente",2019,San Lorenzo Siglo XXI,Comisión Directiva,Vocal 16,SI
JULIETA PEDRAZZOLI,"Pedrazzoli, Julieta",2019,Volver a San Lorenzo,Comisión Directiva,Vocal 16,NO
SILVINA VILA,"Vila, Silvina",2019,Frente Pasión Azulgrana,Comisión Directiva,Vocal 16,NO
MACARENA MARIA URRICANET,"Urricanet, Maria Macarena",2019,Cruzada por San Lorenzo,Comisión Directiva,Vocal 16,NO
DE JUAN MARCO PABLO,"Marco, Juan Pablo de",2019,Volver a San Lorenzo,Comisión Directiva,Vocal 17,NO
DE JUAN MARCO PABLO,"Marco, Juan Pablo de",2016,Cruzada por San Lorenzo,Asamblea,34,NO
DE JUAN MARCO PABLO,"Marco, Juan Pablo de",2010,Cruzada por San Lorenzo,Comisión Directiva,Sub-Intendente,NO
GARCIA MELANIE VIOLET,"Garcia, Melanie Violet",2019,Frente Pasión Azulgrana,Comisión Directiva,Vocal 17,NO
MIGUEL ORLANDO SACCHITELA,"Sacchitela, Miguel Orlando",2019,Cruzada por San Lorenzo,Comisión Directiva,Vocal 17,NO
ANDREA BARO MARIELA,"Baro, Mariela Andrea",2019,San Lorenzo Siglo XXI,Comisión Directiva,Vocal 18,SI
ANDREA BARO MARIELA,"Baro, Mariela Andrea",2022,San Lorenzo Querido,Fiscalizadora,,NO
LAURA SAPONARE,"Saponare, Laura",2019,Frente Pasión Azulgrana,Comisión Directiva,Vocal 18,NO
EUGENIO GUSTAVO MARTINEZ,"Martinez, Gustavo Eugenio",2019,San Lorenzo Siglo XXI,Asamblea,1,SI
EUGENIO GUSTAVO MARTINEZ,"Martinez, Gustavo Eugenio",2016,San Lorenzo Siglo XXI,Asamblea,2,SI
EUGENIO GUSTAVO MARTINEZ,"Martinez, Gustavo Eugenio",2013,San Lorenzo Siglo XXI,Asamblea,2,SI
EUGENIO GUSTAVO MARTINEZ,"Martinez, Gustavo Eugenio",2010,Vamos San Lorenzo,Asamblea,3,NO
EUGENIO GUSTAVO MARTINEZ,"Martinez, Gustavo Eugenio",2007,Progreso Azulgrana,Comisión Directiva,Vocal 3,NO
EUGENIO GUSTAVO MARTINEZ,"Martinez, Gustavo Eugenio",2022,San Lorenzo Querido,Comisión Directiva,,NO
EUGENIO GUSTAVO MARTINEZ,"Martinez, Gustavo Eugenio",2010,Vamos San Lorenzo,Fiscalizadora,,NO
EUGENIO GUSTAVO MARTINEZ,"Martinez, Gustavo Eugenio",2004,Dignidad por San Lorenzo,Fiscalizadora,,NO
ANGEL LUIS SARUBBI,"Sarubbi, Luis Angel",2019,Frente Pasión Azulgrana,Asamblea,1,NO
ANIBAL JOSE NABAIS,"Nabais, Jose Anibal",2019,Cruzada por San Lorenzo,Asamblea,1,NO
ANIBAL JOSE NABAIS,"Nabais, Jose Anibal",2016,Cruzada por San Lorenzo,Asamblea,3,SI
ANIBAL JOSE NABAIS,"Nabais, Jose Anibal",2013,Cruzada por San Lorenzo,Asamblea,4,SI
ANIBAL JOSE NABAIS,"Nabais, Jose Anibal",2012 (Extraordinaria),Cruzada por San Lorenzo,Comisión Directiva,Sub-Intendente,NO
ANIBAL JOSE NABAIS,"Nabais, Jose Anibal",2010,Cruzada por San Lorenzo,Asamblea,4,NO
ANIBAL JOSE NABAIS,"Nabais, Jose Anibal",2012 (EXTRAORDINARIA),Cruzada por San Lorenzo,Comisión Directiva,,NO
ANIBAL JOSE NABAIS,"Nabais, Jose Anibal",2022,San Lorenzo Querido,Asamblea,,NO
FERNANDO SERJANOVIC,"Serjanovic, Fernando",2019,San Lorenzo Siglo XXI,Asamblea,2,SI
FERNANDO SERJANOVIC,"Serjanovic, Fernando",2016,San Lorenzo Siglo XXI,Asamblea,1,SI
ARDILES FERNANDEZ JULIO RAFAEL,"FERNANDEZ ARDILES, JULIO RAFAEL",2019,Frente Pasión Azulgrana,Asamblea,2,SI
ARDILES FERNANDEZ JULIO RAFAEL,"FERNANDEZ ARDILES, JULIO RAFAEL",2016,Cruzada por San Lorenzo,Asamblea,60,NO
ARDILES FERNANDEZ JULIO RAFAEL,"FERNANDEZ ARDILES, JULIO RAFAEL",2013,Cruzada por San Lorenzo,Asamblea,40,NO
ARDILES FERNANDEZ JULIO RAFAEL,"FERNANDEZ ARDILES, JULIO RAFAEL",2010,Vamos San Lorenzo,Asamblea,14,SI
ARDILES FERNANDEZ JULIO RAFAEL,"FERNANDEZ ARDILES, JULIO RAFAEL",2004,San Lorenzo para Todos,Comisión Directiva,Vocal 4,NO
ANTONINO VENTRICE,"Ventrice, Antonino",2019,Cruzada por San Lorenzo,Asamblea,2,SI
ANTONINO VENTRICE,"Ventrice, Antonino",2016,Cruzada por San Lorenzo,Asamblea,5,SI
ANTONINO VENTRICE,"Ventrice, Antonino",2013,Cruzada por San Lorenzo,Asamblea,,SI
ERCOLANO MARCELO,"Ercolano, Marcelo",2019,San Lorenzo Siglo XXI,Asamblea,3,SI
ERCOLANO MARCELO,"Ercolano, Marcelo",2016,San Lorenzo Siglo XXI,Comisión Directiva,Vocal 16,NO
ERCOLANO MARCELO,"Ercolano, Marcelo",2013,San Lorenzo Siglo XXI,Comisión Directiva,Vocal 3,SI
ERCOLANO MARCELO,"Ercolano, Marcelo",2012 (Extraordinaria),San Lorenzo Siglo XXI,Comisión Directiva,Pro-Secretario,NO
ERCOLANO MARCELO,"Ercolano, Marcelo",2010,Nuevo San Lorenzo,Comisión Directiva,Tesorero,NO
ERCOLANO MARCELO,"Ercolano, Marcelo",2007,Unidos por San Lorenzo,Comisión Directiva,Pro-Tesorero,SI
ERCOLANO MARCELO,"Ercolano, Marcelo",2004,De Nuevo San Lorenzo,Comisión Directiva,Tesorero,NO
ERCOLANO MARCELO,"Ercolano, Marcelo",2012 (EXTRAORDINARIA),San Lorenzo Siglo XXI,Comisión Directiva,,SI
LAURA RUGGIERO,"Ruggiero, Laura",2019,Volver a San Lorenzo,Asamblea,3,NO
LAURA RUGGIERO,"Ruggiero, Laura",2016,Volver a San Lorenzo,Comisión Directiva,Vocal 9,NO
FRANCO SAPONARE,"Saponare, Franco",2019,Frente Pasión Azulgrana,Asamblea,3,SI
GUSTAVO SALAMONE,"Salamone, Gustavo",2019,San Lorenzo Siglo XXI,Asamblea,4,SI
GUSTAVO SALAMONE,"Salamone, Gustavo",2016,San Lorenzo Siglo XXI,Asamblea,6,SI
GUSTAVO SALAMONE,"Salamone, Gustavo",2013,San Lorenzo Siglo XXI,Asamblea,6,SI
GUSTAVO SALAMONE,"Salamone, Gustavo",2010,Vamos San Lorenzo,Asamblea,23,SI
GUSTAVO SALAMONE,"Salamone, Gustavo",2004,San Lorenzo para Todos,Comisión Directiva,Vocal 9,NO
GUSTAVO SALAMONE,"Salamone, Gustavo",2012 (ASAMBLEA),Transitoria,Comisión Directiva,,SI
GUSTAVO SALAMONE,"Salamone, Gustavo",2022,San Lorenzo Querido,Asamblea,,NO
DE MIGUEL MONICA,"De Miguel, Monica",2019,Frente Pasión Azulgrana,Asamblea,4,SI
DE MIGUEL MONICA,"De Miguel, Monica",2022,Siempre San Lorenzo,Asamblea,,NO
LUCIANA VIOTTI VOLPE,"Volpe Viotti, Luciana",2019,San Lorenzo Siglo XXI,Asamblea,5,SI
LUCIANA VIOTTI VOLPE,"Volpe Viotti, Luciana",2016,San Lorenzo Siglo XXI,Asamblea,8,SI
LUCIANA VIOTTI VOLPE,"Volpe Viotti, Luciana",2013,San Lorenzo Siglo XXI,Asamblea,19,SI
GREMONE ROBERTO,"Gremone, Roberto",2019,Frente Pasión Azulgrana,Asamblea,5,SI
GREMONE ROBERTO,"Gremone, Roberto",1998,San Lorenzo para Todos,Asamblea,11,SI
GREMONE ROBERTO,"Gremone, Roberto",2004,San Lorenzo para Todos,Asamblea,1,SI
GREMONE ROBERTO,"Gremone, Roberto",2001,Unidad Azulgrana,Asamblea,2,SI
CARLA GISELLE MASSELLI,"Masselli, Carla Giselle",2019,Cruzada por San Lorenzo,Asamblea,5,NO
ALEJANDRO MACCIO,"Maccio, Alejandro",2019,San Lorenzo Siglo XXI,Asamblea,6,SI
ALEJANDRO MACCIO,"Maccio, Alejandro",2016,San Lorenzo Siglo XXI,Comisión Directiva,Intendente,SI
ALEJANDRO MACCIO,"Maccio, Alejandro",2013,San Lorenzo Siglo XXI,Comisión Directiva,Intendente,SI
ALEJANDRO MACCIO,"Maccio, Alejandro",2012 (Extraordinaria),San Lorenzo Siglo XXI,Comisión Directiva,Intendente,NO
ALEJANDRO MACCIO,"Maccio, Alejandro",2004,Unidos por San Lorenzo,Asamblea,34,SI
ALEJANDRO MACCIO,"Maccio, Alejandro",2022,San Lorenzo Querido,Comisión Directiva,,NO
ALEJANDRO MACCIO,"Maccio, Alejandro",2012 (EXTRAORDINARIA),San Lorenzo Siglo XXI,Comisión Directiva,,SI
ALEJANDRO MACCIO,"Maccio, Alejandro",2012 (ASAMBLEA),Transitoria,Comisión Directiva,,SI
ANGEL SAPONARE,"Saponare, Angel",2019,Frente Pasión Azulgrana,Asamblea,6,NO
ANGEL SAPONARE,"Saponare, Angel",2010,Vamos San Lorenzo,Asamblea,37,NO
ANGEL SAPONARE,"Saponare, Angel",2001,Nuevo Rumbo Sanlorencista,Asamblea,16,NO
ALBERTO JOSE RAMOS,"Ramos, Jose Alberto",2019,Cruzada por San Lorenzo,Asamblea,6,NO
ALBERTO JOSE RAMOS,"Ramos, Jose Alberto",2016,Cruzada por San Lorenzo,Asamblea,2,SI
ALBERTO JOSE RAMOS,"Ramos, Jose Alberto",2013,Cruzada por San Lorenzo,Asamblea,3,SI
ALBERTO JOSE RAMOS,"Ramos, Jose Alberto",2010,Cruzada por San Lorenzo,Asamblea,2,SI
ERCOLANO SERGIO,"Ercolano, Sergio",2019,San Lorenzo Siglo XXI,Asamblea,7,SI
DIEGO MIGUEL RUIZ,"Ruiz, Diego Miguel",2019,Frente Pasión Azulgrana,Asamblea,7,NO
DIEGO MIGUEL RUIZ,"Ruiz, Diego Miguel",2004,San Lorenzo para Todos,Comisión Directiva,Vocal 3,NO
DIEGO MIGUEL RUIZ,"Ruiz, Diego Miguel",2001,Unidad Azulgrana,Comisión Directiva,Pro-Tesorero,NO
CARLOS FEDERICO VERDALLE,"Verdalle, Federico Carlos",2019,Cruzada por San Lorenzo,Asamblea,7,NO
CARLOS FEDERICO VERDALLE,"Verdalle, Federico Carlos",2016,Cruzada por San Lorenzo,Asamblea,4,SI
CARLOS FEDERICO VERDALLE,"Verdalle, Federico Carlos",2013,Cruzada por San Lorenzo,Asamblea,5,SI
CARLOS FEDERICO VERDALLE,"Verdalle, Federico Carlos",2012 (Extraordinaria),Cruzada por San Lorenzo,Comisión Directiva,Vocal 8,NO
CARLOS FEDERICO VERDALLE,"Verdalle, Federico Carlos",2010,Mas San Lorenzo,Asamblea,36,NO
CARLOS FEDERICO VERDALLE,"Verdalle, Federico Carlos",2012 (EXTRAORDINARIA),Cruzada por San Lorenzo,Comisión Directiva,,NO
DANIEL FERNANDEZ OSVALDO,"Fernandez, Daniel Osvaldo",2019,San Lorenzo Siglo XXI,Asamblea,8,SI
DANIEL FERNANDEZ OSVALDO,"Fernandez, Daniel Osvaldo",2016,San Lorenzo Siglo XXI,Asamblea,11,SI
DANIEL FERNANDEZ OSVALDO,"Fernandez, Daniel Osvaldo",1998,Nuevo Rumbo Sanlorencista,Comisión Directiva,Vocal 12,SI
DANIEL FERNANDEZ OSVALDO,"Fernandez, Daniel Osvaldo",2013,San Lorenzo Siglo XXI,Asamblea,9,SI
DANIEL FERNANDEZ OSVALDO,"Fernandez, Daniel Osvaldo",2007,Unidos por San Lorenzo,Comisión Directiva,Vocal 4,SI
DANIEL FERNANDEZ OSVALDO,"Fernandez, Daniel Osvaldo",2004,De Nuevo San Lorenzo,Comisión Directiva,Vice-Presidente,NO
ANIBAL HORACIO LOTITO,"Lotito, Horacio Anibal",2019,Frente Pasión Azulgrana,Asamblea,8,NO
ANIBAL HORACIO LOTITO,"Lotito, Horacio Anibal",1998,San Lorenzo para Todos,Comisión Directiva,Vocal 10,NO
ANIBAL HORACIO LOTITO,"Lotito, Horacio Anibal",2010,Vamos San Lorenzo,Asamblea,2,SI
ANIBAL HORACIO LOTITO,"Lotito, Horacio Anibal",2007,Frente San Lorenzo,Asamblea,9,SI
ANIBAL HORACIO LOTITO,"Lotito, Horacio Anibal",2004,San Lorenzo para Todos,Comisión Directiva,Vocal 5,NO
ANIBAL HORACIO LOTITO,"Lotito, Horacio Anibal",2001,Unidad Azulgrana,Comisión Directiva,Vocal 6,NO
GONZALO MILLIVIERI,"Millivieri, Gonzalo",2019,Volver a San Lorenzo,Asamblea,9,NO
GONZALO MILLIVIERI,"Millivieri, Gonzalo",2016,Volver a San Lorenzo,Comisión Directiva,Vocal 13,NO
GONZALO MILLIVIERI,"Millivieri, Gonzalo",2022,Volver a San Lorenzo,Asamblea,,NO
BARLARO PAOLA,"Barlaro, Paola",2019,Frente Pasión Azulgrana,Asamblea,9,NO
CARLOS ENRIQUE LEMOS,"Lemos, Carlos Enrique",2019,Cruzada por San Lorenzo,Asamblea,9,NO
ANTONELLA BASSI MARIA,"Bassi, Maria Antonella",2019,San Lorenzo Siglo XXI,Asamblea,10,SI
ANTONELLA BASSI MARIA,"Bassi, Maria Antonella",2016,Volver a San Lorenzo,Asamblea,2,SI
ANTONELLA BASSI MARIA,"Bassi, Maria Antonella",2022,San Lorenzo Querido,Asamblea,,NO
PABLO RAMIREZ RODRIGUEZ,"Rodriguez Ramirez, Pablo",2019,Volver a San Lorenzo,Asamblea,10,NO
TAMARA TISEYRA,"Tiseyra, Tamara",2019,Cruzada por San Lorenzo,Asamblea,10,NO
TAMARA TISEYRA,"Tiseyra, Tamara",2016,Cruzada por San Lorenzo,Asamblea,25,NO
ERNESTO LOZA,"Loza, Ernesto",2019,San Lorenzo Siglo XXI,Asamblea,11,SI
ERNESTO LOZA,"Loza, Ernesto",2016,San Lorenzo Siglo XXI,Comisión Directiva,Sub-Intendente,SI
ERNESTO LOZA,"Loza, Ernesto",2013,San Lorenzo Siglo XXI,Comisión Directiva,Sub-Intendente,SI
ERNESTO LOZA,"Loza, Ernesto",2012 (Extraordinaria),San Lorenzo Siglo XXI,Comisión Directiva,Vocal 8,NO
ERNESTO LOZA,"Loza, Ernesto",2010,Nuevo San Lorenzo,Asamblea,57,NO
ERNESTO LOZA,"Loza, Ernesto",2012 (EXTRAORDINARIA),San Lorenzo Siglo XXI,Comisión Directiva,,NO
ERNESTO LOZA,"Loza, Ernesto",2012 (ASAMBLEA),Transitoria,Comisión Directiva,,SI
ERNESTO LOZA,"Loza, Ernesto",2022,San Lorenzo Querido,Asamblea,,NO
HERRERA NESTOR,"Herrera, Nestor",2019,Frente Pasión Azulgrana,Asamblea,11,NO
CARLOS EUGENIO LOPEZ,"Lopez, Carlos Eugenio",2019,Cruzada por San Lorenzo,Asamblea,11,NO
CARLOS EUGENIO LOPEZ,"Lopez, Carlos Eugenio",2016,Cruzada por San Lorenzo,Asamblea,7,NO
CARLOS EUGENIO LOPEZ,"Lopez, Carlos Eugenio",2013,Cruzada por San Lorenzo,Asamblea,7,SI
CARLOS EUGENIO LOPEZ,"Lopez, Carlos Eugenio",2010,Cruzada por San Lorenzo,Asamblea,56,NO
AZAMENDIA JUAN RAMON,"Azamendia, Juan Ramon",2019,Volver a San Lorenzo,Asamblea,12,NO
AZAMENDIA JUAN RAMON,"Azamendia, Juan Ramon",2022,Volver a San Lorenzo,Asamblea,,NO
SANTORSA SILVANA,"Santorsa, Silvana",2019,Volver a San Lorenzo,Asamblea,13,NO
GALLO GUIDO,"Gallo, Guido",2019,Frente Pasión Azulgrana,Asamblea,13,NO
CLAUDIO DE MARCO,"De Marco, Claudio",2019,Volver a San Lorenzo,Asamblea,14,NO
CLAUDIO DE MARCO,"De Marco, Claudio",2016,Cruzada por San Lorenzo,Asamblea,48,NO
CLAUDIO DE MARCO,"De Marco, Claudio",2022,Volver a San Lorenzo,Asamblea,,NO
CLAUDIO DE MARCO,"De Marco, Claudio",2010,Nuevo San Lorenzo,Asamblea,,NO
COMBI JUAN MANUEL,"Combi, Juan Manuel",2019,Cruzada por San Lorenzo,Asamblea,14,NO
COMBI JUAN MANUEL,"Combi, Juan Manuel",2016,Cruzada por San Lorenzo,Asamblea,26,NO
ALBERTO CARLOS SIERRA,"Sierra, Carlos Alberto",2019,Volver a San Lorenzo,Asamblea,15,NO
ALBERTO CARLOS SIERRA,"Sierra, Carlos Alberto",2010,Grandeza Azulgrana,Asamblea,1,SI
BRUZZESE CARLOS JOSE,"Bruzzese, Jose Carlos",2019,Frente Pasión Azulgrana,Asamblea,15,NO
BRUZZESE CARLOS JOSE,"Bruzzese, Jose Carlos",1998,Nuevo Rumbo Sanlorencista,Asamblea,48,SI
BRUZZESE CARLOS JOSE,"Bruzzese, Jose Carlos",2010,Nuevo San Lorenzo,Asamblea,38,NO
BRUZZESE CARLOS JOSE,"Bruzzese, Jose Carlos",2007,Unidos por San Lorenzo,Asamblea,10,SI
BRUZZESE CARLOS JOSE,"Bruzzese, Jose Carlos",2004,Unidos por San Lorenzo,Asamblea,17,SI
BRUZZESE CARLOS JOSE,"Bruzzese, Jose Carlos",2001,Unidos por San Lorenzo,Asamblea,15,SI
BRUZZESE CARLOS JOSE,"Bruzzese, Jose Carlos",1989,Nuevo Rumbo Sanlorencista,Asamblea,47,SI
ANDREA KARINA MILANO,"MILANO, ANDREA KARINA",2019,San Lorenzo Siglo XXI,Asamblea,17,SI
ANDREA KARINA MILANO,"MILANO, ANDREA KARINA",2016,San Lorenzo Siglo XXI,Asamblea,28,SI
ANDREA KARINA MILANO,"MILANO, ANDREA KARINA",2013,San Lorenzo Siglo XXI,Asamblea,39,SI
ANDREA KARINA MILANO,"MILANO, ANDREA KARINA",2010,Nuevo San Lorenzo,Asamblea,25,NO
ANDREA KARINA MILANO,"MILANO, ANDREA KARINA",2022,San Lorenzo Querido,Asamblea,,NO
ADRIAN DI FRANCO PAULO,"DI FRANCO, PAULO ADRIAN",2019,Frente Pasión Azulgrana,Asamblea,17,NO
ADRIAN DI FRANCO PAULO,"DI FRANCO, PAULO ADRIAN",2010,Nuevo San Lorenzo,Asamblea,43,NO
ADRIAN DI FRANCO PAULO,"DI FRANCO, PAULO ADRIAN",2022,Siempre San Lorenzo,Asamblea,,NO
GABRIEL ORTIZ PABLO,"Ortiz, Pablo Gabriel",2019,Cruzada por San Lorenzo,Asamblea,17,NO
GABRIEL ORTIZ PABLO,"Ortiz, Pablo Gabriel",2016,Cruzada por San Lorenzo,Asamblea,8,NO
GABRIEL ORTIZ PABLO,"Ortiz, Pablo Gabriel",2013,Cruzada por San Lorenzo,Asamblea,8,SI
CARLOS CASAS JUAN,"Casas, Juan Carlos",2019,San Lorenzo Siglo XXI,Asamblea,18,SI
CARLOS CASAS JUAN,"Casas, Juan Carlos",2016,San Lorenzo Siglo XXI,Asamblea,51,SI
CARLOS CASAS JUAN,"Casas, Juan Carlos",2013,San Lorenzo Siglo XXI,Asamblea,36,NO
CARLOS CASAS JUAN,"Casas, Juan Carlos",2010,Nuevo San Lorenzo,Comisión Directiva,Vocal 8,NO
CARLOS CASAS JUAN,"Casas, Juan Carlos",2001,La Casa del Vitalicio,Comisión Directiva,Sub-Intendente,NO
CARLOS CASAS JUAN,"Casas, Juan Carlos",2022,San Lorenzo Querido,Asamblea,,NO
ANTON MARIANA PEREZ,"Anton Perez, Mariana",2019,Volver a San Lorenzo,Asamblea,18,NO
FERRETO MATIAS,"Ferreto, Matias",2019,Frente Pasión Azulgrana,Asamblea,18,NO
EMILIANO GABRIEL ORTIZ,"Ortiz, Emiliano Gabriel",2019,Cruzada por San Lorenzo,Asamblea,18,NO
ALBERTO DI GREGORIO JORGE,"Di Gregorio, Jorge Alberto",2019,San Lorenzo Siglo XXI,Asamblea,19,SI
ALBERTO DI GREGORIO JORGE,"Di Gregorio, Jorge Alberto",2016,San Lorenzo Siglo XXI,Asamblea,21,SI
ALBERTO DI GREGORIO JORGE,"Di Gregorio, Jorge Alberto",2013,San Lorenzo Siglo XXI,Asamblea,46,SI
ALBERTO DI GREGORIO JORGE,"Di Gregorio, Jorge Alberto",2007,Unidos por San Lorenzo,Asamblea,16,SI
ALBERTO DI GREGORIO JORGE,"Di Gregorio, Jorge Alberto",2004,Unidos por San Lorenzo,Asamblea,15,SI
ALBERTO DI GREGORIO JORGE,"Di Gregorio, Jorge Alberto",2022,San Lorenzo Querido,Asamblea,,NO
ALBERTO DI GREGORIO JORGE,"Di Gregorio, Jorge Alberto",2010,Nuevo San Lorenzo,Fiscalizadora,,NO
ANGEL MIGUEL SANCHEZ,"Sanchez, Miguel Angel",2019,Volver a San Lorenzo,Asamblea,19,NO
ANGEL MIGUEL SANCHEZ,"Sanchez, Miguel Angel",2010,Mas San Lorenzo,Asamblea,34,NO
ANGEL MIGUEL SANCHEZ,"Sanchez, Miguel Angel",2007,Progreso Azulgrana,Comisión Directiva,Vocal 11,NO
ANA FERNANDEZ MARIA,"Fernandez, Ana Maria",2019,Frente Pasión Azulgrana,Asamblea,19,NO
DEL GROSSO RUBEN,"Del Grosso, Ruben",2019,Cruzada por San Lorenzo,Asamblea,19,NO
DEL GROSSO RUBEN,"Del Grosso, Ruben",2016,Cruzada por San Lorenzo,Asamblea,20,NO
DEL GROSSO RUBEN,"Del Grosso, Ruben",2013,Cruzada por San Lorenzo,Asamblea,24,NO
ANDRES LARROQUE,"Larroque, Andres",2019,San Lorenzo Siglo XXI,Asamblea,20,SI
DANIELA MASSENA,"Massena, Daniela",2019,Cruzada por San Lorenzo,Asamblea,20,NO
DANIELA MASSENA,"Massena, Daniela",2022,Siempre San Lorenzo,Asamblea,,NO
BONOMO DIEGO HECTOR,"BONOMO, HECTOR DIEGO",2019,San Lorenzo Siglo XXI,Asamblea,21,SI
BONOMO DIEGO HECTOR,"BONOMO, HECTOR DIEGO",2016,San Lorenzo Siglo XXI,Asamblea,19,SI
BONOMO DIEGO HECTOR,"BONOMO, HECTOR DIEGO",2013,San Lorenzo Siglo XXI,Asamblea,29,SI
BONOMO DIEGO HECTOR,"BONOMO, HECTOR DIEGO",2010,Nuevo San Lorenzo,Asamblea,8,NO
CABALO EDUARDO RODRIGO,"Cabalo, Rodrigo Eduardo",2019,Volver a San Lorenzo,Asamblea,21,NO
INAKI ORMAECHEA,"Ormaechea, Iñaki",2019,Frente Pasión Azulgrana,Asamblea,21,NO
DURSO FACUNDO,"Durso, Facundo",2019,Cruzada por San Lorenzo,Asamblea,21,NO
FEDERICO PABLO VOLONTE,"Volonte, Federico Pablo",2019,San Lorenzo Siglo XXI,Asamblea,22,SI
FEDERICO PABLO VOLONTE,"Volonte, Federico Pablo",2016,San Lorenzo Siglo XXI,Asamblea,20,SI
FEDERICO PABLO VOLONTE,"Volonte, Federico Pablo",2013,San Lorenzo Siglo XXI,Asamblea,42,SI
GRECO JONATHAN,"Greco, Jonathan",2019,Volver a San Lorenzo,Asamblea,22,NO
HERNAN ROSARINO,"Rosarino, Hernan",2019,Frente Pasión Azulgrana,Asamblea,22,NO
FARIAS MARTIN PABLO,"Farias, Pablo Martin",2019,Cruzada por San Lorenzo,Asamblea,22,NO
ADRIAN GABRIEL MARTINEZ,"Martinez, Gabriel Adrian",2019,San Lorenzo Siglo XXI,Asamblea,23,SI
ADRIAN GABRIEL MARTINEZ,"Martinez, Gabriel Adrian",2016,San Lorenzo Siglo XXI,Asamblea,33,SI
ADRIAN GABRIEL MARTINEZ,"Martinez, Gabriel Adrian",2013,San Lorenzo Siglo XXI,Asamblea,22,SI
ADRIAN GABRIEL MARTINEZ,"Martinez, Gabriel Adrian",2010,Vamos San Lorenzo,Asamblea,45,NO
ADRIAN GABRIEL MARTINEZ,"Martinez, Gabriel Adrian",2022,San Lorenzo Querido,Asamblea,,NO
CARLOS JUAN MERIANO,"Meriano, Juan Carlos",2019,Frente Pasión Azulgrana,Asamblea,23,NO
CARLOS JUAN MERIANO,"Meriano, Juan Carlos",2010,Vamos San Lorenzo,Asamblea,57,NO
BRITOS FAUR HERNAN MARIANO,"Britos Faur, Hernan Mariano",2019,Cruzada por San Lorenzo,Asamblea,23,NO
FERNANDEZ MAXIMILIANO,"Fernandez, Maximiliano",2019,Volver a San Lorenzo,Asamblea,24,NO
FERNANDEZ MAXIMILIANO,"Fernandez, Maximiliano",2016,Volver a San Lorenzo,Fiscalizadora,,NO
EMILIANO KEVIN ZIMMINO,"Zimmino, Kevin Emiliano",2019,Cruzada por San Lorenzo,Asamblea,24,NO
ANTONIO HARBEK,"Harbek, Antonio",2019,San Lorenzo Siglo XXI,Asamblea,25,SI
ANTONIO HARBEK,"Harbek, Antonio",2013,San Lorenzo Siglo XXI,Asamblea,41,SI
ANTONIO HARBEK,"Harbek, Antonio",2010,Nuevo San Lorenzo,Asamblea,4,NO
ANTONIO HARBEK,"Harbek, Antonio",2007,Unidos por San Lorenzo,Asamblea,15,SI
ANTONIO HARBEK,"Harbek, Antonio",2004,Unidos por San Lorenzo,Asamblea,20,SI
ANTONIO HARBEK,"Harbek, Antonio",2001,Unidos por San Lorenzo,Asamblea,16,SI
ANTONIO HARBEK,"Harbek, Antonio",1989,Frederesa,Comisión Directiva,Vocal 6,NO
ANTONIO HARBEK,"Harbek, Antonio",1983 (LISTA DE UNIDAD),Lista de Unidad,Comisión Directiva,,SI
ALFREDO MARENGHI,"Marenghi, Alfredo",2019,Volver a San Lorenzo,Asamblea,25,NO
ALFREDO LAMACCHIA,"Lamacchia, Alfredo",2019,Frente Pasión Azulgrana,Asamblea,25,NO
CRISTINA GIOIA SOLEDAD,"Gioia, Cristina Soledad",2019,Cruzada por San Lorenzo,Asamblea,25,NO
CRISTINA GIOIA SOLEDAD,"Gioia, Cristina Soledad",2016,Cruzada por San Lorenzo,Asamblea,32,NO
ARGOMIL CLAUDIO,"Argomil, Claudio",2019,San Lorenzo Siglo XXI,Asamblea,26,SI
ARGOMIL CLAUDIO,"Argomil, Claudio",2016,San Lorenzo Siglo XXI,Asamblea,38,SI
ARGOMIL CLAUDIO,"Argomil, Claudio",2022,San Lorenzo Querido,Asamblea,,NO
DIEGO MEDOLLA,"Medolla, Diego",2019,Volver a San Lorenzo,Asamblea,26,NO
DIEGO MEDOLLA,"Medolla, Diego",2016,Volver a San Lorenzo,Asamblea,60,NO
DIEGO MEDOLLA,"Medolla, Diego",2022,Volver a San Lorenzo,Asamblea,,NO
MAZMUD OSCAR,"Mazmud, Oscar",2019,Frente Pasión Azulgrana,Asamblea,26,NO
LAUTARO LEMOS NAHUEL,"Lemos, Lautaro Nahuel",2019,Cruzada por San Lorenzo,Asamblea,26,NO
FELIPE LICARI LUIS,"Licari, Luis Felipe",2019,Volver a San Lorenzo,Asamblea,27,NO
FELIPE LICARI LUIS,"Licari, Luis Felipe",2016,Volver a San Lorenzo,Asamblea,22,NO
FELIPE LICARI LUIS,"Licari, Luis Felipe",2010,Nuevo San Lorenzo,Asamblea,45,NO
CHRISTIAN FONTANA,"Fontana, Christian",2019,Frente Pasión Azulgrana,Asamblea,27,NO
GUSTAVO SABELLI,"Sabelli, Gustavo",2019,Cruzada por San Lorenzo,Asamblea,27,NO
ALEJANDRO MARCELO TEJEDA,"Tejeda, Marcelo Alejandro",2019,San Lorenzo Siglo XXI,Asamblea,28,SI
ALEJANDRO MARCELO TEJEDA,"Tejeda, Marcelo Alejandro",2022,San Lorenzo Querido,Asamblea,,NO
ALEJANDRO CEREZAL,"Cerezal, Alejandro",2019,Volver a San Lorenzo,Asamblea,28,NO
ALEJANDRO CEREZAL,"Cerezal, Alejandro",2016,Volver a San Lorenzo,Asamblea,17,NO
ALEJANDRO CEREZAL,"Cerezal, Alejandro",2022,Volver a San Lorenzo,Asamblea,,NO
MONACHELLI SERGIO,"Monachelli, Sergio",2019,Frente Pasión Azulgrana,Asamblea,28,NO
ALBERTO ANGEL LEGUIZAMO,"Leguizamo, Angel Alberto",2019,Cruzada por San Lorenzo,Asamblea,28,NO
LUMINOSO YANINA,"Luminoso, Yanina",2019,San Lorenzo Siglo XXI,Asamblea,29,SI
LUMINOSO YANINA,"Luminoso, Yanina",2022,San Lorenzo Querido,Asamblea,,NO
ANGLADA HERNAN,"Anglada, Hernan",2019,Frente Pasión Azulgrana,Asamblea,29,NO
DAMIAN MARIANO TOMASINI,"Tomasini, Mariano Damian",2019,Cruzada por San Lorenzo,Asamblea,29,NO
CARLOS JUAN ROUMIEUX,"Roumieux, Juan Carlos",2019,San Lorenzo Siglo XXI,Asamblea,30,SI
CARLOS JUAN ROUMIEUX,"Roumieux, Juan Carlos",2016,San Lorenzo Siglo XXI,Asamblea,47,SI
CARLOS JUAN ROUMIEUX,"Roumieux, Juan Carlos",2013,San Lorenzo Siglo XXI,Asamblea,51,NO
LAURA VASSELATTI,"Vasselatti, Laura",2019,Volver a San Lorenzo,Asamblea,30,NO
LAURA VASSELATTI,"Vasselatti, Laura",2013,Volver a San Lorenzo,Comisión Directiva,Pro-Tesorero,NO
LAURA VASSELATTI,"Vasselatti, Laura",2022,Volver a San Lorenzo,Asamblea,,NO
CARLA MARIA SEMISA,"Semisa, Maria Carla",2019,Frente Pasión Azulgrana,Asamblea,30,NO
CASAS GIOVINNI MARIS STELLA,"Casas Giovinni, Stella Maris",2019,Cruzada por San Lorenzo,Asamblea,30,NO
ALBERTO CARLOS MERLO,"Merlo, Carlos Alberto",2019,Frente Pasión Azulgrana,Asamblea,31,NO
ALBERTO CARLOS MERLO,"Merlo, Carlos Alberto",2022,Siempre San Lorenzo,Asamblea,,NO
BLANCO IGNACIO MARTIN MUINO,"Blanco Muiño, Ignacio Martin",2019,Cruzada por San Lorenzo,Asamblea,31,NO
ADRIAN ALVAREZ HORACIO,"Alvarez, Adrian Horacio",2019,San Lorenzo Siglo XXI,Asamblea,32,SI
ADRIAN ALVAREZ HORACIO,"Alvarez, Adrian Horacio",2016,San Lorenzo Siglo XXI,Asamblea,32,SI
CRISTIAN GENAZZINI,"Genazzini, Cristian",2019,Volver a San Lorenzo,Asamblea,32,NO
CRISTIAN GENAZZINI,"Genazzini, Cristian",2016,Volver a San Lorenzo,Comisión Directiva,Vocal 15,NO
LIONEL TROTTA,"Trotta, Lionel",2019,Frente Pasión Azulgrana,Asamblea,32,NO
LEANDRO MARTIN VOGLIOTTI,"Vogliotti, Leandro Martin",2019,Cruzada por San Lorenzo,Asamblea,32,NO
LEANDRO MARTIN VOGLIOTTI,"Vogliotti, Leandro Martin",2016,Cruzada por San Lorenzo,Comisión Directiva,Vocal 16,NO
BRIENZA JOSE MARTIN,"Brienza, Jose Martin",2019,San Lorenzo Siglo XXI,Asamblea,33,SI
BRIENZA JOSE MARTIN,"Brienza, Jose Martin",2016,San Lorenzo Siglo XXI,Asamblea,24,SI
BRIENZA JOSE MARTIN,"Brienza, Jose Martin",2013,San Lorenzo Siglo XXI,Comisión Directiva,Vocal 10,NO
MELLA SERGIO,"Mella, Sergio",2019,Volver a San Lorenzo,Asamblea,33,NO
MELLA SERGIO,"Mella, Sergio",2016,Volver a San Lorenzo,Asamblea,16,NO
ANGELO D IGNACIO,"D'angelo, Ignacio",2019,Frente Pasión Azulgrana,Asamblea,33,NO
AGUSTIN DAMIAN PUGLIESE,"Pugliese, Agustin Damian",2019,Cruzada por San Lorenzo,Asamblea,33,NO
FERNANDO JAVIER ZAYAT,"ZAYAT, FERNANDO JAVIER",2019,San Lorenzo Siglo XXI,Asamblea,34,SI
FERNANDO JAVIER ZAYAT,"ZAYAT, FERNANDO JAVIER",2010,Boedo en Accion,Asamblea,23,NO
FERNANDO JAVIER ZAYAT,"ZAYAT, FERNANDO JAVIER",2022,San Lorenzo Querido,Asamblea,,NO
IMANOL RAMOS,"Ramos, Imanol",2019,Volver a San Lorenzo,Asamblea,34,NO
ALBERTO BALDASSARE CARLOS,"Baldassare, Carlos Alberto",2019,Frente Pasión Azulgrana,Asamblea,34,NO
ALBERTO BALDASSARE CARLOS,"Baldassare, Carlos Alberto",2010,Vamos San Lorenzo,Asamblea,10,SI
ANTONIO FABIAN RICETTA,"Ricetta, Antonio Fabian",2019,Cruzada por San Lorenzo,Asamblea,34,NO
ALEJANDRO DAMIAN GOMEZ,"Gomez, Alejandro Damian",2019,San Lorenzo Siglo XXI,Asamblea,35,SI
ALEJANDRO DAMIAN GOMEZ,"Gomez, Alejandro Damian",2016,San Lorenzo Siglo XXI,Asamblea,15,SI
ALEJANDRO DAMIAN GOMEZ,"Gomez, Alejandro Damian",2013,San Lorenzo Siglo XXI,Asamblea,24,SI
ALEJANDRO DAMIAN GOMEZ,"Gomez, Alejandro Damian",2010,Mas San Lorenzo,Asamblea,4,SI
ALEJANDRO DAMIAN GOMEZ,"Gomez, Alejandro Damian",2022,San Lorenzo Querido,Asamblea,,NO
ANALIA TESOURO,"Tesouro, Analia",2019,Volver a San Lorenzo,Asamblea,35,NO
ANALIA TESOURO,"Tesouro, Analia",2016,Volver a San Lorenzo,Asamblea,41,NO
ANALIA TESOURO,"Tesouro, Analia",2013,Volver a San Lorenzo,Asamblea,50,NO
CERVELO GRACIELA MARIA,"Cervelo, Maria Graciela",2019,Frente Pasión Azulgrana,Asamblea,35,NO
ANDREA LOPEZ VERONICA,"Lopez, Andrea Veronica",2019,Cruzada por San Lorenzo,Asamblea,35,NO
BRUNETTI JOSE LUIS,"Brunetti, Jose Luis",2019,San Lorenzo Siglo XXI,Asamblea,36,SI
BRUNETTI JOSE LUIS,"Brunetti, Jose Luis",2016,San Lorenzo Siglo XXI,Asamblea,29,SI
BRUNETTI JOSE LUIS,"Brunetti, Jose Luis",2013,San Lorenzo Siglo XXI,Asamblea,38,SI
BRUNETTI JOSE LUIS,"Brunetti, Jose Luis",2010,Nuevo San Lorenzo,Asamblea,31,NO
BRUNETTI JOSE LUIS,"Brunetti, Jose Luis",2007,Frente Sanlorencista,Asamblea,21,NO
BRUNETTI JOSE LUIS,"Brunetti, Jose Luis",2004,San Lorenzo para Todos,Asamblea,7,SI
CARLOS JUAN SPERANZA,"Speranza, Juan Carlos",2019,Frente Pasión Azulgrana,Asamblea,36,NO
CARLOS JUAN SPERANZA,"Speranza, Juan Carlos",2010,Grandeza Azulgrana,Asamblea,4,NO
CARLOS JUAN SPERANZA,"Speranza, Juan Carlos",2007,Frente San Lorenzo,Asamblea,8,SI
CARLOS JUAN SPERANZA,"Speranza, Juan Carlos",2004,Grandeza Azulgrana,Asamblea,1,SI
CARLOS JUAN SPERANZA,"Speranza, Juan Carlos",1989,Nuevo Rumbo Sanlorencista,Fiscalizadora,,SI
FRANCISCO JOSE STASI,"Stasi, Francisco Jose",2019,Cruzada por San Lorenzo,Asamblea,36,NO
FRANCISCO JOSE STASI,"Stasi, Francisco Jose",2012 (Extraordinaria),Cruzada por San Lorenzo,Comisión Directiva,Vocal 7,NO
FRANCISCO JOSE STASI,"Stasi, Francisco Jose",2012 (EXTRAORDINARIA),Cruzada por San Lorenzo,Comisión Directiva,,NO
BERTUA CARLOS JUAN,"Bertua, Juan Carlos",2019,Volver a San Lorenzo,Asamblea,37,NO
BERTUA CARLOS JUAN,"Bertua, Juan Carlos",2013,Volver a San Lorenzo,Fiscalizadora,,NO
BRUNDO DANIEL,"Brundo, Daniel",2019,Frente Pasión Azulgrana,Asamblea,37,NO
ALVAREZ CARLOS LEONARDO,"Alvarez, Leonardo Carlos",2019,Cruzada por San Lorenzo,Asamblea,37,NO
ALVAREZ CARLOS LEONARDO,"Alvarez, Leonardo Carlos",2016,Cruzada por San Lorenzo,Asamblea,57,NO
CASTRO VALENTIN,"Castro, Valentin",2019,Frente Pasión Azulgrana,Asamblea,38,NO
EL LEONEL NEMER ROCCHIA,"Rocchia El Nemer, Leonel",2019,Cruzada por San Lorenzo,Asamblea,38,NO
MARIA ONGARO PAULA,"Ongaro, Maria Paula",2019,San Lorenzo Siglo XXI,Asamblea,39,SI
MARIA ONGARO PAULA,"Ongaro, Maria Paula",2016,San Lorenzo Siglo XXI,Asamblea,56,NO
MARIA ONGARO PAULA,"Ongaro, Maria Paula",2022,San Lorenzo Querido,Asamblea,,NO
FERNANDO GIAMBORINO,"Giamborino, Fernando",2019,Frente Pasión Azulgrana,Asamblea,39,NO
EL MANUEL NEMER ROCCHIA,"Rocchia El Nemer, Manuel",2019,Cruzada por San Lorenzo,Asamblea,39,NO
EL MANUEL NEMER ROCCHIA,"Rocchia El Nemer, Manuel",2016,Cruzada por San Lorenzo,Asamblea,22,NO
MARIA VAZQUEZ VICTORIA,"Vazquez, Maria Victoria",2019,Volver a San Lorenzo,Asamblea,40,NO
CECILIA CERVETTO GRACIELA,"Cervetto, Graciela Cecilia",2019,Frente Pasión Azulgrana,Asamblea,40,NO
CARLA LORENA MANUALE,"Manuale, Lorena Carla",2019,Cruzada por San Lorenzo,Asamblea,40,NO
HECTOR PABLO RIOS,"Rios, Pablo Hector",2019,San Lorenzo Siglo XXI,Asamblea,41,SI
HECTOR PABLO RIOS,"Rios, Pablo Hector",2016,San Lorenzo Siglo XXI,Asamblea,25,SI
HECTOR PABLO RIOS,"Rios, Pablo Hector",2013,San Lorenzo Siglo XXI,Asamblea,47,SI
HECTOR PABLO RIOS,"Rios, Pablo Hector",2022,San Lorenzo Querido,Asamblea,,NO
ALBERTO JUAN MIDDONO,"Middono, Juan Alberto",2019,Volver a San Lorenzo,Asamblea,41,NO
ALBERTO LUIS PULSINI,"Pulsini, Luis Alberto",2019,Frente Pasión Azulgrana,Asamblea,41,NO
HECTOR HUGO MASELLI,"Maselli, Hugo Hector",2019,Cruzada por San Lorenzo,Asamblea,41,NO
HECTOR HUGO MASELLI,"Maselli, Hugo Hector",2016,Cruzada por San Lorenzo,Asamblea,44,NO
HECTOR HUGO MASELLI,"Maselli, Hugo Hector",2013,Cruzada por San Lorenzo,Asamblea,53,NO
DE LA RICARDO RUA,"De la Rua, Ricardo",2019,San Lorenzo Siglo XXI,Asamblea,42,SI
DE LA RICARDO RUA,"De la Rua, Ricardo",2016,San Lorenzo Siglo XXI,Asamblea,23,SI
DE LA RICARDO RUA,"De la Rua, Ricardo",2022,San Lorenzo Querido,Asamblea,,NO
BASTARDO IAN SOSA,"Bastardo Sosa, Ian",2019,Volver a San Lorenzo,Asamblea,42,NO
BASTARDO IAN SOSA,"Bastardo Sosa, Ian",2016,Volver a San Lorenzo,Comisión Directiva,Vocal 16,NO
ALBERTO HUGO PELJHAN,"Peljhan, Hugo Alberto",2019,Cruzada por San Lorenzo,Asamblea,42,NO
ALBERTO HUGO PELJHAN,"Peljhan, Hugo Alberto",2016,Cruzada por San Lorenzo,Asamblea,46,NO
ALBERTO HUGO PELJHAN,"Peljhan, Hugo Alberto",2010,Cruzada por San Lorenzo,Asamblea,16,NO
ENRIQUE MICELI,"Miceli, Enrique",2019,Frente Pasión Azulgrana,Asamblea,43,NO
ENRIQUE MICELI,"Miceli, Enrique",2022,Siempre San Lorenzo,Asamblea,,NO
EMILIO FURLAN,"Furlan, Emilio",2019,Cruzada por San Lorenzo,Asamblea,43,NO
EMILIO FURLAN,"Furlan, Emilio",2016,Cruzada por San Lorenzo,Asamblea,47,NO
FERNANDO SILES,"Siles, Fernando",2019,Volver a San Lorenzo,Asamblea,44,NO
FERNANDO SILES,"Siles, Fernando",2016,Volver a San Lorenzo,Asamblea,27,NO
FERNANDO SILES,"Siles, Fernando",2022,Volver a San Lorenzo,Asamblea,,NO
GABRIEL GARCIA OSCAR,"Garcia, Oscar Gabriel",2019,Frente Pasión Azulgrana,Asamblea,44,NO
GABRIEL GARCIA OSCAR,"Garcia, Oscar Gabriel",2007,Frente San Lorenzo,Fiscalizadora,,NO
GARACHICO JUAN MANUEL,"Garachico, Juan Manuel",2019,Cruzada por San Lorenzo,Asamblea,44,NO
CARMEN DEL RAMIREZ TERESITA,"Ramirez, Teresita del Carmen",2019,Volver a San Lorenzo,Asamblea,45,NO
CARMEN DEL RAMIREZ TERESITA,"Ramirez, Teresita del Carmen",2016,Volver a San Lorenzo,Asamblea,42,NO
CARMEN DEL RAMIREZ TERESITA,"Ramirez, Teresita del Carmen",2013,Volver a San Lorenzo,Asamblea,57,NO
ADRIANA ELIZABETH TABORDA,"Taborda, Adriana Elizabeth",2019,Cruzada por San Lorenzo,Asamblea,45,NO
BLANCO HECTOR MARTIN,"Blanco, Martin Hector",2019,San Lorenzo Siglo XXI,Asamblea,46,SI
ASCHIERO EDUARDO,"Aschiero, Eduardo",2019,Volver a San Lorenzo,Asamblea,46,NO
MORELLO NICOLAS,"Morello, Nicolas",2019,Frente Pasión Azulgrana,Asamblea,46,NO
MORELLO NICOLAS,"Morello, Nicolas",2022,Boedo en Accion,Asamblea,,NO
GASTON MARCOS MUGUETA,"Mugueta, Marcos Gaston",2019,Cruzada por San Lorenzo,Asamblea,46,NO
FERNANDO RICCI,"Ricci, Fernando",2019,San Lorenzo Siglo XXI,Asamblea,47,SI
FERNANDO RICCI,"Ricci, Fernando",2022,San Lorenzo Querido,Asamblea,,NO
EDUARDO SARUBBI,"Sarubbi, Eduardo",2019,Frente Pasión Azulgrana,Asamblea,47,SI
CARLOS MALATESTA MARIANO,"Malatesta, Mariano Carlos",2019,Cruzada por San Lorenzo,Asamblea,47,NO
CARLOS MALATESTA MARIANO,"Malatesta, Mariano Carlos",2016,Cruzada por San Lorenzo,Asamblea,31,NO
CARLOS MALATESTA MARIANO,"Malatesta, Mariano Carlos",2013,Cruzada por San Lorenzo,Asamblea,21,NO
CARLOS MALATESTA MARIANO,"Malatesta, Mariano Carlos",2010,Cruzada por San Lorenzo,Asamblea,6,NO
FUENTES JORGE LUIS,"Fuentes, Jorge Luis",2019,San Lorenzo Siglo XXI,Asamblea,48,SI
FUENTES JORGE LUIS,"Fuentes, Jorge Luis",2016,San Lorenzo Siglo XXI,Asamblea,18,SI
FUENTES JORGE LUIS,"Fuentes, Jorge Luis",2013,San Lorenzo Siglo XXI,Asamblea,20,SI
FUENTES JORGE LUIS,"Fuentes, Jorge Luis",2004,San Lorenzo para Todos,Asamblea,14,NO
ARIEL MOCCIOLA,"Mocciola, Ariel",2019,Frente Pasión Azulgrana,Asamblea,48,NO
ALEJANDRO BEJAR EZEQUIEL,"Bejar, Alejandro Ezequiel",2019,Cruzada por San Lorenzo,Asamblea,48,NO
ALEJANDRO BEJAR EZEQUIEL,"Bejar, Alejandro Ezequiel",2016,Cruzada por San Lorenzo,Asamblea,30,NO
ALEJANDRO BEJAR EZEQUIEL,"Bejar, Alejandro Ezequiel",2010,Cruzada por San Lorenzo,Asamblea,59,NO
ALEJANDRO BEJAR EZEQUIEL,"Bejar, Alejandro Ezequiel",2013,Cruzada por San Lorenzo,Asamblea,,NO
CAPPELLETTI GUSTAVO,"Cappelletti, Gustavo",2019,Volver a San Lorenzo,Asamblea,49,NO
DI ESTEBAN FRANCO,"Di Franco, Esteban",2019,Frente Pasión Azulgrana,Asamblea,49,NO
EL EZEQUIEL NEMER ROCCHIA,"Rocchia el Nemer, Ezequiel",2019,Cruzada por San Lorenzo,Asamblea,49,NO
EL EZEQUIEL NEMER ROCCHIA,"Rocchia el Nemer, Ezequiel",2016,Cruzada por San Lorenzo,Asamblea,38,NO
GISELLE TAMALET,"Tamalet, Giselle",2019,San Lorenzo Siglo XXI,Asamblea,50,SI
GISELLE TAMALET,"Tamalet, Giselle",2022,San Lorenzo Querido,Asamblea,,NO
AGUILAR SANDRA,"Aguilar, Sandra",2019,Frente Pasión Azulgrana,Asamblea,50,NO
AGUILAR SANDRA,"Aguilar, Sandra",2013,Volver a San Lorenzo,Asamblea,54,NO
GARCIA MARIA VALERIA,"Garcia, Maria Valeria",2019,Cruzada por San Lorenzo,Asamblea,50,NO
ALEJANDRO ANDRES ELISSECHE,"Elisseche, Andres Alejandro",2019,San Lorenzo Siglo XXI,Asamblea,51,SI
ALEJANDRO ANDRES ELISSECHE,"Elisseche, Andres Alejandro",2022,San Lorenzo Querido,Asamblea,,NO
ALEJANDRO ANDRES ELISSECHE,"Elisseche, Andres Alejandro",2016,Volver a San Lorenzo,Fiscalizadora,,NO
EDUARDO ELISEO RODRIGUEZ,"Rodriguez, Eduardo Eliseo",2019,Frente Pasión Azulgrana,Asamblea,51,NO
EDUARDO ELISEO RODRIGUEZ,"Rodriguez, Eduardo Eliseo",2022,Siempre San Lorenzo,Asamblea,,NO
GONZALEZ MARCELO RUBEN,"Gonzalez, Ruben Marcelo",2019,Cruzada por San Lorenzo,Asamblea,51,NO
DESTEFANO GONZALO,"Destefano, Gonzalo",2019,Volver a San Lorenzo,Asamblea,52,NO
MARCELO WENGROVSKY,"Wengrovsky, Marcelo",2019,Frente Pasión Azulgrana,Asamblea,52,NO
MARCELO WENGROVSKY,"Wengrovsky, Marcelo",2022,Siempre San Lorenzo,Asamblea,,NO
ANDRES CARELLI LUCIO,"Carelli, Lucio Andres",2019,Cruzada por San Lorenzo,Asamblea,52,NO
ANDRES CARELLI LUCIO,"Carelli, Lucio Andres",2016,Cruzada por San Lorenzo,Asamblea,55,NO
BALBI CESAR JULIO,"BALBI, JULIO CESAR",2019,San Lorenzo Siglo XXI,Asamblea,53,SI
BALBI CESAR JULIO,"BALBI, JULIO CESAR",2016,San Lorenzo Siglo XXI,Asamblea,43,SI
BALBI CESAR JULIO,"BALBI, JULIO CESAR",2022,San Lorenzo Querido,Asamblea,,NO
ALLENDE FABIO,"Allende, Fabio",2019,Volver a San Lorenzo,Asamblea,53,NO
BUSCAGLIA DEMIAN LEANDRO,"Buscaglia, Demian Leandro",2019,Cruzada por San Lorenzo,Asamblea,53,NO
EZEQUIEL OLIVERI,"Oliveri, Ezequiel",2019,Volver a San Lorenzo,Asamblea,54,NO
EZEQUIEL OLIVERI,"Oliveri, Ezequiel",2016,Volver a San Lorenzo,Asamblea,35,NO
LUCIANO REYENTE,"Reyente, Luciano",2019,Frente Pasión Azulgrana,Asamblea,54,NO
DAMIAN ESTEBAN RASPANTI,"Raspanti, Damian Esteban",2019,Cruzada por San Lorenzo,Asamblea,54,NO
DAMIAN ESTEBAN RASPANTI,"Raspanti, Damian Esteban",2016,Cruzada por San Lorenzo,Asamblea,24,NO
GABRIELA RIOS,"Rios, Gabriela",2019,San Lorenzo Siglo XXI,Asamblea,55,SI
GABRIELA RIOS,"Rios, Gabriela",2022,San Lorenzo Querido,Asamblea,,NO
DE LO ROSA TALLARICO TARTARO,"Tallarico de lo Tartaro, Rosa",2019,Volver a San Lorenzo,Asamblea,55,NO
ADAMO LIDIA LORENA,"Adamo, Lorena Lidia",2019,Frente Pasión Azulgrana,Asamblea,55,NO
EDUARDO JOSE MUNDO,"Mundo, Jose Eduardo",2019,San Lorenzo Siglo XXI,Asamblea,56,NO
AIRA LEANDRO,"Aira, Leandro",2019,Volver a San Lorenzo,Asamblea,56,NO
ALBERTO CARLOS RODRIGUEZ,"Rodriguez, Carlos Alberto",2019,Frente Pasión Azulgrana,Asamblea,56,NO
LEANDRO NABAIS,"Nabais, Leandro",2019,Cruzada por San Lorenzo,Asamblea,56,SI
ALBERTO APONTE DANIEL,"Aponte, Daniel Alberto",2019,San Lorenzo Siglo XXI,Asamblea,57,SI
AIELLO FRANCISCO,"Aiello, Francisco",2019,Volver a San Lorenzo,Asamblea,57,NO
AIELLO FRANCISCO,"Aiello, Francisco",2001,Unidad Azulgrana,Fiscalizadora,,SI
ADRIAN CASANUEVA,"Casanueva, Adrian",2019,Frente Pasión Azulgrana,Asamblea,57,NO
HECTOR OSVALDO RUSSO,"Russo, Osvaldo Hector",2019,Cruzada por San Lorenzo,Asamblea,57,NO
HECTOR OSVALDO RUSSO,"Russo, Osvaldo Hector",2022,Siempre San Lorenzo,Fiscalizadora,,NO
FRANCISCO SERRANO,"Serrano, Francisco",2019,San Lorenzo Siglo XXI,Asamblea,58,SI
FRANCISCO SERRANO,"Serrano, Francisco",2016,San Lorenzo Siglo XXI,Asamblea,58,NO
FRANCISCO SERRANO,"Serrano, Francisco",2013,San Lorenzo Siglo XXI,Asamblea,59,NO
BRODSCHI MAURICIO,"Brodschi, Mauricio",2019,Volver a San Lorenzo,Asamblea,58,NO
BRODSCHI MAURICIO,"Brodschi, Mauricio",2016,Volver a San Lorenzo,Asamblea,49,NO
BRODSCHI MAURICIO,"Brodschi, Mauricio",2013,Volver a San Lorenzo,Fiscalizadora,,NO
ALBERTO FLORES JORGE,"Flores, Jorge Alberto",2019,Frente Pasión Azulgrana,Asamblea,58,NO
ARIEL FEDERICO RUSSO,"Russo, Federico Ariel",2019,Cruzada por San Lorenzo,Asamblea,58,NO
GAGLIANO HECTOR,"Gagliano, Hector",2019,Frente Pasión Azulgrana,Asamblea,59,NO
JULIAN RAUL STORTINI,"Stortini, Julian Raul",2019,Cruzada por San Lorenzo,Asamblea,59,NO
GARCIA GASTON MAXIMILIANO,"Garcia, Gaston Maximiliano",2019,San Lorenzo Siglo XXI,Asamblea,60,SI
GARCIA GASTON MAXIMILIANO,"Garcia, Gaston Maximiliano",2016,San Lorenzo Siglo XXI,Asamblea,22,SI
GARCIA GASTON MAXIMILIANO,"Garcia, Gaston Maximiliano",2022,San Lorenzo Querido,Asamblea,,NO
AGUSTINA BRUNO,"Bruno, Agustina",2019,Volver a San Lorenzo,Asamblea,60,NO
ARANA BURRUCHAGA,"Burruchaga, Arana",2019,Frente Pasión Azulgrana,Asamblea,60,NO
BRIZUELA IVANA MARIA,"Brizuela, Maria Ivana",2019,Cruzada por San Lorenzo,Asamblea,60,NO
CASTRO DE GONZALO,"De Castro, Gonzalo",2019,San Lorenzo Siglo XXI,Asamblea,61,SI
MIRACCA ROBERTO,"Miracca, Roberto",2019,Volver a San Lorenzo,Asamblea,61,NO
GARCIA MARCELO,"Garcia, Marcelo",2019,Frente Pasión Azulgrana,Asamblea,61,NO
ARIEL COSTA DA MARTIN PARAIZO,"Da Costa Paraizo, Martin Ariel",2019,Cruzada por San Lorenzo,Asamblea,61,NO
AMPUGNANI MARCELO,"Ampugnani, Marcelo",2019,San Lorenzo Siglo XXI,Asamblea,62,SI
AMPUGNANI MARCELO,"Ampugnani, Marcelo",2022,San Lorenzo Querido,Asamblea,,NO
CARLOS JUAN MELI,"Meli, Juan Carlos",2019,Volver a San Lorenzo,Asamblea,62,NO
CARLOS JUAN MELI,"Meli, Juan Carlos",2004,De Nuevo San Lorenzo,Fiscalizadora,,NO
PABLO QUIROGA,"Quiroga, Pablo",2019,Frente Pasión Azulgrana,Asamblea,62,NO
GAGLIARDONE ROBERTO,"Gagliardone, Roberto",2019,Cruzada por San Lorenzo,Asamblea,62,NO
GAGLIARDONE ROBERTO,"Gagliardone, Roberto",2022,Siempre San Lorenzo,Asamblea,,NO
ORLANDO OSCAR SACCO,"SACCO, OSCAR ORLANDO",2019,San Lorenzo Siglo XXI,Asamblea,63,SI
ORLANDO OSCAR SACCO,"SACCO, OSCAR ORLANDO",2016,San Lorenzo Siglo XXI,Asamblea,35,SI
ORLANDO OSCAR SACCO,"SACCO, OSCAR ORLANDO",2010,Nuevo San Lorenzo,Asamblea,40,NO
AGUSTIN MIRABELLI,"Mirabelli, Agustin",2019,Volver a San Lorenzo,Asamblea,63,NO
CESAR FRANCISCO GONZALEZ,"Gonzalez, Cesar Francisco",2019,Frente Pasión Azulgrana,Asamblea,63,NO
FABIAN LEONEL SARMIENTO,"Sarmiento, Fabian Leonel",2019,Cruzada por San Lorenzo,Asamblea,63,NO
ANDRADE EDUARDO JUAN,"Andrade, Juan Eduardo",2019,San Lorenzo Siglo XXI,Asamblea,64,SI
CRISTINA GAMBERALE MARIA,"Gamberale, Maria Cristina",2019,Volver a San Lorenzo,Asamblea,64,NO
ABEL CARELLI OSVALDO,"Carelli, Osvaldo Abel",2019,Cruzada por San Lorenzo,Asamblea,64,NO
MARCELA PARENGO,"Parengo, Marcela",2019,San Lorenzo Siglo XXI,Asamblea,65,SI
DIAZ DORA SUSANA,"Diaz, Susana Dora",2019,Frente Pasión Azulgrana,Asamblea,65,NO
BRIZUELA MARIA MELISA,"Brizuela, Maria Melisa",2019,Cruzada por San Lorenzo,Asamblea,65,NO
LUIS NORBERTO ORDAX,"Ordax, Luis Norberto",2019,San Lorenzo Siglo XXI,Asamblea,66,SI
LUIS NORBERTO ORDAX,"Ordax, Luis Norberto",2010,Boedo en Accion,Asamblea,3,SI
LUIS NORBERTO ORDAX,"Ordax, Luis Norberto",2022,San Lorenzo Querido,Asamblea,,NO
DARIO KUPERSMIT,"Kupersmit, Dario",2019,Volver a San Lorenzo,Asamblea,66,NO
DARIO KUPERSMIT,"Kupersmit, Dario",2016,Volver a San Lorenzo,Asamblea,9,NO
DARIO KUPERSMIT,"Kupersmit, Dario",2013,Volver a San Lorenzo,Asamblea,52,NO
ARTURO CARLOS JUAREZ,"Juarez, Carlos Arturo",2019,Frente Pasión Azulgrana,Asamblea,66,NO
GUSTAVO MARIO ZARATE,"Zarate, Gustavo Mario",2019,Cruzada por San Lorenzo,Asamblea,66,NO
JAVIER LUNA MARCELO,"Luna, Marcelo Javier",2019,San Lorenzo Siglo XXI,Asamblea,67,SI
JAVIER LUNA MARCELO,"Luna, Marcelo Javier",2022,San Lorenzo Querido,Asamblea,,NO
DANIEL JULIO SUEIRO,"Sueiro, Julio Daniel",2019,Volver a San Lorenzo,Asamblea,67,NO
DANIEL JULIO SUEIRO,"Sueiro, Julio Daniel",2016,Volver a San Lorenzo,Comisión Directiva,Pro-Tesorero,NO
ALVAREZ MARCELO,"Alvarez, Marcelo",2019,Frente Pasión Azulgrana,Asamblea,67,NO
AMATO DANIEL FERNANDO,"Amato, Daniel Fernando",2019,Cruzada por San Lorenzo,Asamblea,67,NO
FERRARIS SILVIO,"Ferraris, Silvio",2019,San Lorenzo Siglo XXI,Asamblea,68,SI
CARLOS JOVENICH,"Jovenich, Carlos",2019,Volver a San Lorenzo,Asamblea,68,NO
CARLOS JOVENICH,"Jovenich, Carlos",2013,Volver a San Lorenzo,Asamblea,39,NO
CARLOS JOVENICH,"Jovenich, Carlos",2022,Volver a San Lorenzo,Asamblea,,NO
EZEQUIEL MARTIN RAMIREZ,"Ramirez, Martin Ezequiel",2019,Frente Pasión Azulgrana,Asamblea,68,NO
LUIS MARTIN PALOMEQUE,"Palomeque, Martin Luis",2019,Cruzada por San Lorenzo,Asamblea,68,NO
CROCCO LEONARDO,"Crocco, Leonardo",2019,San Lorenzo Siglo XXI,Asamblea,69,SI
CROCCO LEONARDO,"Crocco, Leonardo",2016,San Lorenzo Siglo XXI,Asamblea,50,SI
CROCCO LEONARDO,"Crocco, Leonardo",2013,San Lorenzo Siglo XXI,Asamblea,60,NO
CROCCO LEONARDO,"Crocco, Leonardo",2022,San Lorenzo Querido,Asamblea,,NO
MACARENA PALOMEQUE,"Palomeque, Macarena",2019,Volver a San Lorenzo,Asamblea,69,NO
GREMONE LUCIANO,"Gremone, Luciano",2019,Frente Pasión Azulgrana,Asamblea,69,NO
CASTELPOGGI CLAUDIO GUSTAVO,"Castelpoggi, Gustavo Claudio",2019,Cruzada por San Lorenzo,Asamblea,69,NO
CRISTINA MUNOZ ROSA,"Muñoz, Rosa Cristina",2019,Frente Pasión Azulgrana,Asamblea,70,NO
BERTA ELSA URQUIZA,"Urquiza, Elsa Berta",2019,Cruzada por San Lorenzo,Asamblea,70,NO
LENTINI ROBERTO,"Lentini, Roberto",2019,Volver a San Lorenzo,Asamblea,71,NO
ALESSANDRONE JOSE JUAN,"Alessandrone, Juan Jose",2019,Frente Pasión Azulgrana,Asamblea,71,NO
MICAELA MORENO TATIANA,"Moreno, Tatiana Micaela",2019,Cruzada por San Lorenzo,Asamblea,71,NO
FULLE WALTER,"Fulle, Walter",2019,San Lorenzo Siglo XXI,Asamblea,72,SI
CESAR JULIO SUEIRO,"Sueiro, Julio Cesar",2019,Volver a San Lorenzo,Asamblea,72,NO
CESAR JULIO SUEIRO,"Sueiro, Julio Cesar",2016,Volver a San Lorenzo,Asamblea,31,NO
CESAR JULIO SUEIRO,"Sueiro, Julio Cesar",2022,Volver a San Lorenzo,Asamblea,,NO
BUONFRATE OSVALDO,"Buonfrate, Osvaldo",2019,Frente Pasión Azulgrana,Asamblea,72,NO
DE HOMERO ROCCHI,"De Rocchi, Homero",2019,Cruzada por San Lorenzo,Asamblea,72,NO
HAYDEE SCAGLIONE,"Scaglione, Haydee",2019,San Lorenzo Siglo XXI,Asamblea,73,SI
DE OSCAR ROCCHI WALTER,"De Rocchi, Walter Oscar",2019,Cruzada por San Lorenzo,Asamblea,73,NO
DE LA LLERA MAGALI,"De la Llera, Magali",2019,San Lorenzo Siglo XXI,Asamblea,74,SI
BARRIENTOS IRMA,"Barrientos, Irma",2019,Volver a San Lorenzo,Asamblea,74,NO
BARRIENTOS IRMA,"Barrientos, Irma",2010,Nuevo San Lorenzo,Asamblea,7,NO
BARRIENTOS IRMA,"Barrientos, Irma",2007,Unidos por San Lorenzo,Asamblea,7,SI
BARRIENTOS IRMA,"Barrientos, Irma",2004,Unidos por San Lorenzo,Asamblea,6,SI
BARRIENTOS IRMA,"Barrientos, Irma",2001,Unidos por San Lorenzo,Asamblea,3,SI
DANIEL GUSTAVO TOCCI,"Tocci, Daniel Gustavo",2019,Frente Pasión Azulgrana,Asamblea,74,NO
ALBERTO CARLOS ORTELLI,"Ortelli, Carlos Alberto",2019,Cruzada por San Lorenzo,Asamblea,74,NO
FONTANELLA MABEL RITA,"Fontanella, Mabel Rita",2019,San Lorenzo Siglo XXI,Asamblea,75,SI
FONTANELLA MABEL RITA,"Fontanella, Mabel Rita",2022,San Lorenzo Querido,Asamblea,,NO
BASTARDO DARIO HERNAN,"Bastardo, Hernan Dario",2019,Volver a San Lorenzo,Asamblea,75,NO
BASTARDO DARIO HERNAN,"Bastardo, Hernan Dario",2016,Volver a San Lorenzo,Asamblea,24,NO
BASTARDO DARIO HERNAN,"Bastardo, Hernan Dario",2010,Boedo en Accion,Asamblea,58,NO
BASTARDO DARIO HERNAN,"Bastardo, Hernan Dario",2022,Volver a San Lorenzo,Asamblea,,NO
DAVENIA SABRINA,"Davenia, Sabrina",2019,Frente Pasión Azulgrana,Asamblea,75,NO
ANA GLADYS ONETTO,"Onetto, Gladys Ana",2019,Cruzada por San Lorenzo,Asamblea,75,NO
ANGEL MIGUEL ORQUERA,"Orquera, Miguel angel",2019,San Lorenzo Siglo XXI,Asamblea,76,NO
ANGEL MIGUEL ORQUERA,"Orquera, Miguel angel",1998,San Lorenzo para Todos,Asamblea,7,SI
ANGEL MIGUEL ORQUERA,"Orquera, Miguel angel",2010,Mas San Lorenzo,Asamblea,35,NO
ANGEL MIGUEL ORQUERA,"Orquera, Miguel angel",2007,Frente San Lorenzo,Asamblea,11,SI
ANGEL MIGUEL ORQUERA,"Orquera, Miguel angel",2004,San Lorenzo para Todos,Asamblea,3,NO
ANGEL MIGUEL ORQUERA,"Orquera, Miguel angel",2001,Unidad Azulgrana,Asamblea,11,SI
ANGEL MIGUEL ORQUERA,"Orquera, Miguel angel",2022,San Lorenzo Querido,Asamblea,,NO
BERTUA MARIANO,"Bertua, Mariano",2019,Volver a San Lorenzo,Asamblea,76,NO
BERTUA MARIANO,"Bertua, Mariano",2016,Volver a San Lorenzo,Asamblea,58,NO
BERTUA MARIANO,"Bertua, Mariano",2013,Volver a San Lorenzo,Asamblea,33,NO
EZEQUIEL IGNACIO ORTELLI,"Ortelli, Ezequiel Ignacio",2019,Cruzada por San Lorenzo,Asamblea,76,NO
BONGIORNO ERNESTO MARIANO,"BONGIORNO, MARIANO ERNESTO",2019,San Lorenzo Siglo XXI,Asamblea,77,SI
BONGIORNO ERNESTO MARIANO,"BONGIORNO, MARIANO ERNESTO",2010,Nuevo San Lorenzo,Asamblea,33,NO
BONGIORNO ERNESTO MARIANO,"BONGIORNO, MARIANO ERNESTO",2007,Frente Sanlorencista,Asamblea,17,NO
BONGIORNO ERNESTO MARIANO,"BONGIORNO, MARIANO ERNESTO",2004,San Lorenzo para Todos,Asamblea,9,SI
HERNAN KLAICH,"Klaich, Hernan",2019,Volver a San Lorenzo,Asamblea,77,NO
ANTONIO JOSE MAZZARA,"Mazzara, Jose Antonio",2019,Frente Pasión Azulgrana,Asamblea,77,NO
CARLOS FABRICIO ORTELLI,"Ortelli, Fabricio Carlos",2019,Cruzada por San Lorenzo,Asamblea,77,NO
ALVAREZ EMANUEL FEDERICO,"Alvarez, Federico Emanuel",2019,Frente Pasión Azulgrana,Asamblea,78,NO
DIEGO NESTOR SOLDATI,"Soldati, Diego Nestor",2019,Cruzada por San Lorenzo,Asamblea,78,NO
ALFREDO JUSTO SUAREZ,"SUAREZ, ALFREDO JUSTO",2019,San Lorenzo Siglo XXI,Asamblea,79,NO
ALFREDO JUSTO SUAREZ,"SUAREZ, ALFREDO JUSTO",2013,San Lorenzo Siglo XXI,Asamblea,53,NO
ALFREDO JUSTO SUAREZ,"SUAREZ, ALFREDO JUSTO",2010,Nuevo San Lorenzo,Asamblea,20,NO
ALFREDO JUSTO SUAREZ,"SUAREZ, ALFREDO JUSTO",2004,San Lorenzo para Todos,Asamblea,12,SI
ALFREDO JUSTO SUAREZ,"SUAREZ, ALFREDO JUSTO",2022,San Lorenzo Querido,Asamblea,,NO
ALVAREZ JOSE LUIS,"Alvarez, Jose Luis",2019,Frente Pasión Azulgrana,Asamblea,79,NO
ALEJANDRO FERNANDEZ MARCELO,"Fernandez, Marcelo Alejandro",2019,Cruzada por San Lorenzo,Asamblea,79,NO
DANIEL MARCHESE,"Marchese, Daniel",2019,Volver a San Lorenzo,Asamblea,80,NO
ADRIANA RUFFATO,"Ruffato, Adriana",2019,Frente Pasión Azulgrana,Asamblea,80,NO
CAMILA JAZMIN VILLANUSTRE,"Villanustre, Camila Jazmin",2019,Cruzada por San Lorenzo,Asamblea,80,NO
ERNESTO RADONDE,"Radonde, Ernesto",2019,San Lorenzo Siglo XXI,Asamblea,81,NO
MARTIN TALLON,"Tallon, Martin",2019,Volver a San Lorenzo,Asamblea,81,NO
GRILLO MARIANO,"Grillo, Mariano",2019,Frente Pasión Azulgrana,Asamblea,81,NO
DOMINGO ROBERTO TROIANO,"Troiano, Roberto Domingo",2019,Cruzada por San Lorenzo,Asamblea,81,NO
TOMAS WASSERMAN,"Wasserman, Tomas",2019,San Lorenzo Siglo XXI,Asamblea,82,NO
CASTIELA GUSTAVO,"Castiela, Gustavo",2019,Frente Pasión Azulgrana,Asamblea,82,NO
CASSAB LUCAS MARIO,"Cassab, Lucas Mario",2019,Cruzada por San Lorenzo,Asamblea,82,NO
CAPRISTO VICTORIA,"Capristo, Victoria",2019,San Lorenzo Siglo XXI,Asamblea,83,NO
FLAVIO FRIGERIO,"Frigerio, Flavio",2019,Volver a San Lorenzo,Asamblea,83,NO
CARLOS JUAN MURAD,"Murad, Juan Carlos",2019,Frente Pasión Azulgrana,Asamblea,83,NO
JAVIER MARCELO MORENO,"Moreno, Marcelo Javier",2019,Cruzada por San Lorenzo,Asamblea,83,NO
JOSE MARIA MARTINO SANCHEZ,"Sanchez Martino, Jose Maria",2019,San Lorenzo Siglo XXI,Asamblea,84,NO
JOSE MARIA MARTINO SANCHEZ,"Sanchez Martino, Jose Maria",2012 (EXTRAORDINARIA),Por San Lorenzo,Comisión Directiva,,NO
GENTILE MARIANA,"Gentile, Mariana",2019,Volver a San Lorenzo,Asamblea,84,NO
GREMONE GUIDO NICOLAS,"Gremone, Guido Nicolas",2019,Frente Pasión Azulgrana,Asamblea,84,NO
DIEGO NICOLAS ZUNGRI,"Zungri, Diego Nicolas",2019,Cruzada por San Lorenzo,Asamblea,84,NO
ALEJANDRO CASTAGNETTI,"Castagnetti, Alejandro",2019,San Lorenzo Siglo XXI,Asamblea,85,NO
ELENA FRANCISCA PEREZ,"Perez, Elena Francisca",2019,Volver a San Lorenzo,Asamblea,85,NO
ALEJANDRA GARRO ISABEL,"Garro, Alejandra Isabel",2019,Frente Pasión Azulgrana,Asamblea,85,NO
ANABEL SARMIENTO SOLEDAD,"Sarmiento, Anabel Soledad",2019,Cruzada por San Lorenzo,Asamblea,85,NO
GIARDINI PABLO,"Giardini, Pablo",2019,San Lorenzo Siglo XXI,Asamblea,86,NO
AMALIA FORNABAIO,"Fornabaio, Amalia",2019,Volver a San Lorenzo,Asamblea,86,NO
ORLANDO VILA,"Vila, Orlando",2019,Frente Pasión Azulgrana,Asamblea,86,NO
AGUSTIN FERNANDEZ PEREYRA,"Fernandez Pereyra, Agustin",2019,Cruzada por San Lorenzo,Asamblea,86,NO
AGUSTIN FERNANDEZ PEREYRA,"Fernandez Pereyra, Agustin",2022,Siempre San Lorenzo,Asamblea,,NO
ADOLFO HORACIO RASO,"Raso, Adolfo Horacio",2019,Volver a San Lorenzo,Asamblea,87,NO
CARUSO CHRISTIAN EDUARDO,"Caruso, Christian Eduardo",2019,Frente Pasión Azulgrana,Asamblea,87,NO
JOSE LIZZANO NICOLAS,"Lizzano, Jose Nicolas",2019,Cruzada por San Lorenzo,Asamblea,87,NO
JOSE LIZZANO NICOLAS,"Lizzano, Jose Nicolas",2013,Cruzada por San Lorenzo,Asamblea,32,NO
JOSE LIZZANO NICOLAS,"Lizzano, Jose Nicolas",2010,Cruzada por San Lorenzo,Asamblea,41,NO
GUSTAVO REGES,"Reges, Gustavo",2019,San Lorenzo Siglo XXI,Asamblea,88,NO
LO MARIANA TARTARO,"Lo Tartaro, Mariana",2019,Volver a San Lorenzo,Asamblea,88,NO
BRUZZESE DANIEL,"Bruzzese, Daniel",2019,Frente Pasión Azulgrana,Asamblea,88,NO
ARIEL LAMAS OMAR,"Lamas, Ariel Omar",2019,Cruzada por San Lorenzo,Asamblea,88,NO
ARIEL LAMAS OMAR,"Lamas, Ariel Omar",2013,Cruzada por San Lorenzo,Asamblea,33,NO
MARTINEZ MATIAS,"Martinez, Matias",2019,San Lorenzo Siglo XXI,Asamblea,89,NO
MARTINEZ MATIAS,"Martinez, Matias",2022,San Lorenzo Querido,Asamblea,,NO
PABLO REBOREDO,"Reboredo, Pablo",2019,Volver a San Lorenzo,Asamblea,89,NO
ADAMO CARLOS JUAREZ,"Juarez Adamo, Carlos",2019,Frente Pasión Azulgrana,Asamblea,89,NO
CARLOS COUSO LEANDRO,"Couso, Carlos Leandro",2019,Cruzada por San Lorenzo,Asamblea,89,NO
CARLOS COUSO LEANDRO,"Couso, Carlos Leandro",2016,Cruzada por San Lorenzo,Asamblea,45,NO
CARLO DE MICAELA,"De Carlo, Micaela",2019,Volver a San Lorenzo,Asamblea,90,NO
AMARILLA BEATRIZ EMICE PACE,"Pace, Amarilla Emice Beatriz",2019,Frente Pasión Azulgrana,Asamblea,90,NO
HILDA PAULA ZUBIETA,"Zubieta, Paula Hilda",2019,Cruzada por San Lorenzo,Asamblea,90,NO
KONDRATIUK MARIANO,"Kondratiuk, Mariano",2019,San Lorenzo Siglo XXI,Fiscalizadora,2,SI
KONDRATIUK MARIANO,"Kondratiuk, Mariano",2010,Nuevo San Lorenzo,Comisión Directiva,Pro-Secretario,NO
KONDRATIUK MARIANO,"Kondratiuk, Mariano",2022,San Lorenzo Querido,Fiscalizadora,,NO
KONDRATIUK MARIANO,"Kondratiuk, Mariano",2016,San Lorenzo Siglo XXI,Fiscalizadora,,SI
KONDRATIUK MARIANO,"Kondratiuk, Mariano",2013,San Lorenzo Siglo XXI,Fiscalizadora,,SI
KONDRATIUK MARIANO,"Kondratiuk, Mariano",2007,Unidos por San Lorenzo,Fiscalizadora,,SI
KONDRATIUK MARIANO,"Kondratiuk, Mariano",2004,Unidos por San Lorenzo,Fiscalizadora,,SI
JAVIER TRIGO VICTOR,"Trigo, Victor Javier",2019,San Lorenzo Siglo XXI,Fiscalizadora,3,SI
JAVIER TRIGO VICTOR,"Trigo, Victor Javier",2010,Boedo en Accion,Comisión Directiva,Pro-Tesorero,NO
JAVIER TRIGO VICTOR,"Trigo, Victor Javier",2004,De Nuevo San Lorenzo,Comisión Directiva,Pro-Tesorero,NO
JAVIER TRIGO VICTOR,"Trigo, Victor Javier",2012 (EXTRAORDINARIA),San Lorenzo Siglo XXI,Comisión Directiva,,SI
JAVIER TRIGO VICTOR,"Trigo, Victor Javier",2012 (ASAMBLEA),Transitoria,Comisión Directiva,,SI
JAVIER TRIGO VICTOR,"Trigo, Victor Javier",2013,San Lorenzo Siglo XXI,Fiscalizadora,,SI
AGUSTIN MANGANIELLO,"Manganiello, Agustin",2019,San Lorenzo Siglo XXI,Fiscalizadora,4,SI
AGUSTIN MANGANIELLO,"Manganiello, Agustin",2016,San Lorenzo Siglo XXI,Fiscalizadora,,SI
KIROVSKY NORBERTO,"Kirovsky, Norberto",2019,San Lorenzo Siglo XXI,Fiscalizadora,5,SI
KIROVSKY NORBERTO,"Kirovsky, Norberto",2016,San Lorenzo Siglo XXI,Asamblea,44,SI
KIROVSKY NORBERTO,"Kirovsky, Norberto",2010,Nuevo San Lorenzo,Comisión Directiva,Intendente,NO
KIROVSKY NORBERTO,"Kirovsky, Norberto",2007,Frente San Lorenzo,Comisión Directiva,Tesorero,NO
KIROVSKY NORBERTO,"Kirovsky, Norberto",2004,San Lorenzo para Todos,Comisión Directiva,Vocal 1,NO
KIROVSKY NORBERTO,"Kirovsky, Norberto",2001,Unidad Azulgrana,Comisión Directiva,Vocal 3,NO
CANDELA RIVABELLA,"Rivabella, Candela",2019,San Lorenzo Siglo XXI,Fiscalizadora,6,SI
MARCELO XAMENA,"Xamena, Marcelo",2019,San Lorenzo Siglo XXI,Fiscalizadora,7,NO
MARCELO XAMENA,"Xamena, Marcelo",2010,Nuevo San Lorenzo,Comisión Directiva,Vocal 7,NO
MARCELO XAMENA,"Xamena, Marcelo",2007,Progreso Azulgrana,Comisión Directiva,Vocal 9,NO
BRUNO LUCIANO,"Bruno, Luciano",2016,Volver a San Lorenzo,Comisión Directiva,Vice-Presidente,NO
BRUNO LUCIANO,"Bruno, Luciano",2013,Volver a San Lorenzo,Comisión Directiva,Vice-Presidente 2º,NO
IGLESIAS RUBEN,"Iglesias, Ruben",2016,Cruzada por San Lorenzo,Comisión Directiva,Secretario,NO
CRISAFI PABLO,"Crisafi, Pablo",2016,Volver a San Lorenzo,Comisión Directiva,Secretario,NO
FRANCISCO MENOYO,"Menoyo, Francisco",2016,Cruzada por San Lorenzo,Comisión Directiva,Tesorero,NO
FRANCISCO MENOYO,"Menoyo, Francisco",2013,Cruzada por San Lorenzo,Comisión Directiva,Intendente,NO
FRANCISCO MENOYO,"Menoyo, Francisco",2010,Cruzada por San Lorenzo,Comisión Directiva,Tesorero,NO
ALEJANDRO GUASTALEGNAME JAVIER,"Guastalegname, Javier Alejandro",2016,San Lorenzo Siglo XXI,Comisión Directiva,Pro-Secretario,SI
ALEJANDRO GUASTALEGNAME JAVIER,"Guastalegname, Javier Alejandro",2013,San Lorenzo Siglo XXI,Asamblea,12,SI
ALEJANDRO GUASTALEGNAME JAVIER,"Guastalegname, Javier Alejandro",2010,Mas San Lorenzo,Asamblea,47,NO
ALEJANDRO GUASTALEGNAME JAVIER,"Guastalegname, Javier Alejandro",2007,Progreso Azulgrana,Comisión Directiva,,NO
ABADIE JAVIER,"Abadie, Javier",2016,Cruzada por San Lorenzo,Comisión Directiva,Pro-Tesorero,NO
ABADIE JAVIER,"Abadie, Javier",2013,Cruzada por San Lorenzo,Comisión Directiva,Pro-Tesorero,NO
ABADIE JAVIER,"Abadie, Javier",2012 (Extraordinaria),Cruzada por San Lorenzo,Comisión Directiva,Intendente,NO
ABADIE JAVIER,"Abadie, Javier",2010,Cruzada por San Lorenzo,Comisión Directiva,Intendente,NO
ABADIE JAVIER,"Abadie, Javier",2012 (EXTRAORDINARIA),Cruzada por San Lorenzo,Comisión Directiva,,NO
ABADIE JAVIER,"Abadie, Javier",2019,Cruzada por San Lorenzo,Fiscalizadora,,NO
CARLA MASELLI,"Maselli, Carla",2016,Cruzada por San Lorenzo,Comisión Directiva,Sub-Intendente,NO
CARLA MASELLI,"Maselli, Carla",2013,Cruzada por San Lorenzo,Comisión Directiva,Sub-Intendente,NO
GABRIEL MARTINO,"Martino, Gabriel",2016,San Lorenzo Siglo XXI,Comisión Directiva,Vocal 8,SI
GABRIEL MARTINO,"Martino, Gabriel",2022,Siempre San Lorenzo,Comisión Directiva,,NO
DE JOAQUIN LA TORRE,"De La Torre, Joaquin",2016,San Lorenzo Siglo XXI,Comisión Directiva,Vocal 10,SI
DE JOAQUIN LA TORRE,"De La Torre, Joaquin",2013,San Lorenzo Siglo XXI,Comisión Directiva,Vocal 5,SI
GONZALO RUANOVA,"Ruanova, Gonzalo",2016,San Lorenzo Siglo XXI,Comisión Directiva,Vocal 11,SI
GONZALO RUANOVA,"Ruanova, Gonzalo",2013,San Lorenzo Siglo XXI,Comisión Directiva,Vocal 1,SI
GONZALO RUANOVA,"Ruanova, Gonzalo",2010,Nuevo San Lorenzo,Comisión Directiva,Vocal 1,NO
GONZALO RUANOVA,"Ruanova, Gonzalo",2007,Unidos por San Lorenzo,Asamblea,13,SI
CHAVARRIA JULIO MELCHOR,"Melchor, Chavarria, Julio",2016,Volver a San Lorenzo,Comisión Directiva,Vocal 11,NO
CARLA ROSES SABRINA,"Roses, Sabrina Carla",2016,Cruzada por San Lorenzo,Comisión Directiva,Vocal 12,NO
MARTIN MAZZEO PABLO,"Mazzeo, Pablo Martin",2016,Cruzada por San Lorenzo,Comisión Directiva,Vocal 13,NO
ALBERTO CARLOS LAMMENS,"Lammens, Carlos Alberto",2016,San Lorenzo Siglo XXI,Comisión Directiva,Vocal 14,SI
MENDEZ MIGUEL,"Mendez, Miguel",2016,Volver a San Lorenzo,Comisión Directiva,Vocal 14,NO
EDUARDO GONZALEZ,"Gonzalez, Eduardo",2016,San Lorenzo Siglo XXI,Comisión Directiva,Vocal 15,NO
DIANDA FRANCISCO MARTIN,"dianda, Martin Francisco",2016,Cruzada por San Lorenzo,Comisión Directiva,Vocal 17,NO
DIANDA FRANCISCO MARTIN,"dianda, Martin Francisco",2019,Cruzada por San Lorenzo,Fiscalizadora,,NO
HECTOR PUJOL,"Pujol, Hector",2016,Volver a San Lorenzo,Comisión Directiva,Vocal 17,NO
HECTOR PUJOL,"Pujol, Hector",2022,Volver a San Lorenzo,Asamblea,,NO
FRANCISCO LAFUENTE,"Lafuente, Francisco",2016,Volver a San Lorenzo,Comisión Directiva,Vocal 18,NO
GASTON ROCHEARAY,"Rochearay, Gaston",2016,San Lorenzo Siglo XXI,Asamblea,3,SI
GASTON ROCHEARAY,"Rochearay, Gaston",2013,San Lorenzo Siglo XXI,Comisión Directiva,Pro-Secretario,SI
CHAHINIAN OSVALDO,"Chahinian, Osvaldo",2016,San Lorenzo Siglo XXI,Asamblea,4,SI
CHAHINIAN OSVALDO,"Chahinian, Osvaldo",2013,San Lorenzo Siglo XXI,Asamblea,7,SI
ALBERTO LUIS VELAZQUEZ,"Velazquez, Luis Alberto",2016,San Lorenzo Siglo XXI,Asamblea,5,SI
ARMANDO GENTILI,"Gentili, Armando",2016,San Lorenzo Siglo XXI,Asamblea,7,SI
ARMANDO GENTILI,"Gentili, Armando",2013,San Lorenzo Siglo XXI,Asamblea,32,SI
ALEJANDRO CASTANO MARCELO,"CASTAÑO, MARCELO ALEJANDRO",2016,Cruzada por San Lorenzo,Asamblea,9,NO
ALEJANDRO CASTANO MARCELO,"CASTAÑO, MARCELO ALEJANDRO",2013,Cruzada por San Lorenzo,Asamblea,11,NO
OSCAR VERZINO,"Verzino, Oscar",2016,Volver a San Lorenzo,Asamblea,10,NO
OSCAR VERZINO,"Verzino, Oscar",2013,Volver a San Lorenzo,Asamblea,9,NO
OSCAR VERZINO,"Verzino, Oscar",2007,Frente San Lorenzo,Asamblea,2,SI
OSCAR VERZINO,"Verzino, Oscar",2004,Dignidad por San Lorenzo,Comisión Directiva,Vocal 3,NO
OSCAR VERZINO,"Verzino, Oscar",2001,Unidad Azulgrana,Comisión Directiva,Intendente,NO
OSCAR VERZINO,"Verzino, Oscar",2022,Volver a San Lorenzo,Asamblea,,NO
GERARDO MENDEZ RUBEN,"Mendez, Gerardo Ruben",2016,Cruzada por San Lorenzo,Asamblea,11,NO
CARLOS JAVIER PASTOR,"Pastor, Carlos Javier",2016,San Lorenzo Siglo XXI,Asamblea,12,SI
CARLOS JAVIER PASTOR,"Pastor, Carlos Javier",2013,San Lorenzo Siglo XXI,Asamblea,34,SI
JAVIER VIEITEZ,"Vieitez, Javier",2016,Cruzada por San Lorenzo,Asamblea,13,NO
JAVIER VIEITEZ,"Vieitez, Javier",2013,Cruzada por San Lorenzo,Asamblea,23,NO
JAVIER VIEITEZ,"Vieitez, Javier",2010,Cruzada por San Lorenzo,Asamblea,,NO
JOSE MUNDO RICARDO,"Mundo, Jose Ricardo",2016,San Lorenzo Siglo XXI,Asamblea,14,SI
JOSE MUNDO RICARDO,"Mundo, Jose Ricardo",2013,San Lorenzo Siglo XXI,Asamblea,45,SI
JOSE MUNDO RICARDO,"Mundo, Jose Ricardo",2019,San Lorenzo Siglo XXI,Asamblea,,SI
GANDARA GONZALEZ HORACIO,"Gandara Gonzalez, Horacio",2016,Cruzada por San Lorenzo,Asamblea,14,NO
GANDARA GONZALEZ HORACIO,"Gandara Gonzalez, Horacio",2022,Siempre San Lorenzo,Asamblea,,NO
GUSTAVO LAVALLE,"Lavalle, Gustavo",2016,Cruzada por San Lorenzo,Asamblea,15,NO
GUSTAVO LAVALLE,"Lavalle, Gustavo",2013,Cruzada por San Lorenzo,Asamblea,14,NO
FIORE MATIAS,"Fiore, Matias",2016,Volver a San Lorenzo,Asamblea,15,NO
ALBERTO CASTRO MATIAS,"CASTRO, MATIAS ALBERTO",2016,San Lorenzo Siglo XXI,Asamblea,16,SI
ALBERTO CASTRO MATIAS,"CASTRO, MATIAS ALBERTO",2013,San Lorenzo Siglo XXI,Asamblea,13,SI
ALBERTO CASTRO MATIAS,"CASTRO, MATIAS ALBERTO",1989,Frederesa,Asamblea,10,SI
ALBERTO CASTRO MATIAS,"CASTRO, MATIAS ALBERTO",1982 (LISTA DE UNIDAD),Lista de Unidad,Comisión Directiva,,SI
ALBERTO CASTRO MATIAS,"CASTRO, MATIAS ALBERTO",1978,Lista de Unidad,Comisión Directiva,,SI
ALBERTO CASTRO MATIAS,"CASTRO, MATIAS ALBERTO",2010,Nuevo San Lorenzo,Fiscalizadora,,NO
KESSEL NICOLAS,"Kessel, Nicolas",2016,San Lorenzo Siglo XXI,Asamblea,17,SI
KESSEL NICOLAS,"Kessel, Nicolas",2013,Volver a San Lorenzo,Asamblea,22,NO
ANGEL FERNANDEZ SEBASTIAN,"Fernandez, Sebastian Angel",2016,Cruzada por San Lorenzo,Asamblea,17,NO
ANGEL FERNANDEZ SEBASTIAN,"Fernandez, Sebastian Angel",2013,Cruzada por San Lorenzo,Asamblea,44,NO
COBOS MAURICIO,"Cobos, Mauricio",2016,Cruzada por San Lorenzo,Asamblea,18,NO
GUSTAVO TALIBERTI,"Taliberti, Gustavo",2016,Volver a San Lorenzo,Asamblea,19,NO
ALBERTO DEL GROSSO JUAN,"Del Grosso, Juan Alberto",2016,Cruzada por San Lorenzo,Asamblea,21,NO
ALBERTO DEL GROSSO JUAN,"Del Grosso, Juan Alberto",2013,Cruzada por San Lorenzo,Asamblea,,NO
JOSE RUSSO,"Russo, Jose",2016,Volver a San Lorenzo,Asamblea,21,NO
BUSCAGLIA DARIO MARTIN,"Buscaglia, Dario Martin",2016,Cruzada por San Lorenzo,Asamblea,23,NO
BUSCAGLIA DARIO MARTIN,"Buscaglia, Dario Martin",2013,Cruzada por San Lorenzo,Asamblea,29,NO
BUSCAGLIA DARIO MARTIN,"Buscaglia, Dario Martin",2010,Cruzada por San Lorenzo,Asamblea,26,NO
LAURA VASSELLATI,"Vassellati, Laura",2016,Volver a San Lorenzo,Asamblea,23,NO
MARIANO PATINO,"Patiño, Mariano",2016,Volver a San Lorenzo,Asamblea,25,NO
CARLOS CASTRO,"Castro, Carlos",2016,San Lorenzo Siglo XXI,Asamblea,27,SI
CARLOS CASTRO,"Castro, Carlos",2013,San Lorenzo Siglo XXI,Asamblea,40,SI
FACUNDO LOPEZ MOHAMED,"Lopez Mohamed, Facundo",2016,Cruzada por San Lorenzo,Asamblea,27,NO
BARBARA CARELLI,"Carelli, Barbara",2016,Cruzada por San Lorenzo,Asamblea,28,NO
BARBARA CARELLI,"Carelli, Barbara",2022,San Lorenzo Querido,Asamblea,,NO
BARBARA CARELLI,"Carelli, Barbara",2019,Cruzada por San Lorenzo,Fiscalizadora,,NO
ALEGRE SEBASTIAN,"Alegre, Sebastian",2016,Volver a San Lorenzo,Asamblea,28,NO
GALE JAVIER JERONIMO,"Gale, Javier Jeronimo",2016,San Lorenzo Siglo XXI,Asamblea,30,SI
GALE JAVIER JERONIMO,"Gale, Javier Jeronimo",2013,San Lorenzo Siglo XXI,Asamblea,27,SI
LEANDRO VIDAL WALTER,"Vidal, Leandro Walter",2016,Volver a San Lorenzo,Asamblea,30,NO
CASTRO MATIAS,"Castro, Matias",2016,San Lorenzo Siglo XXI,Asamblea,31,SI
CASTRO MATIAS,"Castro, Matias",2013,San Lorenzo Siglo XXI,Comisión Directiva,Vocal 9,NO
CASTRO MATIAS,"Castro, Matias",2012 (Extraordinaria),San Lorenzo Siglo XXI,Comisión Directiva,Vocal 10,NO
CASTRO MATIAS,"Castro, Matias",2012 (EXTRAORDINARIA),San Lorenzo Siglo XXI,Comisión Directiva,,NO
CASTRO MATIAS,"Castro, Matias",2012 (ASAMBLEA),Transitoria,Comisión Directiva,,SI
ALBERTO CANOVIL HORACIO,"Canovil, Horacio Alberto",2016,Cruzada por San Lorenzo,Asamblea,33,NO
FERNANDO SILVA,"Silva, Fernando",2016,Volver a San Lorenzo,Asamblea,33,NO
LADELFA PABLO REGNER,"Ladelfa Regner, Pablo",2016,Volver a San Lorenzo,Asamblea,34,NO
IGNACIO JUAN SCARSI,"Scarsi, Juan Ignacio",2016,Cruzada por San Lorenzo,Asamblea,35,NO
VAZQUEZ VERONICA,"Vazquez, Veronica",2016,San Lorenzo Siglo XXI,Asamblea,36,SI
LEIVA MARTIN,"Leiva, Martin",2016,Cruzada por San Lorenzo,Asamblea,36,NO
LEIVA MARTIN,"Leiva, Martin",2013,Cruzada por San Lorenzo,Comisión Directiva,Pro-Secretario,NO
LEIVA MARTIN,"Leiva, Martin",2010,Cruzada por San Lorenzo,Comisión Directiva,Pro-Secretario,NO
CHRISTIAN DANIEL SANCHEZ,"Sanchez, Christian Daniel",2016,San Lorenzo Siglo XXI,Asamblea,37,SI
CHRISTIAN DANIEL SANCHEZ,"Sanchez, Christian Daniel",2013,San Lorenzo Siglo XXI,Asamblea,36,SI
REIMS VERONICA,"Reims, Veronica",2016,Volver a San Lorenzo,Asamblea,38,NO
REIMS VERONICA,"Reims, Veronica",2013,Volver a San Lorenzo,Asamblea,25,NO
DANIELA OHANESSIAN,"Ohanessian, Daniela",2016,San Lorenzo Siglo XXI,Asamblea,39,SI
JUAN MANUEL PEREZ,"Perez, Juan Manuel",2016,Cruzada por San Lorenzo,Asamblea,39,NO
ARMANDO RAUL SALTENO,"Salteño, Raul Armando",2016,Volver a San Lorenzo,Asamblea,39,NO
ARMANDO RAUL SALTENO,"Salteño, Raul Armando",2013,Volver a San Lorenzo,Asamblea,37,NO
CACCAVO LUCIANO,"Caccavo, Luciano",2016,San Lorenzo Siglo XXI,Asamblea,40,SI
CACCAVO LUCIANO,"Caccavo, Luciano",2013,San Lorenzo Siglo XXI,Asamblea,15,SI
ALEJANDRO FABIAN LOPES,"Lopes, Fabian Alejandro",2016,Cruzada por San Lorenzo,Asamblea,40,NO
ALEJANDRO FABIAN LOPES,"Lopes, Fabian Alejandro",2013,Cruzada por San Lorenzo,Asamblea,48,NO
CAVALLERI MARCELO,"Cavalleri, Marcelo",2016,Volver a San Lorenzo,Asamblea,40,NO
MARIANO RAUL SPATA,"Spata, Mariano Raul",2016,San Lorenzo Siglo XXI,Asamblea,41,SI
MARCELO MARIO SANTALLA,"Santalla, Mario Marcelo",2016,Cruzada por San Lorenzo,Asamblea,41,NO
MARCELO MARIO SANTALLA,"Santalla, Mario Marcelo",2013,Cruzada por San Lorenzo,Asamblea,,NO
ANGELO D SERGIO,"D'angelo, Sergio",2016,Cruzada por San Lorenzo,Asamblea,42,NO
FERRER HUMBERTO JUAN,"Ferrer, Juan Humberto",2016,Cruzada por San Lorenzo,Asamblea,43,NO
BERTUA JULIO,"Bertua, Julio",2016,Volver a San Lorenzo,Asamblea,43,NO
LUCIANA REIMS,"Reims, Luciana",2016,Volver a San Lorenzo,Asamblea,44,NO
LUCIANA REIMS,"Reims, Luciana",2013,Volver a San Lorenzo,Asamblea,13,NO
ANA MALDONADO REIMS,"Maldonado Reims, ana",2016,Volver a San Lorenzo,Asamblea,45,NO
FABIAN MATEO,"Mateo, Fabian",2016,Volver a San Lorenzo,Asamblea,46,NO
FLORIO IGNACIO,"Florio, Ignacio",2016,Volver a San Lorenzo,Asamblea,47,NO
ALBERTO JOSE MIDDONO,"Middono, Jose Alberto",2016,Volver a San Lorenzo,Asamblea,48,NO
ALBERTO JOSE MIDDONO,"Middono, Jose Alberto",2022,Volver a San Lorenzo,Asamblea,,NO
ALBERTO JOSE MIDDONO,"Middono, Jose Alberto",2019,Volver a San Lorenzo,Asamblea,,NO
ANTONIO HARDEL MARTIN,"Hardel, Antonio Martin",2016,San Lorenzo Siglo XXI,Asamblea,49,SI
LUCIANO MONTEQUIN,"Montequin, Luciano",2016,Cruzada por San Lorenzo,Asamblea,49,NO
ALEJANDRO HECTOR MON,"Mon, Alejandro Hector",2016,Cruzada por San Lorenzo,Asamblea,50,NO
CHAYAN HERNAN,"Chayan, Hernan",2016,Volver a San Lorenzo,Asamblea,50,NO
ALEJANDRO MAXIMILIANO MON,"Mon, Maximiliano Alejandro",2016,Cruzada por San Lorenzo,Asamblea,51,NO
ANDREA SOSA,"Sosa, Andrea",2016,Volver a San Lorenzo,Asamblea,51,NO
ANDREA SOSA,"Sosa, Andrea",2022,Volver a San Lorenzo,Asamblea,,NO
IVAN JAVIER SIGAL,"Sigal, Javier Ivan",2016,San Lorenzo Siglo XXI,Asamblea,52,SI
IVAN JAVIER SIGAL,"Sigal, Javier Ivan",2013,San Lorenzo Siglo XXI,Asamblea,52,NO
EZEQUIEL MATIAS RAMIREZ,"Ramirez, Matias Ezequiel",2016,Cruzada por San Lorenzo,Asamblea,52,NO
ALCIDES CHRISTIAN GARZON,"Garzon, Christian Alcides",2016,San Lorenzo Siglo XXI,Asamblea,53,NO
JUAN PABLO SIFON,"Sifon, Juan Pablo",2016,Cruzada por San Lorenzo,Asamblea,53,NO
JUAN PABLO SIFON,"Sifon, Juan Pablo",2013,Cruzada por San Lorenzo,Asamblea,54,NO
PIGNATARO SABRINA,"Pignataro, Sabrina",2016,Volver a San Lorenzo,Asamblea,53,NO
ALBERTO CARLOS TORINI,"Torini, Carlos Alberto",2016,San Lorenzo Siglo XXI,Asamblea,54,NO
ALBERTO CARLOS TORINI,"Torini, Carlos Alberto",2013,San Lorenzo Siglo XXI,Asamblea,44,SI
ERNESTO PIERRO,"Pierro, Ernesto",2016,Cruzada por San Lorenzo,Asamblea,54,NO
ERNESTO PIERRO,"Pierro, Ernesto",2013,Cruzada por San Lorenzo,Asamblea,17,NO
ERNESTO PIERRO,"Pierro, Ernesto",2010,Cruzada por San Lorenzo,Asamblea,19,NO
ERNESTO PIERRO,"Pierro, Ernesto",2022,Renovación Sanlorencista,Asamblea,,NO
REIMS RUBEN TESOURO,"Tesouro Reims, Ruben",2016,Volver a San Lorenzo,Asamblea,54,NO
CARLOS EDGARDO RODRIGUEZ,"Rodriguez, Edgardo Carlos",2016,San Lorenzo Siglo XXI,Asamblea,55,NO
FERNANDEZ RAMIRO,"Fernandez, Ramiro",2016,Volver a San Lorenzo,Asamblea,55,NO
CARLOS FRANCISCO MAIDANA,"Maidana, Carlos Francisco",2016,Cruzada por San Lorenzo,Asamblea,56,NO
ERNESTO PONZIO,"Ponzio, Ernesto",2016,Volver a San Lorenzo,Asamblea,56,NO
GUSTAVO MARTIN SIGAL,"Sigal, Martin Gustavo",2016,San Lorenzo Siglo XXI,Asamblea,57,NO
FACUNDO MONACO,"Monaco, Facundo",2016,Volver a San Lorenzo,Asamblea,57,NO
JUAN OMAR USUBIAGA,"Usubiaga, Juan Omar",2016,Cruzada por San Lorenzo,Asamblea,58,NO
ALICIA ROSA ZAMORA,"Zamora, Alicia Rosa",2016,San Lorenzo Siglo XXI,Asamblea,59,NO
GUSTAVO GUZMAN,"Guzman, gustavo",2016,Cruzada por San Lorenzo,Asamblea,59,NO
GUSTAVO GUZMAN,"Guzman, gustavo",2013,Cruzada por San Lorenzo,Asamblea,31,NO
GUSTAVO GUZMAN,"Guzman, gustavo",2010,Cruzada por San Lorenzo,Asamblea,51,NO
FERNANDO MIELE,"Miele, Fernando",1998,Nuevo Rumbo Sanlorencista,Comisión Directiva,Presidente,SI
FERNANDO MIELE,"Miele, Fernando",2001,Nuevo Rumbo Sanlorencista,Comisión Directiva,Presidente,SI
FERNANDO MIELE,"Miele, Fernando",1989,Nuevo Rumbo Sanlorencista,Comisión Directiva,Presidente,SI
FERNANDO MIELE,"Miele, Fernando",1986,Nuevo Rumbo Sanlorencista,Comisión Directiva,Presidente,SI
FERNANDO MIELE,"Miele, Fernando",1995 (NO HUBO),Nuevo Rumbo Sanlorencista,Comisión Directiva,,SI
FERNANDO MIELE,"Miele, Fernando",1992 (NO HUBO),Nuevo Rumbo Sanlorencista,Comisión Directiva,,SI
DOMINGO GALEAZZO VICENTE,"Galeazzo, Vicente Domingo",1998,San Lorenzo para Todos,Comisión Directiva,Presidente,NO
DOMINGO GALEAZZO VICENTE,"Galeazzo, Vicente Domingo",2007,Frente San Lorenzo,Asamblea,1,SI
DOMINGO GALEAZZO VICENTE,"Galeazzo, Vicente Domingo",2004,Unidos por San Lorenzo,Comisión Directiva,Vice-Presidente,SI
DOMINGO GALEAZZO VICENTE,"Galeazzo, Vicente Domingo",2001,Unidad Azulgrana,Asamblea,,SI
EDUARDO IGNOTO,"Ignoto, Eduardo",1998,Nuevo Rumbo Sanlorencista,Comisión Directiva,Vice-Presidente,SI
EDUARDO IGNOTO,"Ignoto, Eduardo",2010,Grandeza Azulgrana,Comisión Directiva,Vice-Presidente,NO
FEDERICO ZAMORA,"Zamora, Federico",1998,San Lorenzo para Todos,Comisión Directiva,Vice-Presidente,SI
FEDERICO ZAMORA,"Zamora, Federico",2007,Frente San Lorenzo,Asamblea,5,SI
ALBERTO CARRASCO,"Carrasco, Alberto",1998,Nuevo Rumbo Sanlorencista,Comisión Directiva,Vocal 1,SI
CHICOTE OSCAR,"Chicote, Oscar",1998,Nuevo Rumbo Sanlorencista,Comisión Directiva,Vocal 2,SI
CHICOTE OSCAR,"Chicote, Oscar",2001,Nuevo Rumbo Sanlorencista,Asamblea,1,SI
CHICOTE OSCAR,"Chicote, Oscar",1989,Nuevo Rumbo Sanlorencista,Comisión Directiva,Secretario,SI
CHICOTE OSCAR,"Chicote, Oscar",1995 (NO HUBO),Nuevo Rumbo Sanlorencista,Comisión Directiva,,SI
CHICOTE OSCAR,"Chicote, Oscar",1992 (NO HUBO),Nuevo Rumbo Sanlorencista,Comisión Directiva,,SI
CHICOTE OSCAR,"Chicote, Oscar",1971,Resurgimiento Sanlorencista,Comisión Directiva,,SI
CARLOS SEGURA,"Segura, Carlos",1998,Nuevo Rumbo Sanlorencista,Comisión Directiva,Vocal 3,SI
CARLOS SEGURA,"Segura, Carlos",1989,Nuevo Rumbo Sanlorencista,Comisión Directiva,Tesorero,SI
CARLOS SEGURA,"Segura, Carlos",1995 (NO HUBO),Nuevo Rumbo Sanlorencista,Comisión Directiva,,SI
CARLOS SEGURA,"Segura, Carlos",1992 (NO HUBO),Nuevo Rumbo Sanlorencista,Comisión Directiva,,SI
HUGO JORGE OLIVETTO,"Olivetto, Jorge Hugo",1998,San Lorenzo para Todos,Comisión Directiva,Vocal 3,NO
HUGO JORGE OLIVETTO,"Olivetto, Jorge Hugo",2010,Mas San Lorenzo,Asamblea,48,NO
HUGO JORGE OLIVETTO,"Olivetto, Jorge Hugo",Tribunal de Honor 2002-2005,(Sin datos),Tribunal de Ética,Miembro,SI
BERNAL EDUARDO,"Bernal, Eduardo",1998,Nuevo Rumbo Sanlorencista,Comisión Directiva,Vocal 4,SI
BERNAL EDUARDO,"Bernal, Eduardo",1989,Nuevo Rumbo Sanlorencista,Comisión Directiva,Intendente,SI
BERNAL EDUARDO,"Bernal, Eduardo",1995 (NO HUBO),Nuevo Rumbo Sanlorencista,Comisión Directiva,,SI
BERNAL EDUARDO,"Bernal, Eduardo",1992 (NO HUBO),Nuevo Rumbo Sanlorencista,Comisión Directiva,,SI
ANGEL FIORE MIGUEL,"Fiore, Miguel Angel",1998,San Lorenzo para Todos,Comisión Directiva,Vocal 4,SI
LILIANA TAGLIANI,"Tagliani, Liliana",1998,Nuevo Rumbo Sanlorencista,Comisión Directiva,Vocal 5,SI
LILIANA TAGLIANI,"Tagliani, Liliana",Tribunal de Honor 1993-1998,(Sin datos),Tribunal de Ética,Miembro,SI
LILIANA TAGLIANI,"Tagliani, Liliana",Tribunal de Honor 1990-1993,(Sin datos),Tribunal de Ética,Miembro,SI
ANIBAL GONZALEZ HECTOR,"Gonzalez, Anibal Hector",1998,San Lorenzo para Todos,Comisión Directiva,Vocal 5,NO
SAAVEDRA TOMAS,"Saavedra, Tomas",1998,Nuevo Rumbo Sanlorencista,Comisión Directiva,Vocal 6,SI
SAAVEDRA TOMAS,"Saavedra, Tomas",1989,Nuevo Rumbo Sanlorencista,Comisión Directiva,Vocal 3,SI
SAAVEDRA TOMAS,"Saavedra, Tomas",1986,Nuevo Rumbo Sanlorencista,Comisión Directiva,Vocal 2,SI
JORGE SABATER,"Sabater, Jorge",1998,Nuevo Rumbo Sanlorencista,Comisión Directiva,Vocal 7,SI
GNISCI JORGE JORIO,"Gnisci, Jorge Jorio",1998,Nuevo Rumbo Sanlorencista,Comisión Directiva,Vocal 8,SI
GNISCI JORGE JORIO,"Gnisci, Jorge Jorio",2001,Nuevo Rumbo Sanlorencista,Comisión Directiva,Vocal 1,NO
GNISCI JORGE JORIO,"Gnisci, Jorge Jorio",1989,Nuevo Rumbo Sanlorencista,Comisión Directiva,Vice-Presidente 2º,SI
GNISCI JORGE JORIO,"Gnisci, Jorge Jorio",1986,Nuevo Rumbo Sanlorencista,Comisión Directiva,Vocal 1,SI
GNISCI JORGE JORIO,"Gnisci, Jorge Jorio",1992 (NO HUBO),Nuevo Rumbo Sanlorencista,Comisión Directiva,,SI
ANGEL MIGUEL RUIZ,"Ruiz, Miguel Angel",1998,San Lorenzo para Todos,Comisión Directiva,Vocal 8,NO
GUSTAVO MIELE,"Miele, Gustavo",1998,Nuevo Rumbo Sanlorencista,Comisión Directiva,Vocal 9,SI
GUSTAVO MIELE,"Miele, Gustavo",2001,Nuevo Rumbo Sanlorencista,Comisión Directiva,Vocal 5,NO
GUSTAVO MIELE,"Miele, Gustavo",1995 (NO HUBO),Nuevo Rumbo Sanlorencista,Comisión Directiva,,SI
FERNANDO SANTOS,"Santos, Fernando",1998,Nuevo Rumbo Sanlorencista,Comisión Directiva,Vocal 10,SI
FERNANDO SANTOS,"Santos, Fernando",2004,De Nuevo San Lorenzo,Comisión Directiva,Secretario,NO
FERNANDO SANTOS,"Santos, Fernando",1989,Nuevo Rumbo Sanlorencista,Comisión Directiva,Vocal 8,NO
FERNANDO SANTOS,"Santos, Fernando",1995 (NO HUBO),Nuevo Rumbo Sanlorencista,Comisión Directiva,,SI
FERNANDO SANTOS,"Santos, Fernando",1992 (NO HUBO),Nuevo Rumbo Sanlorencista,Comisión Directiva,,SI
GUIDO MOSQUEIRA,"Mosqueira, Guido",1998,Nuevo Rumbo Sanlorencista,Comisión Directiva,Vocal 11,SI
GUIDO MOSQUEIRA,"Mosqueira, Guido",2004,De Nuevo San Lorenzo,Comisión Directiva,Vocal 9,NO
GUIDO MOSQUEIRA,"Mosqueira, Guido",1989,Frederesa,Comisión Directiva,Secretario,SI
GUIDO MOSQUEIRA,"Mosqueira, Guido",1992 (NO HUBO),Nuevo Rumbo Sanlorencista,Comisión Directiva,,SI
GUIDO MOSQUEIRA,"Mosqueira, Guido",1982 (LISTA DE UNIDAD),Lista de Unidad,Comisión Directiva,,SI
RAUL ROBERTO SUAREZ,"Suarez, Roberto Raul",1998,San Lorenzo para Todos,Comisión Directiva,Vocal 12,NO
CESAR JULIAN QUINTANA,"Quintana, Cesar Julian",1998,Nuevo Rumbo Sanlorencista,Comisión Directiva,Vocal 13,SI
CESAR JULIAN QUINTANA,"Quintana, Cesar Julian",2010,Grandeza Azulgrana,Asamblea,10,NO
CESAR JULIAN QUINTANA,"Quintana, Cesar Julian",2007,Frente Sanlorencista,Asamblea,33,NO
CESAR JULIAN QUINTANA,"Quintana, Cesar Julian",2004,Grandeza Azulgrana,Comisión Directiva,Vocal 4,NO
CESAR JULIAN QUINTANA,"Quintana, Cesar Julian",2001,Nuevo Rumbo Sanlorencista,Comisión Directiva,Sub-Intendente,NO
FERNANDEZ JULIO,"Fernandez, Julio",1998,San Lorenzo para Todos,Comisión Directiva,Vocal 13,NO
GABRIEL GIOSEFFI,"Gioseffi, Gabriel",1998,San Lorenzo para Todos,Comisión Directiva,Vocal 14,NO
FERNANDO GREGORIO,"Gregorio, Fernando",1998,Nuevo Rumbo Sanlorencista,Asamblea,1,SI
FERNANDO GREGORIO,"Gregorio, Fernando",2001,Nuevo Rumbo Sanlorencista,Asamblea,2,SI
ANTONIO BONOMO,"Bonomo, Antonio",1998,San Lorenzo para Todos,Asamblea,1,SI
ANTONIO BONOMO,"Bonomo, Antonio",2001,Unidad Azulgrana,Asamblea,1,SI
ANTONIO BONOMO,"Bonomo, Antonio",1989,Nuevo Rumbo Sanlorencista,Asamblea,1,SI
ANTONIO BONOMO,"Bonomo, Antonio",1986,Nuevo Rumbo Sanlorencista,Comisión Directiva,Vice-Presidente,SI
FIORENZA LUIS,"Fiorenza, Luis",1998,Nuevo Rumbo Sanlorencista,Asamblea,2,SI
FIORENZA LUIS,"Fiorenza, Luis",2004,De Nuevo San Lorenzo,Comisión Directiva,Vocal 11,NO
FIORENZA LUIS,"Fiorenza, Luis",2001,Nuevo Rumbo Sanlorencista,Asamblea,4,SI
FIORENZA LUIS,"Fiorenza, Luis",1989,Nuevo Rumbo Sanlorencista,Asamblea,7,SI
FIORENZA LUIS,"Fiorenza, Luis",1986,Nuevo Rumbo Sanlorencista,Asamblea,3,SI
FIORENZA LUIS,"Fiorenza, Luis",2004,Grandeza Azulgrana,Asamblea,,NO
ANGEL LABAJOS MIGUEL,"Labajos, Miguel Angel",1998,San Lorenzo para Todos,Asamblea,2,SI
GASPAROVIC MARIA,"Gasparovic, Maria",1998,Nuevo Rumbo Sanlorencista,Asamblea,3,SI
GASPAROVIC MARIA,"Gasparovic, Maria",2001,Nuevo Rumbo Sanlorencista,Asamblea,3,SI
GASPAROVIC MARIA,"Gasparovic, Maria",1989,Nuevo Rumbo Sanlorencista,Comisión Directiva,Vocal 10,NO
GASPAROVIC MARIA,"Gasparovic, Maria",1992 (NO HUBO),Nuevo Rumbo Sanlorencista,Comisión Directiva,,SI
ANGEL DOMINGUEZ,"Dominguez, Angel",1998,San Lorenzo para Todos,Asamblea,3,SI
ANGEL DOMINGUEZ,"Dominguez, Angel",2004,Dignidad por San Lorenzo,Comisión Directiva,Vocal 5,NO
ANGEL DOMINGUEZ,"Dominguez, Angel",2001,Unidad Azulgrana,Asamblea,3,SI
FILIPPETTI JORGE,"Filippetti, Jorge",1998,Nuevo Rumbo Sanlorencista,Asamblea,4,SI
FILIPPETTI JORGE,"Filippetti, Jorge",2010,Grandeza Azulgrana,Comisión Directiva,Sub-Intendente,NO
FILIPPETTI JORGE,"Filippetti, Jorge",2004,Grandeza Azulgrana,Comisión Directiva,Pro-Secretario,NO
FILIPPETTI JORGE,"Filippetti, Jorge",2001,Nuevo Rumbo Sanlorencista,Comisión Directiva,Pro-Secretario,NO
FILIPPETTI JORGE,"Filippetti, Jorge",1989,Nuevo Rumbo Sanlorencista,Fiscalizadora,,SI
ALBERTO CARLOS RUSSO,"Russo, Carlos Alberto",1998,San Lorenzo para Todos,Asamblea,4,SI
ALBERTO CARLOS RUSSO,"Russo, Carlos Alberto",2010,Grandeza Azulgrana,Asamblea,46,NO
ALBERTO CARLOS RUSSO,"Russo, Carlos Alberto",1989,Nuevo Rumbo Sanlorencista,Asamblea,18,SI
ALBERTO CARLOS RUSSO,"Russo, Carlos Alberto",1986,Nuevo Rumbo Sanlorencista,Asamblea,17,SI
ALBERTO BUSI,"Busi, Alberto",1998,Nuevo Rumbo Sanlorencista,Asamblea,5,SI
ALBERTO BUSI,"Busi, Alberto",2004,Grandeza Azulgrana,Comisión Directiva,Pro-Tesorero,NO
ALBERTO BUSI,"Busi, Alberto",2001,Nuevo Rumbo Sanlorencista,Asamblea,5,SI
ALBERTO BUSI,"Busi, Alberto",1989,Nuevo Rumbo Sanlorencista,Comisión Directiva,Vocal 2,SI
ALBERTO BUSI,"Busi, Alberto",1986,Nuevo Rumbo Sanlorencista,Comisión Directiva,Vocal 10,NO
ALBERTO BUSI,"Busi, Alberto",1992 (NO HUBO),Nuevo Rumbo Sanlorencista,Comisión Directiva,,SI
ALBERTO BUSI,"Busi, Alberto",2004,Grandeza Azulgrana,Asamblea,,NO
ALBERTO CARLOS FIORE,"Fiore, Carlos Alberto",1998,San Lorenzo para Todos,Asamblea,5,SI
GILLY HORACIO,"Gilly, Horacio",1998,Nuevo Rumbo Sanlorencista,Asamblea,6,SI
GILLY HORACIO,"Gilly, Horacio",2001,Nuevo Rumbo Sanlorencista,Asamblea,6,SI
GILLY HORACIO,"Gilly, Horacio",1982 (LISTA DE UNIDAD),Lista de Unidad,Comisión Directiva,,SI
GILLY HORACIO,"Gilly, Horacio",1980,Lista Blanca Opositora,Comisión Directiva,,SI
ANTICO JOSE,"Antico, Jose",1998,San Lorenzo para Todos,Asamblea,6,SI
ANTICO JOSE,"Antico, Jose",2001,Unidad Azulgrana,Asamblea,8,SI
CARLOS JUAN PEREIRA,"Pereira, Juan Carlos",1998,Nuevo Rumbo Sanlorencista,Asamblea,7,SI
CARLOS JUAN PEREIRA,"Pereira, Juan Carlos",2001,Nuevo Rumbo Sanlorencista,Asamblea,7,SI
CARLOS JUAN PEREIRA,"Pereira, Juan Carlos",1989,Nuevo Rumbo Sanlorencista,Comisión Directiva,Vocal 4,SI
CARLOS JUAN PEREIRA,"Pereira, Juan Carlos",1986,Nuevo Rumbo Sanlorencista,Asamblea,8,SI
CARLOS JUAN PEREIRA,"Pereira, Juan Carlos",1971,Resurgimiento Sanlorencista,Comisión Directiva,,SI
DIAZ JOSE LUIS,"Diaz, Jose Luis",1998,San Lorenzo para Todos,Asamblea,8,SI
CHICOTE NORBERTO,"Chicote, Norberto",1998,Nuevo Rumbo Sanlorencista,Asamblea,9,SI
CHICOTE NORBERTO,"Chicote, Norberto",2001,Nuevo Rumbo Sanlorencista,Asamblea,9,SI
CHICOTE NORBERTO,"Chicote, Norberto",1989,Nuevo Rumbo Sanlorencista,Asamblea,10,SI
CHICOTE NORBERTO,"Chicote, Norberto",1986,Nuevo Rumbo Sanlorencista,Asamblea,11,SI
PESARESI RINA,"Pesaresi, Rina",1998,San Lorenzo para Todos,Asamblea,9,SI
PESARESI RINA,"Pesaresi, Rina",2004,San Lorenzo para Todos,Asamblea,8,SI
OSVALDO PIZZARELLI,"Pizzarelli, Osvaldo",1998,Nuevo Rumbo Sanlorencista,Asamblea,10,SI
OSVALDO PIZZARELLI,"Pizzarelli, Osvaldo",2001,Nuevo Rumbo Sanlorencista,Asamblea,10,SI
OSVALDO PIZZARELLI,"Pizzarelli, Osvaldo",1989,Nuevo Rumbo Sanlorencista,Asamblea,28,SI
GONZALEZ NESTOR,"Gonzalez, Nestor",1998,San Lorenzo para Todos,Asamblea,10,SI
GONZALEZ NESTOR,"Gonzalez, Nestor",2010,Nuevo San Lorenzo,Comisión Directiva,Vocal 10,NO
GONZALEZ NESTOR,"Gonzalez, Nestor",2004,San Lorenzo para Todos,Comisión Directiva,Vocal 2,NO
GONZALEZ NESTOR,"Gonzalez, Nestor",2001,Unidad Azulgrana,Comisión Directiva,Sub-Intendente,NO
CARLOS PENELLO,"Penello, Carlos",1998,Nuevo Rumbo Sanlorencista,Asamblea,11,SI
CARLOS PENELLO,"Penello, Carlos",2004,De Nuevo San Lorenzo,Asamblea,8,NO
CARLOS PENELLO,"Penello, Carlos",2001,Nuevo Rumbo Sanlorencista,Asamblea,11,SI
CARLOS PENELLO,"Penello, Carlos",1989,Nuevo Rumbo Sanlorencista,Asamblea,52,NO
CARLOS NIETO,"Nieto, Carlos",1998,Nuevo Rumbo Sanlorencista,Asamblea,12,SI
CARLOS NIETO,"Nieto, Carlos",1989,Nuevo Rumbo Sanlorencista,Asamblea,29,SI
DANIEL SZTRASBERGER,"Sztrasberger, Daniel",1998,San Lorenzo para Todos,Asamblea,12,SI
LANATTA RODOLFO,"Lanatta, Rodolfo",1998,Nuevo Rumbo Sanlorencista,Asamblea,13,NO
LANATTA RODOLFO,"Lanatta, Rodolfo",2004,De Nuevo San Lorenzo,Comisión Directiva,Vocal 8,NO
DESTEFANO GUSTAVO,"Destefano, Gustavo",1998,San Lorenzo para Todos,Asamblea,13,SI
ESTUMBO MIGUEL,"Estumbo, Miguel",1998,Nuevo Rumbo Sanlorencista,Asamblea,14,SI
ESTUMBO MIGUEL,"Estumbo, Miguel",1989,Nuevo Rumbo Sanlorencista,Asamblea,9,SI
ESTUMBO MIGUEL,"Estumbo, Miguel",1986,Nuevo Rumbo Sanlorencista,Asamblea,5,SI
PELLIZER RODOLFO,"Pellizer, Rodolfo",1998,Nuevo Rumbo Sanlorencista,Asamblea,15,SI
PELLIZER RODOLFO,"Pellizer, Rodolfo",2001,Nuevo Rumbo Sanlorencista,Asamblea,13,SI
JESUS LAPADULA,"Lapadula, Jesus",1998,Nuevo Rumbo Sanlorencista,Asamblea,17,SI
JESUS LAPADULA,"Lapadula, Jesus",2001,Nuevo Rumbo Sanlorencista,Asamblea,15,NO
JESUS LAPADULA,"Lapadula, Jesus",1989,Nuevo Rumbo Sanlorencista,Asamblea,11,SI
JESUS LAPADULA,"Lapadula, Jesus",1986,Nuevo Rumbo Sanlorencista,Asamblea,10,SI
DALMIRO LUIS NOVOA,"Novoa, Luis Dalmiro",1998,Nuevo Rumbo Sanlorencista,Asamblea,18,SI
GRIPI NORBERTO,"Gripi, Norberto",1998,Nuevo Rumbo Sanlorencista,Asamblea,19,SI
GRIPI NORBERTO,"Gripi, Norberto",1989,Nuevo Rumbo Sanlorencista,Asamblea,36,SI
ALFREDO PEDRO ZEA,"Zea, Alfredo Pedro",1998,Nuevo Rumbo Sanlorencista,Asamblea,20,SI
ALFREDO PEDRO ZEA,"Zea, Alfredo Pedro",2010,Grandeza Azulgrana,Asamblea,49,NO
ALFREDO PEDRO ZEA,"Zea, Alfredo Pedro",2001,Nuevo Rumbo Sanlorencista,Asamblea,21,NO
ALFREDO PEDRO ZEA,"Zea, Alfredo Pedro",1989,Nuevo Rumbo Sanlorencista,Asamblea,43,SI
ALEJANDRO DANIEL ZEA,"Zea, Daniel Alejandro",1998,Nuevo Rumbo Sanlorencista,Asamblea,21,SI
ALEJANDRO DANIEL ZEA,"Zea, Daniel Alejandro",2010,Grandeza Azulgrana,Asamblea,32,NO
ALEJANDRO DANIEL ZEA,"Zea, Daniel Alejandro",2022,Boedo en Accion,Asamblea,,NO
ARISTIDES VICECONTE,"Viceconte, Aristides",1998,Nuevo Rumbo Sanlorencista,Asamblea,22,SI
TORCASSO VICENTE,"Torcasso, Vicente",1998,Nuevo Rumbo Sanlorencista,Asamblea,23,SI
CASTELNUOVO OSCAR,"Castelnuovo, Oscar",1998,Nuevo Rumbo Sanlorencista,Asamblea,24,SI
CARLOS FIURATTI,"Fiuratti, Carlos",1998,Nuevo Rumbo Sanlorencista,Asamblea,25,SI
CARLOS FIURATTI,"Fiuratti, Carlos",2001,Nuevo Rumbo Sanlorencista,Asamblea,8,SI
GIOSEFFI PEDRO,"Gioseffi, Pedro",1998,Nuevo Rumbo Sanlorencista,Asamblea,26,SI
GALLO NICOLAS,"Gallo, Nicolas",1998,Nuevo Rumbo Sanlorencista,Asamblea,27,SI
DEL GROSSO PASCUAL,"Del Grosso, Pascual",1998,Nuevo Rumbo Sanlorencista,Asamblea,28,SI
DEL GROSSO PASCUAL,"Del Grosso, Pascual",1989,Frederesa,Asamblea,13,SI
LIDIA MIRTA PEREZ,"Perez, Mirta Lidia",1998,Nuevo Rumbo Sanlorencista,Asamblea,29,SI
CARMEN DEL MARIA STRACQUADAINI,"Stracquadaini, Maria del Carmen",1998,Nuevo Rumbo Sanlorencista,Asamblea,30,SI
DE LYDIA NORMA VARRA ZEA,"Varra de Zea, Norma Lydia",1998,Nuevo Rumbo Sanlorencista,Asamblea,31,SI
DE LYDIA NORMA VARRA ZEA,"Varra de Zea, Norma Lydia",2010,Grandeza Azulgrana,Asamblea,50,NO
DE LYDIA NORMA VARRA ZEA,"Varra de Zea, Norma Lydia",1989,Nuevo Rumbo Sanlorencista,Asamblea,49,SI
ANGELICA GUERRA,"Guerra, Angelica",1998,Nuevo Rumbo Sanlorencista,Asamblea,32,SI
DIEGO EDUARDO NOVOA,"Novoa, Diego Eduardo",1998,Nuevo Rumbo Sanlorencista,Asamblea,33,SI
HUGO MARCELO VILLEGAS,"Villegas, Hugo Marcelo",1998,Nuevo Rumbo Sanlorencista,Asamblea,34,SI
CANEVARO CARLOS JUAN,"Canevaro, Juan Carlos",1998,Nuevo Rumbo Sanlorencista,Asamblea,35,SI
CANEVARO CARLOS JUAN,"Canevaro, Juan Carlos",2007,Frente San Lorenzo,Comisión Directiva,Vocal 8,NO
CANEVARO CARLOS JUAN,"Canevaro, Juan Carlos",2004,De Nuevo San Lorenzo,Asamblea,6,NO
DAVID PEREZ SERGIO,"Perez, Sergio David",1998,Nuevo Rumbo Sanlorencista,Asamblea,36,SI
CRISTINA DE MARIA POLLA RODOLFO,"Rodolfo de Polla, Maria Cristina",1998,Nuevo Rumbo Sanlorencista,Asamblea,37,SI
ANGELICA DE DELGADO MARIA ROCA,"Delgado de Roca, Maria Angelica",1998,Nuevo Rumbo Sanlorencista,Asamblea,38,SI
DE ELENA GIULI MARTA PENELO,"Giuli de Penelo, Marta Elena",1998,Nuevo Rumbo Sanlorencista,Asamblea,39,SI
BEATRIZ DE LOPEZ MARIA PIZZARELLI,"Lopez de Pizzarelli, Maria Beatriz",1998,Nuevo Rumbo Sanlorencista,Asamblea,40,SI
ALEJANDRO DE LUIS PRIEGO,"De Priego, Alejandro Luis",1998,Nuevo Rumbo Sanlorencista,Asamblea,41,SI
FERNANDO JOSE MONTI,"Monti, Jose Fernando",1998,Nuevo Rumbo Sanlorencista,Asamblea,42,SI
BAUTISTA JUAN RODRIGUEZ,"Rodriguez, Juan Bautista",1998,Nuevo Rumbo Sanlorencista,Asamblea,43,SI
BAUTISTA JUAN RODRIGUEZ,"Rodriguez, Juan Bautista",2007,Unidos por San Lorenzo,Asamblea,14,SI
BAUTISTA JUAN RODRIGUEZ,"Rodriguez, Juan Bautista",2004,Unidos por San Lorenzo,Asamblea,13,SI
BAUTISTA JUAN RODRIGUEZ,"Rodriguez, Juan Bautista",2001,Unidos por San Lorenzo,Asamblea,11,SI
BAUTISTA JUAN RODRIGUEZ,"Rodriguez, Juan Bautista",1989,Nuevo Rumbo Sanlorencista,Asamblea,21,SI
ANGEL ANIBAL FORTINO,"Fortiño, Anibal Angel",1998,Nuevo Rumbo Sanlorencista,Asamblea,44,SI
ANGEL ANIBAL FORTINO,"Fortiño, Anibal Angel",2007,Unidos por San Lorenzo,Asamblea,8,SI
ANGEL ANIBAL FORTINO,"Fortiño, Anibal Angel",2004,Unidos por San Lorenzo,Asamblea,7,SI
ANGEL ANIBAL FORTINO,"Fortiño, Anibal Angel",2001,Unidos por San Lorenzo,Asamblea,13,SI
ANGEL ANIBAL FORTINO,"Fortiño, Anibal Angel",1989,Nuevo Rumbo Sanlorencista,Asamblea,20,SI
ANGEL ANIBAL FORTINO,"Fortiño, Anibal Angel",1986,Nuevo Rumbo Sanlorencista,Asamblea,19,SI
EDUARDO ENRIQUEZ,"Enriquez, Eduardo",1998,Nuevo Rumbo Sanlorencista,Asamblea,45,SI
BERENGER EDUARDO,"Berenger, Eduardo",1998,Nuevo Rumbo Sanlorencista,Asamblea,46,SI
DAFINOTTI NESTOR,"Dafinotti, Nestor",1998,Nuevo Rumbo Sanlorencista,Asamblea,47,SI
ADOLFO RESNIK,"Resnik, Adolfo",2013,Cruzada por San Lorenzo,Comisión Directiva,Vice-Presidente,SI
ADOLFO RESNIK,"Resnik, Adolfo",2012 (Extraordinaria),Cruzada por San Lorenzo,Comisión Directiva,Vice-Presidente,NO
ADOLFO RESNIK,"Resnik, Adolfo",2010,Cruzada por San Lorenzo,Comisión Directiva,Vice-Presidente 2º,NO
ADOLFO RESNIK,"Resnik, Adolfo",2012 (EXTRAORDINARIA),Cruzada por San Lorenzo,Comisión Directiva,,SI
ALIVERVI BUGALLO CARLOS JUAN,"Bugallo, Juan Carlos Alivervi",2013,Volver a San Lorenzo,Comisión Directiva,Vice-Presidente,NO
ALIVERVI BUGALLO CARLOS JUAN,"Bugallo, Juan Carlos Alivervi",2001,Unidad Azulgrana,Comisión Directiva,Pro-Secretario,NO
LANZANI LEONARDO,"Lanzani, Leonardo",2013,Cruzada por San Lorenzo,Comisión Directiva,Secretario,NO
LANZANI LEONARDO,"Lanzani, Leonardo",2012 (Extraordinaria),Cruzada por San Lorenzo,Comisión Directiva,Secretario,NO
LANZANI LEONARDO,"Lanzani, Leonardo",2010,Cruzada por San Lorenzo,Comisión Directiva,Secretario,NO
LANZANI LEONARDO,"Lanzani, Leonardo",2012 (EXTRAORDINARIA),Cruzada por San Lorenzo,Comisión Directiva,,NO
ANTONIO BULANIKIAN LEANDRO,"Bulanikian, Leandro Antonio",2013,Volver a San Lorenzo,Comisión Directiva,Sub-Intendente,NO
ANTONIO BULANIKIAN LEANDRO,"Bulanikian, Leandro Antonio",2010,Mas San Lorenzo,Asamblea,33,NO
ANTONIO BULANIKIAN LEANDRO,"Bulanikian, Leandro Antonio",2016,Volver a San Lorenzo,Comisión Directiva,,NO
CARDO DANIELA,"Cardo, Daniela",2013,Volver a San Lorenzo,Comisión Directiva,Vocal 1,NO
DANIEL PESO,"Peso, Daniel",2013,Cruzada por San Lorenzo,Comisión Directiva,Vocal 2,NO
DANIEL PESO,"Peso, Daniel",2010,Cruzada por San Lorenzo,Comisión Directiva,Vocal 3,NO
FLORENCIA KESSEL,"Kessel, Florencia",2013,Volver a San Lorenzo,Comisión Directiva,Vocal 2,NO
CLAUDIO GRAPPI,"Grappi, Claudio",2013,Cruzada por San Lorenzo,Comisión Directiva,Vocal 5,NO
CLAUDIO GRAPPI,"Grappi, Claudio",2012 (Extraordinaria),Cruzada por San Lorenzo,Comisión Directiva,Vocal 6,NO
CLAUDIO GRAPPI,"Grappi, Claudio",2010,Cruzada por San Lorenzo,Comisión Directiva,Vocal 5,NO
CLAUDIO GRAPPI,"Grappi, Claudio",2012 (EXTRAORDINARIA),Cruzada por San Lorenzo,Comisión Directiva,,NO
JUAN MIRO,"Miro, Juan",2013,San Lorenzo Siglo XXI,Comisión Directiva,Vocal 6,SI
JUAN MIRO,"Miro, Juan",2012 (Extraordinaria),San Lorenzo Siglo XXI,Comisión Directiva,Vocal 6,NO
JUAN MIRO,"Miro, Juan",2010,Vamos San Lorenzo,Comisión Directiva,Vocal 5,SI
JUAN MIRO,"Miro, Juan",2012 (EXTRAORDINARIA),San Lorenzo Siglo XXI,Comisión Directiva,,SI
AGUSTIN RAMARI,"Ramari, Agustin",2013,Volver a San Lorenzo,Comisión Directiva,Vocal 6,NO
HOCHBAUM SILVIO,"Hochbaum, Silvio",2013,San Lorenzo Siglo XXI,Comisión Directiva,Vocal 7,SI
HOCHBAUM SILVIO,"Hochbaum, Silvio",2012 (Extraordinaria),San Lorenzo Siglo XXI,Comisión Directiva,Vocal 3,NO
HOCHBAUM SILVIO,"Hochbaum, Silvio",2012 (EXTRAORDINARIA),San Lorenzo Siglo XXI,Comisión Directiva,,SI
CAMPAGNA JORGE,"Campagna, Jorge",2013,Cruzada por San Lorenzo,Comisión Directiva,Vocal 7,NO
NICOLAS VITAL,"Vital, Nicolas",2013,San Lorenzo Siglo XXI,Comisión Directiva,Vocal 8,NO
BARROS CARAMES JORGE,"Carames, Jorge Barros",2013,Cruzada por San Lorenzo,Comisión Directiva,Vocal 8,NO
BARROS CARAMES JORGE,"Carames, Jorge Barros",2012 (Extraordinaria),Cruzada por San Lorenzo,Comisión Directiva,Vocal 5,NO
BARROS CARAMES JORGE,"Carames, Jorge Barros",2010,Cruzada por San Lorenzo,Comisión Directiva,Vocal 7,NO
BARROS CARAMES JORGE,"Carames, Jorge Barros",2012 (EXTRAORDINARIA),Cruzada por San Lorenzo,Comisión Directiva,,NO
GONZALEZ JAVIER,"Gonzalez, Javier",2013,Volver a San Lorenzo,Comisión Directiva,Vocal 8,NO
GERARDO MENDEZ,"Mendez, Gerardo",2013,Cruzada por San Lorenzo,Comisión Directiva,Vocal 9,NO
BOMBEN ROMINA,"Bomben, Romina",2013,Volver a San Lorenzo,Comisión Directiva,Vocal 10,NO
BOMBEN ROMINA,"Bomben, Romina",2022,San Lorenzo Querido,Asamblea,,NO
ALBENDIN NICOLAS,"Albendin, Nicolas",2013,Cruzada por San Lorenzo,Comisión Directiva,Vocal 11,NO
ALEJANDRA MARIA URIA,"Uria, Maria Alejandra",2013,Volver a San Lorenzo,Comisión Directiva,Vocal 11,NO
DIEGO MARTIN RESNIK,"RESNIK, DIEGO MARTIN",2013,Cruzada por San Lorenzo,Asamblea,2,NO
DIEGO MARTIN RESNIK,"RESNIK, DIEGO MARTIN",2010,Cruzada por San Lorenzo,Asamblea,3,SI
AMADEO JORGE SALERNO,"SALERNO, JORGE AMADEO",2013,Volver a San Lorenzo,Asamblea,3,NO
AMADEO JORGE SALERNO,"SALERNO, JORGE AMADEO",2010,Mas San Lorenzo,Asamblea,3,SI
AMADEO JORGE SALERNO,"SALERNO, JORGE AMADEO",2007,Frente San Lorenzo,Asamblea,10,SI
ANTONIO PIERRES,"Pierres, Antonio",2013,Volver a San Lorenzo,Asamblea,4,NO
ANTONIO PIERRES,"Pierres, Antonio",2010,Mas San Lorenzo,Comisión Directiva,Vocal 7,NO
DARIO POMBO RUBEN,"Pombo, Ruben Dario",2013,San Lorenzo Siglo XXI,Asamblea,5,SI
DARIO POMBO RUBEN,"Pombo, Ruben Dario",2010,Vamos San Lorenzo,Asamblea,6,SI
DARIO POMBO RUBEN,"Pombo, Ruben Dario",2004,Dignidad por San Lorenzo,Comisión Directiva,Vocal 7,NO
ALEJANDRO HORACIO ROMERO,"ROMERO, ALEJANDRO HORACIO",2013,Volver a San Lorenzo,Asamblea,5,NO
ALEJANDRO HORACIO ROMERO,"ROMERO, ALEJANDRO HORACIO",2010,Mas San Lorenzo,Asamblea,7,SI
ANTONIO VENTRICE,"Ventrice, Antonio",2013,Cruzada por San Lorenzo,Asamblea,6,NO
EZEQUIEL LONGO,"Longo, Ezequiel",2013,Volver a San Lorenzo,Asamblea,6,NO
ENRIQUE LICARI LUIS,"Licari, Luis Enrique",2013,Volver a San Lorenzo,Asamblea,7,NO
ANGEL MARTINO MIGUEL,"Martino, Miguel Angel",2013,Volver a San Lorenzo,Asamblea,11,NO
LOPEZ MANUELA MOHAMED,"Lopez Mohamed, Manuela",2013,Cruzada por San Lorenzo,Asamblea,12,NO
ALIVERTI CARLOS ROBERTO,"ALIVERTI, ROBERTO CARLOS",2013,Volver a San Lorenzo,Asamblea,12,NO
ALIVERTI CARLOS ROBERTO,"ALIVERTI, ROBERTO CARLOS",2010,Mas San Lorenzo,Asamblea,30,NO
DIEGO GABRIEL SOFIA,"Sofia, Diego Gabriel",2013,Cruzada por San Lorenzo,Asamblea,13,NO
DIEGO GABRIEL SOFIA,"Sofia, Diego Gabriel",2010,Cruzada por San Lorenzo,Asamblea,12,NO
ALEJANDRO BONINO JAVIER,"Bonino, Javier Alejandro",2013,Volver a San Lorenzo,Asamblea,14,NO
CARDAMA GABRIEL GUSTAVO,"Cardama, Gabriel Gustavo",2013,Cruzada por San Lorenzo,Asamblea,15,NO
ALAN VALLEJOS,"Vallejos, Alan",2013,Volver a San Lorenzo,Asamblea,15,NO
PABLO RUGGERI,"Ruggeri, Pablo",2013,San Lorenzo Siglo XXI,Asamblea,16,SI
RODRIGO VILLAVEIRAN,"Villaveiran, Rodrigo",2013,Cruzada por San Lorenzo,Asamblea,16,NO
RODRIGO VILLAVEIRAN,"Villaveiran, Rodrigo",2022,San Lorenzo Querido,Asamblea,,NO
CHRISTIAN MAYONE,"Mayone, Christian",2013,Volver a San Lorenzo,Asamblea,16,NO
ALIVERTI ROLANDO,"Aliverti, Rolando",2013,Volver a San Lorenzo,Asamblea,17,NO
ALBAJARI ALBERTO NESTOR,"ALBAJARI, ALBERTO NESTOR",2013,San Lorenzo Siglo XXI,Asamblea,18,SI
ALBAJARI ALBERTO NESTOR,"ALBAJARI, ALBERTO NESTOR",2010,Vamos San Lorenzo,Asamblea,4,SI
MASTROMARINO NESTOR,"Mastromarino, Nestor",2013,Volver a San Lorenzo,Asamblea,18,NO
ENRIQUE FRESNO TULIO,"Fresno, Tulio Enrique",2013,Cruzada por San Lorenzo,Asamblea,19,NO
ENRIQUE FRESNO TULIO,"Fresno, Tulio Enrique",2010,Cruzada por San Lorenzo,Asamblea,21,NO
MARIO RODOLFO SPARAPANI,"Sparapani, Mario Rodolfo",2013,Volver a San Lorenzo,Asamblea,19,NO
BRUN LEANDRO SEBASTIAN,"Brun, Leandro Sebastian",2013,Volver a San Lorenzo,Asamblea,20,NO
ADRIAN CHIARELLO MAXIMILIANO,"Chiarello, Adrian Maximiliano",2013,San Lorenzo Siglo XXI,Asamblea,21,SI
ANDRES LOYATO MARTIN,"Loyato, Martin Andres",2013,Volver a San Lorenzo,Asamblea,21,NO
PAYASLIAN SERGIO,"Payaslian, Sergio",2013,Cruzada por San Lorenzo,Asamblea,22,NO
ANTONIO CARLOS GARAVAGLIA,"Garavaglia, Carlos Antonio",2013,San Lorenzo Siglo XXI,Asamblea,23,SI
ANTONIO CARLOS GARAVAGLIA,"Garavaglia, Carlos Antonio",2010,Vamos San Lorenzo,Asamblea,19,SI
ANA LUCIA MALDONADO,"Maldonado, Ana Lucia",2013,Volver a San Lorenzo,Asamblea,24,NO
GARCILAZO MARTIN,"Garcilazo, Martin",2013,San Lorenzo Siglo XXI,Asamblea,25,SI
GARCILAZO MARTIN,"Garcilazo, Martin",2010,Grandeza Azulgrana,Comisión Directiva,Vocal 11,NO
ANTONIO DEL GROSSO JUAN,"Del Grosso, Juan Antonio",2013,Cruzada por San Lorenzo,Asamblea,25,NO
CANEVA FERNANDO LUCAS,"Caneva, Lucas Fernando",2013,Cruzada por San Lorenzo,Asamblea,26,NO
ALFREDO BERTOLDO DAMIAN,"Bertoldo, Damian Alfredo",2013,Volver a San Lorenzo,Asamblea,26,NO
ANIBAL LOPEZ SERGIO,"Lopez, Sergio Anibal",2013,Cruzada por San Lorenzo,Asamblea,27,NO
ANIBAL LOPEZ SERGIO,"Lopez, Sergio Anibal",2010,Cruzada por San Lorenzo,Asamblea,32,NO
FABIAN MATIAS RODRIGUEZ,"Rodriguez, Fabian Matias",2013,Volver a San Lorenzo,Asamblea,27,NO
ENRIQUEZ JULIAN,"Enriquez, Julian",2013,San Lorenzo Siglo XXI,Asamblea,28,SI
NORA NYDIA ZAPICO,"Zapico, Nydia Nora",2013,Cruzada por San Lorenzo,Asamblea,28,NO
NORA NYDIA ZAPICO,"Zapico, Nydia Nora",2010,Cruzada por San Lorenzo,Asamblea,49,NO
CAMODECA MARTIN,"Camodeca, Martin",2013,Volver a San Lorenzo,Asamblea,29,NO
AMEZQUETA CARMEN DEL MARIA,"Amezqueta, Maria del Carmen",2013,San Lorenzo Siglo XXI,Asamblea,30,SI
AMEZQUETA CARMEN DEL MARIA,"Amezqueta, Maria del Carmen",2010,Vamos San Lorenzo,Asamblea,38,NO
ALEJANDRO BEJAR DANIEL,"Bejar, Alejandro Daniel",2013,Cruzada por San Lorenzo,Asamblea,30,NO
BALDOMIR LUCIANO RODRIGO,"Baldomir, Rodrigo Luciano",2013,Volver a San Lorenzo,Asamblea,30,NO
DELLEDONNE EMILIO HECTOR,"Delledonne, Hector Emilio",2013,San Lorenzo Siglo XXI,Asamblea,31,SI
DAVID LUZZA NICOLAS,"Luzza, David Nicolas",2013,Volver a San Lorenzo,Asamblea,31,NO
MANFREDI RICARDO,"Manfredi, Ricardo",2013,San Lorenzo Siglo XXI,Asamblea,33,SI
COSTA EDGARDO FABIAN,"Costa, Edgardo Fabian",2013,Cruzada por San Lorenzo,Asamblea,34,NO
DEL MEDINA OSCAR VALLE,"Medina, Oscar del Valle",2013,Volver a San Lorenzo,Asamblea,34,NO
DIEGO LOMBARDO MARTIN,"Lombardo, diego Martin",2013,Cruzada por San Lorenzo,Asamblea,35,NO
DIEGO LOMBARDO MARTIN,"Lombardo, diego Martin",2010,Cruzada por San Lorenzo,Asamblea,33,NO
ARGENTINA LETTIERI OLGA,"Lettieri, Olga Argentina",2013,Volver a San Lorenzo,Asamblea,35,NO
ALBERTO CARLOS RIZZO,"Rizzo, Carlos Alberto",2013,San Lorenzo Siglo XXI,Asamblea,37,SI
ALBERTO CARLOS RIZZO,"Rizzo, Carlos Alberto",2010,Vamos San Lorenzo,Asamblea,17,SI
ALBERTO CARLOS RIZZO,"Rizzo, Carlos Alberto",2004,San Lorenzo para Todos,Asamblea,5,SI
CARLA DE JOSE SANDRO,"De Carla, Jose Sandro",2013,Cruzada por San Lorenzo,Asamblea,37,NO
CARLA DE JOSE SANDRO,"De Carla, Jose Sandro",2010,Cruzada por San Lorenzo,Asamblea,,NO
CESAR GUILLERMO VISCARDI,"Viscardi, guillermo cesar",2013,Cruzada por San Lorenzo,Asamblea,38,NO
EDUARDO JAVIER SALVADOR,"Salvador, Eduardo Javier",2013,Volver a San Lorenzo,Asamblea,38,NO
EDUARDO JAVIER SALVADOR,"Salvador, Eduardo Javier",2010,Nuevo San Lorenzo,Asamblea,54,NO
DAMIAN DIAZ MAURO,"Diaz, Damian Mauro",2013,Cruzada por San Lorenzo,Asamblea,39,NO
CARRASCO EMANUEL JAVIER MARIANO,"Carrasco, Mariano Javier Emanuel",2013,Volver a San Lorenzo,Asamblea,40,NO
CARLOS MARCELO SCHIAVONE,"SCHIAVONE, CARLOS MARCELO",2013,Cruzada por San Lorenzo,Asamblea,41,NO
CARLOS MARCELO SCHIAVONE,"SCHIAVONE, CARLOS MARCELO",2010,Cruzada por San Lorenzo,Asamblea,43,NO
CARLOS MARCELO SCHIAVONE,"SCHIAVONE, CARLOS MARCELO",1986,Movimiento de Reconstruccion Sanlorencista,Asamblea,44,NO
ARIEL JORGE SALERNO,"Salerno, Jorge Ariel",2013,Volver a San Lorenzo,Asamblea,41,NO
ANTONIO CARLOS SCHIAVONE,"Schiavone, Carlos Antonio",2013,Cruzada por San Lorenzo,Asamblea,42,NO
ANGELICA DELGADO MARIA,"Delgado, Maria Angelica",2013,Volver a San Lorenzo,Asamblea,42,NO
ANGELICA DELGADO MARIA,"Delgado, Maria Angelica",2007,Frente Sanlorencista,Asamblea,22,NO
ANGELICA DELGADO MARIA,"Delgado, Maria Angelica",2004,De Nuevo San Lorenzo,Asamblea,4,SI
ANGELICA DELGADO MARIA,"Delgado, Maria Angelica",2001,Nuevo Rumbo Sanlorencista,Comisión Directiva,Vocal 8,NO
JALED MANUEL NORBERTO,"JALED, NORBERTO MANUEL",2013,San Lorenzo Siglo XXI,Asamblea,43,SI
JALED MANUEL NORBERTO,"JALED, NORBERTO MANUEL",2010,Nuevo San Lorenzo,Asamblea,58,NO
ROCA RODOLFO,"Roca, Rodolfo",2013,Volver a San Lorenzo,Asamblea,43,NO
CAMODECA ROBERTO,"Camodeca, Roberto",2013,Volver a San Lorenzo,Asamblea,44,NO
BUSSO HAYDEE,"BUSSO, HAYDEE",2013,Cruzada por San Lorenzo,Asamblea,45,NO
BUSSO HAYDEE,"BUSSO, HAYDEE",2010,Cruzada por San Lorenzo,Asamblea,,NO
ANTONIO ENRIQUE PEDRO,"Pedro, Antonio Enrique",2013,Cruzada por San Lorenzo,Asamblea,46,NO
ANTONIO ENRIQUE PEDRO,"Pedro, Antonio Enrique",2010,Cruzada por San Lorenzo,Asamblea,30,NO
FRANCISCO JORGE ROMANELLI,"Romanelli, Francisco Jorge",2013,Volver a San Lorenzo,Asamblea,46,NO
ALBERTO CARLOS GARCIA ORLANDO,"Garcia, Carlos Alberto Orlando",2013,Cruzada por San Lorenzo,Asamblea,47,NO
ALBERTO CARLOS GARCIA ORLANDO,"Garcia, Carlos Alberto Orlando",2010,Cruzada por San Lorenzo,Asamblea,38,NO
ALBERTO GONTINAS MANUEL,"GONTIÑAS, ALBERTO MANUEL",2013,Volver a San Lorenzo,Asamblea,47,NO
ALBERTO GONTINAS MANUEL,"GONTIÑAS, ALBERTO MANUEL",2010,Grandeza Azulgrana,Asamblea,13,NO
ALBERTO GONTINAS MANUEL,"GONTIÑAS, ALBERTO MANUEL",2001,La Casa del Vitalicio,Comisión Directiva,Pro-Secretario,NO
KIROVSKY NESTOR,"Kirovsky, Nestor",2013,San Lorenzo Siglo XXI,Asamblea,48,SI
CARLOS JAVIER SOSA,"Sosa, Carlos Javier",2013,Volver a San Lorenzo,Asamblea,48,NO
MARIANO PABLO SIGAL,"Sigal, Pablo Mariano",2013,San Lorenzo Siglo XXI,Asamblea,49,SI
MAURO SANTALLA,"Santalla, Mauro",2013,Cruzada por San Lorenzo,Asamblea,49,NO
BARBA CARLOS,"Barba, Carlos",2013,Volver a San Lorenzo,Asamblea,49,NO
BRIUOLI HERNAN NORBERTO,"Briuoli, Hernan Norberto",2013,San Lorenzo Siglo XXI,Asamblea,50,NO
BRIUOLI HERNAN NORBERTO,"Briuoli, Hernan Norberto",2010,Mas San Lorenzo,Asamblea,21,NO
AMIGO JUAN MANUEL PEREZ,"Perez, Amigo Manuel Juan",2013,Cruzada por San Lorenzo,Asamblea,50,NO
AMIGO JUAN MANUEL PEREZ,"Perez, Amigo Manuel Juan",1986,Nuevo Rumbo Sanlorencista,Asamblea,1,SI
AMIGO JUAN MANUEL PEREZ,"Perez, Amigo Manuel Juan",2004,(Sin datos),Junta Electoral,Vocal Junta Electoral,SI
ANGEL BLANCO ERNESTO,"Blanco, Ernesto Angel",2013,Cruzada por San Lorenzo,Asamblea,51,NO
CAVALLERI FRANCISCO OSVALDO,"Cavalleri, Francisco Osvaldo",2013,Volver a San Lorenzo,Asamblea,51,NO
HECTOR JOSE ROMANO,"Romano, Hector Jose",2013,Cruzada por San Lorenzo,Asamblea,52,NO
HECTOR JOSE ROMANO,"Romano, Hector Jose",2010,Cruzada por San Lorenzo,Asamblea,55,NO
LAINO PASCUAL,"Laino, Pascual",2013,Volver a San Lorenzo,Asamblea,53,NO
CIVES GENEROSO JOSE LEMA,"Lema Cives, Generoso Jose",2013,Cruzada por San Lorenzo,Asamblea,55,NO
HECTOR MARCHESE,"Marchese, Hector",2013,Volver a San Lorenzo,Asamblea,55,NO
HECTOR MARCHESE,"Marchese, Hector",2010,Grandeza Azulgrana,Comisión Directiva,Vocal 8,NO
HECTOR MARCHESE,"Marchese, Hector",2004,Grandeza Azulgrana,Asamblea,3,SI
HECTOR MARCHESE,"Marchese, Hector",1989,Nuevo Rumbo Sanlorencista,Asamblea,34,SI
DE JUAN PABLO SENA,"De Sena, Juan Pablo",2013,Cruzada por San Lorenzo,Asamblea,56,NO
ANDRES FANTIL FERNANDEZ PABLO,"Fernandez Fantil, Andres Pablo",2013,Volver a San Lorenzo,Asamblea,56,NO
MARIANO SERRANTES,"Serrantes, Mariano",2013,San Lorenzo Siglo XXI,Asamblea,57,NO
ARIEL DAMIAN GENOVESSE,"Genovesse, Damian Ariel",2013,Cruzada por San Lorenzo,Asamblea,57,NO
DANIEL STELLA,"Stella, Daniel",2013,Cruzada por San Lorenzo,Asamblea,58,NO
DANIEL STELLA,"Stella, Daniel",2010,Grandeza Azulgrana,Asamblea,5,NO
MENEHEM OMAR,"Menehem, Omar",2013,Volver a San Lorenzo,Asamblea,58,NO
ALEJANDRO SOMOZA,"Somoza, Alejandro",2013,Cruzada por San Lorenzo,Asamblea,59,NO
DELFA GUILLERMO LA PABLO REGNER,"La Delfa Regner, Pablo Guillermo",2013,Volver a San Lorenzo,Asamblea,59,NO
CRISTIAN PABLO RODRIGUEZ,"Rodriguez, Pablo Cristian",2013,Cruzada por San Lorenzo,Asamblea,60,NO
CRISTIAN PABLO RODRIGUEZ,"Rodriguez, Pablo Cristian",2010,Cruzada por San Lorenzo,Asamblea,22,NO
FRANCISCO PALADINO,"Paladino, Francisco",2013,Volver a San Lorenzo,Asamblea,60,NO
LAMNENS MATIAS,"Lamnens, Matias",2012 (Extraordinaria),San Lorenzo Siglo XXI,Comisión Directiva,Presidente,NO
ALBANESI PABLO,"Albanesi, Pablo",2012 (Extraordinaria),Por San Lorenzo,Comisión Directiva,Presidente,NO
ALBANESI PABLO,"Albanesi, Pablo",2010,Mas San Lorenzo,Comisión Directiva,Intendente,NO
ALBANESI PABLO,"Albanesi, Pablo",2012 (EXTRAORDINARIA),Por San Lorenzo,Comisión Directiva,,SI
ARIEL CROCCITA,"Croccita, Ariel",2012 (Extraordinaria),Por San Lorenzo,Comisión Directiva,Secretario,NO
JUNCAL MARTIN SEBASTIAN,"Juncal, Sebastian Martin",2012 (Extraordinaria),Cruzada por San Lorenzo,Comisión Directiva,Tesorero,NO
JUNCAL MARTIN SEBASTIAN,"Juncal, Sebastian Martin",2012 (EXTRAORDINARIA),Cruzada por San Lorenzo,Comisión Directiva,,NO
JUNCAL MARTIN SEBASTIAN,"Juncal, Sebastian Martin",2022,San Lorenzo Querido,Fiscalizadora,,NO
JUNCAL MARTIN SEBASTIAN,"Juncal, Sebastian Martin",2019,Cruzada por San Lorenzo,Fiscalizadora,,NO
JUNCAL MARTIN SEBASTIAN,"Juncal, Sebastian Martin",2016,Cruzada por San Lorenzo,Fiscalizadora,,NO
JUNCAL MARTIN SEBASTIAN,"Juncal, Sebastian Martin",2013,Cruzada por San Lorenzo,Fiscalizadora,,NO
ADRIANO MIRANDA,"Miranda, Adriano",2012 (Extraordinaria),Por San Lorenzo,Comisión Directiva,Tesorero,NO
BUZZO DARIO RODRIGUEZ,"Rodriguez Buzzo, Dario",2012 (Extraordinaria),Cruzada por San Lorenzo,Comisión Directiva,Pro-Secretario,NO
JORGE TRIGO VICTOR,"Trigo, Victor Jorge",2012 (Extraordinaria),San Lorenzo Siglo XXI,Comisión Directiva,Pro-Tesorero,NO
EDUARDO LUIS PESSOLANO,"Pessolano, Luis Eduardo",2012 (Extraordinaria),Por San Lorenzo,Comisión Directiva,Pro-Tesorero,NO
EDUARDO LUIS PESSOLANO,"Pessolano, Luis Eduardo",2012 (EXTRAORDINARIA),Por San Lorenzo,Comisión Directiva,,NO
EDUARDO LUIS PESSOLANO,"Pessolano, Luis Eduardo",2010,Mas San Lorenzo,Fiscalizadora,,NO
D ESTEFANO MARIANA,"D'Estefano, Mariana",2012 (Extraordinaria),Por San Lorenzo,Comisión Directiva,Sub-Intendente,NO
ALEJANDRO FERNANDEZ,"Fernandez, Alejandro",2012 (Extraordinaria),Cruzada por San Lorenzo,Comisión Directiva,Vocal 2,NO
ALEJANDRO CENTANARO MARTIN,"Centanaro, Martin Alejandro",2012 (Extraordinaria),Por San Lorenzo,Comisión Directiva,Vocal 2,NO
ALEJANDRO CENTANARO MARTIN,"Centanaro, Martin Alejandro",2010,Mas San Lorenzo,Asamblea,18,NO
BALBOA CARLOS,"Balboa, Carlos",2012 (Extraordinaria),Por San Lorenzo,Comisión Directiva,Vocal 3,NO
BALBOA CARLOS,"Balboa, Carlos",2012 (EXTRAORDINARIA),Por San Lorenzo,Comisión Directiva,,NO
MARTINA NOAILLES,"Noailles, Martina",2012 (Extraordinaria),Por San Lorenzo,Comisión Directiva,Vocal 4,NO
MARTINA NOAILLES,"Noailles, Martina",2012 (EXTRAORDINARIA),Por San Lorenzo,Comisión Directiva,,NO
FERNANDEZ JUAN MANUEL,"Fernandez, Juan Manuel",2012 (Extraordinaria),Por San Lorenzo,Comisión Directiva,Vocal 5,NO
FERNANDEZ JUAN MANUEL,"Fernandez, Juan Manuel",2010,Mas San Lorenzo,Comisión Directiva,Vocal 9,NO
FERNANDEZ JUAN MANUEL,"Fernandez, Juan Manuel",2012 (EXTRAORDINARIA),Por San Lorenzo,Comisión Directiva,,NO
JAVIER RINALDI,"Rinaldi, Javier",2012 (Extraordinaria),Por San Lorenzo,Comisión Directiva,Vocal 6,NO
JAVIER RINALDI,"Rinaldi, Javier",2012 (EXTRAORDINARIA),Por San Lorenzo,Comisión Directiva,,NO
CARLOS SANCHEZ,"Sanchez, Carlos",2012 (Extraordinaria),San Lorenzo Siglo XXI,Comisión Directiva,Vocal 7,NO
CARLOS SANCHEZ,"Sanchez, Carlos",2012 (EXTRAORDINARIA),San Lorenzo Siglo XXI,Comisión Directiva,,SI
CARLOS SANCHEZ,"Sanchez, Carlos",2012 (ASAMBLEA),Transitoria,Comisión Directiva,,SI
CARLOS SANCHEZ,"Sanchez, Carlos",2007,Progreso Azulgrana,Fiscalizadora,,NO
GASTON GUFFANTI LUCAS,"Guffanti, Gaston Lucas",2012 (Extraordinaria),Por San Lorenzo,Comisión Directiva,Vocal 7,NO
GASTON GUFFANTI LUCAS,"Guffanti, Gaston Lucas",2010,Mas San Lorenzo,Comisión Directiva,Vocal 3,NO
GASTON GUFFANTI LUCAS,"Guffanti, Gaston Lucas",2012 (EXTRAORDINARIA),Por San Lorenzo,Comisión Directiva,,NO
MARTIN NICOLAS SAN,"San Martin, Nicolas",2012 (Extraordinaria),Por San Lorenzo,Comisión Directiva,Vocal 8,NO
MARTIN NICOLAS SAN,"San Martin, Nicolas",2012 (EXTRAORDINARIA),Por San Lorenzo,Comisión Directiva,,NO
LAURO RAFAEL,"Lauro, Rafael",2012 (Extraordinaria),San Lorenzo Siglo XXI,Comisión Directiva,Vocal 9,NO
LAURO RAFAEL,"Lauro, Rafael",2012 (EXTRAORDINARIA),San Lorenzo Siglo XXI,Comisión Directiva,,NO
MOLINA SABRINA,"Molina, Sabrina",2012 (Extraordinaria),Cruzada por San Lorenzo,Comisión Directiva,Vocal 9,NO
MOLINA SABRINA,"Molina, Sabrina",2012 (EXTRAORDINARIA),Cruzada por San Lorenzo,Comisión Directiva,,NO
FERNANDO GARAY SEQUEIRA,"Garay Sequeira, Fernando",2012 (Extraordinaria),Por San Lorenzo,Comisión Directiva,Vocal 9,NO
FERNANDO GARAY SEQUEIRA,"Garay Sequeira, Fernando",2012 (EXTRAORDINARIA),Por San Lorenzo,Comisión Directiva,,NO
LEANDRO PESSANO,"Pessano, Leandro",2012 (Extraordinaria),Cruzada por San Lorenzo,Comisión Directiva,Vocal 10,NO
LEANDRO PESSANO,"Pessano, Leandro",2012 (EXTRAORDINARIA),Cruzada por San Lorenzo,Comisión Directiva,,NO
ORTIZ PABLO,"Ortiz, Pablo",2012 (Extraordinaria),Cruzada por San Lorenzo,Comisión Directiva,Vocal 11,NO
JOSE MARTINO SANCHEZ,"Sanchez Martino, Jose",2012 (Extraordinaria),Por San Lorenzo,Comisión Directiva,Vocal 11,NO
ABDO CARLOS,"Abdo, Carlos",2010,Vamos San Lorenzo,Comisión Directiva,Presidente,SI
CLAUDIO DI MEGLIO,"Di Meglio, Claudio",2010,Nuevo San Lorenzo,Comisión Directiva,Presidente,SI
CLAUDIO DI MEGLIO,"Di Meglio, Claudio",2007,Unidos por San Lorenzo,Comisión Directiva,Tesorero,SI
EDI ROBERTO,"Edi, Roberto",2010,Grandeza Azulgrana,Comisión Directiva,Presidente,NO
EDI ROBERTO,"Edi, Roberto",2007,Frente San Lorenzo,Comisión Directiva,Vice-Presidente 2º,SI
EDI ROBERTO,"Edi, Roberto",2004,Grandeza Azulgrana,Comisión Directiva,Vice-Presidente,NO
MONNER RAMIRO SANS,"Monner Sans, Ramiro",2010,Mas San Lorenzo,Comisión Directiva,Presidente,SI
MONNER RAMIRO SANS,"Monner Sans, Ramiro",2007,Progreso Azulgrana,Comisión Directiva,Vice-Presidente,SI
CARLOS DATRIA,"Datria, Carlos",2010,Vamos San Lorenzo,Comisión Directiva,Vice-Presidente,SI
CARLOS DATRIA,"Datria, Carlos",2004,Dignidad por San Lorenzo,Comisión Directiva,Presidente,NO
CARLOS DATRIA,"Datria, Carlos",2001,Unidos por San Lorenzo,Comisión Directiva,Secretario,SI
CARLOS DATRIA,"Datria, Carlos",1986,Movimiento de Reconstruccion Sanlorencista,Comisión Directiva,Tesorero,SI
EDUARDO JOSE RUSSO,"Russo, Jose Eduardo",2010,Boedo en Accion,Comisión Directiva,Vice-Presidente,NO
EDUARDO JOSE RUSSO,"Russo, Jose Eduardo",Tribunal de Honor 2008 - 2011,(Sin datos),Tribunal de Ética,Miembro,SI
FABIAN SCHWAN,"Schwan, Fabian",2010,Mas San Lorenzo,Comisión Directiva,Vice-Presidente,SI
ALDREY JORGE,"Aldrey, Jorge",2010,Vamos San Lorenzo,Comisión Directiva,Vice-Presidente 2º,SI
ALDREY JORGE,"Aldrey, Jorge",2004,San Lorenzo para Todos,Comisión Directiva,Presidente,SI
ALDREY JORGE,"Aldrey, Jorge",2001,Unidad Azulgrana,Comisión Directiva,Vocal 1,NO
ALDREY JORGE,"Aldrey, Jorge",1998,San Lorenzo para Todos,Comisión Directiva,,SI
HECTOR JOSE PEPE VAZQUEZ,"Vazquez, ""Pepe"" Jose Hector",2010,Boedo en Accion,Comisión Directiva,Vice-Presidente 2º,NO
GUILLERMO ZOPPI,"Zoppi, Guillermo",2010,Nuevo San Lorenzo,Comisión Directiva,Vice-Presidente 2º,NO
GUILLERMO ZOPPI,"Zoppi, Guillermo",2007,Unidos por San Lorenzo,Comisión Directiva,Vice-Presidente 2º,SI
GUILLERMO ZOPPI,"Zoppi, Guillermo",2004,Unidos por San Lorenzo,Comisión Directiva,Pro-Tesorero,SI
GUILLERMO ZOPPI,"Zoppi, Guillermo",2001,Unidos por San Lorenzo,Comisión Directiva,Vocal 5,SI
PERRONI ROBERTO,"Perroni, Roberto",2010,Mas San Lorenzo,Comisión Directiva,Vice-Presidente 2º,NO
LARRANDART NESTOR,"Larrandart, Nestor",2010,Vamos San Lorenzo,Comisión Directiva,Secretario,SI
LARRANDART NESTOR,"Larrandart, Nestor",2004,Dignidad por San Lorenzo,Comisión Directiva,Vice-Presidente,SI
LARRANDART NESTOR,"Larrandart, Nestor",2001,Unidos por San Lorenzo,Comisión Directiva,Vocal 3,SI
JUAREZ OSVALDO,"Juarez, Osvaldo",2010,Mas San Lorenzo,Comisión Directiva,Secretario,NO
RICARDO SARINELLI,"Sarinelli, Ricardo",2010,Vamos San Lorenzo,Comisión Directiva,Tesorero,SI
RICARDO SARINELLI,"Sarinelli, Ricardo",1992 (NO HUBO),Nuevo Rumbo Sanlorencista,Comisión Directiva,,SI
AMAT JAVIER,"Amat, Javier",2010,Boedo en Accion,Comisión Directiva,Tesorero,NO
JOSE MIRANDA,"Miranda, Jose",2010,Grandeza Azulgrana,Comisión Directiva,Tesorero,NO
JOSE MIRANDA,"Miranda, Jose",2004,Dignidad por San Lorenzo,Comisión Directiva,Vocal 9,NO
DANIEL STASEVICH,"Stasevich, Daniel",2010,Mas San Lorenzo,Comisión Directiva,Tesorero,NO
DANIEL STASEVICH,"Stasevich, Daniel",2007,Progreso Azulgrana,Comisión Directiva,Intendente,NO
DANIEL STASEVICH,"Stasevich, Daniel",2012 (ASAMBLEA),Transitoria,Comisión Directiva,,SI
GOSSO LUIS,"Gosso, Luis",2010,Vamos San Lorenzo,Comisión Directiva,Intendente,SI
GOSSO LUIS,"Gosso, Luis",2004,De Nuevo San Lorenzo,Comisión Directiva,Sub-Intendente,NO
GOSSO LUIS,"Gosso, Luis",1986,Nuevo Rumbo Sanlorencista,Asamblea,56,NO
OSCAR ROMERO,"Romero, Oscar",2010,Boedo en Accion,Comisión Directiva,Intendente,NO
OSCAR ROMERO,"Romero, Oscar",2007,Frente San Lorenzo,Comisión Directiva,Vocal 5,NO
OSCAR ROMERO,"Romero, Oscar",2022,Siempre San Lorenzo,Asamblea,,NO
LOPEZ LUIS,"Lopez, Luis",2010,Vamos San Lorenzo,Comisión Directiva,Pro-Secretario,SI
LOPEZ LUIS,"Lopez, Luis",2004,Dignidad por San Lorenzo,Comisión Directiva,Secretario,SI
LOPEZ LUIS,"Lopez, Luis",2001,Unidos por San Lorenzo,Comisión Directiva,Vocal 1,SI
LOPEZ LUIS,"Lopez, Luis",1986,Movimiento de Reconstruccion Sanlorencista,Asamblea,5,SI
GARCILAZO PABLO,"Garcilazo, Pablo",2010,Grandeza Azulgrana,Comisión Directiva,Pro-Secretario,NO
GARCILAZO PABLO,"Garcilazo, Pablo",2004,Grandeza Azulgrana,Comisión Directiva,Vocal 6,NO
CULTRARO GUSTAVO,"Cultraro, Gustavo",2010,Mas San Lorenzo,Comisión Directiva,Pro-Secretario,NO
AUGUSTO CESAR DEYMONNAZ,"Deymonnaz, Cesar Augusto",2010,Vamos San Lorenzo,Comisión Directiva,Pro-Tesorero,SI
AUGUSTO CESAR DEYMONNAZ,"Deymonnaz, Cesar Augusto",2010,Cruzada por San Lorenzo,Asamblea,37,NO
CARLOS MALATESTA,"Malatesta, Carlos",2010,Cruzada por San Lorenzo,Comisión Directiva,Pro-Tesorero,NO
DANIEL SEDE,"Sede, Daniel",2010,Grandeza Azulgrana,Comisión Directiva,Pro-Tesorero,NO
DANIEL JORGE MASSIRONI,"Massironi, Daniel Jorge",2010,Boedo en Accion,Comisión Directiva,Sub-Intendente,NO
DANIEL JORGE MASSIRONI,"Massironi, Daniel Jorge",2007,Unidos por San Lorenzo,Asamblea,18,SI
DANIEL JORGE MASSIRONI,"Massironi, Daniel Jorge",2004,Unidos por San Lorenzo,Asamblea,,SI
GABRIEL SODANO,"Sodano, Gabriel",2010,Nuevo San Lorenzo,Comisión Directiva,Sub-Intendente,NO
GABRIEL SODANO,"Sodano, Gabriel",2007,Unidos por San Lorenzo,Comisión Directiva,Sub-Intendente,SI
ALIVERTI BUGALLO CARLOS JUAN,"Aliverti Bugallo, Juan Carlos",2010,Mas San Lorenzo,Comisión Directiva,Sub-Intendente,NO
ALIVERTI BUGALLO CARLOS JUAN,"Aliverti Bugallo, Juan Carlos",2007,Frente San Lorenzo,Comisión Directiva,Intendente,NO
ALIVERTI BUGALLO CARLOS JUAN,"Aliverti Bugallo, Juan Carlos",1986,Movimiento de Reconstruccion Sanlorencista,Comisión Directiva,Pro-Tesorero,NO
ALIVERTI BUGALLO CARLOS JUAN,"Aliverti Bugallo, Juan Carlos",2013,Volver a San Lorenzo,Comisión Directiva,,NO
RIBAS ROBERTO,"Ribas, Roberto",2010,Vamos San Lorenzo,Comisión Directiva,Vocal 1,SI
RIBAS ROBERTO,"Ribas, Roberto",2007,Progreso Azulgrana,Asamblea,1,SI
RIBAS ROBERTO,"Ribas, Roberto",2004,Dignidad por San Lorenzo,Comisión Directiva,Vocal 1,NO
GIULIBONI JORGE,"Giuliboni, Jorge",2010,Boedo en Accion,Comisión Directiva,Vocal 1,NO
HORACIO MANGONE OSCAR,"Mangone, Oscar Horacio",2010,Grandeza Azulgrana,Comisión Directiva,Vocal 1,NO
HORACIO MANGONE OSCAR,"Mangone, Oscar Horacio",2004,Grandeza Azulgrana,Comisión Directiva,Vice-Presidente 2º,NO
HORACIO MANGONE OSCAR,"Mangone, Oscar Horacio",2001,Nuevo Rumbo Sanlorencista,Comisión Directiva,Vice-Presidente 2º,SI
HORACIO MANGONE OSCAR,"Mangone, Oscar Horacio",2022,Renovación Sanlorencista,Asamblea,,NO
DANIELA OLIVETTO,"Olivetto, Daniela",2010,Mas San Lorenzo,Comisión Directiva,Vocal 1,NO
OSCAR RIZZO,"Rizzo, Oscar",2010,Vamos San Lorenzo,Comisión Directiva,Vocal 2,SI
OSCAR RIZZO,"Rizzo, Oscar",2004,Unidos por San Lorenzo,Asamblea,5,SI
OSCAR RIZZO,"Rizzo, Oscar",2001,Unidos por San Lorenzo,Asamblea,27,SI
OSCAR RIZZO,"Rizzo, Oscar",2022,Siempre San Lorenzo,Asamblea,,NO
AGUSTIN CIORCIARI,"Ciorciari, Agustin",2010,Nuevo San Lorenzo,Comisión Directiva,Vocal 2,NO
AGUSTIN CIORCIARI,"Ciorciari, Agustin",2007,Unidos por San Lorenzo,Comisión Directiva,Vocal 1,SI
AGUSTIN CIORCIARI,"Ciorciari, Agustin",2004,Unidos por San Lorenzo,Comisión Directiva,Vocal 3,SI
CAMPOS FERNANDO SALVA,"Campos Salva, Fernando",2010,Grandeza Azulgrana,Comisión Directiva,Vocal 2,NO
DAMASO SIERRA,"Sierra, Damaso",2010,Vamos San Lorenzo,Comisión Directiva,Vocal 3,SI
DAMASO SIERRA,"Sierra, Damaso",2004,Dignidad por San Lorenzo,Comisión Directiva,Intendente,NO
EDGARDO HUGO RUIZ,"Ruiz, Hugo Edgardo",2010,Boedo en Accion,Comisión Directiva,Vocal 3,NO
EDGARDO HUGO RUIZ,"Ruiz, Hugo Edgardo",2007,Unidos por San Lorenzo,Comisión Directiva,Vocal 9,NO
EDGARDO HUGO RUIZ,"Ruiz, Hugo Edgardo",2004,Unidos por San Lorenzo,Asamblea,19,SI
EDGARDO HUGO RUIZ,"Ruiz, Hugo Edgardo",2001,Unidos por San Lorenzo,Asamblea,24,SI
EDGARDO HUGO RUIZ,"Ruiz, Hugo Edgardo",1986,Movimiento de Reconstruccion Sanlorencista,Asamblea,38,NO
EDGARDO HUGO RUIZ,"Ruiz, Hugo Edgardo",2022,Siempre San Lorenzo,Asamblea,,NO
BOUZON GUSTAVO,"Bouzon, Gustavo",2010,Nuevo San Lorenzo,Comisión Directiva,Vocal 3,NO
BOUZON GUSTAVO,"Bouzon, Gustavo",2007,Unidos por San Lorenzo,Comisión Directiva,Vocal 5,SI
GABRIEL MOLINA,"Molina, Gabriel",2010,Vamos San Lorenzo,Comisión Directiva,Vocal 4,SI
GABRIEL MOLINA,"Molina, Gabriel",2004,San Lorenzo para Todos,Comisión Directiva,Sub-Intendente,NO
GABRIEL MOLINA,"Molina, Gabriel",2022,Boedo en Accion,Comisión Directiva,,NO
HECTOR MATANZO,"Matanzo, Hector",2010,Grandeza Azulgrana,Comisión Directiva,Vocal 4,NO
HECTOR MATANZO,"Matanzo, Hector",2001,Nuevo Rumbo Sanlorencista,Comisión Directiva,Vocal 2,NO
DIAZ OMAR,"Diaz, Omar",2010,Mas San Lorenzo,Comisión Directiva,Vocal 4,NO
GIGLIO ROLANDO,"Giglio, Rolando",2010,Boedo en Accion,Comisión Directiva,Vocal 5,NO
GUSTAVO RODRIGUEZ,"Rodriguez, Gustavo",2010,Nuevo San Lorenzo,Comisión Directiva,Vocal 5,NO
GUSTAVO RODRIGUEZ,"Rodriguez, Gustavo",2022,Renovación Sanlorencista,Comisión Directiva,,NO
OJAGNAN RUBEN,"Ojagnan, Ruben",2010,Grandeza Azulgrana,Comisión Directiva,Vocal 5,NO
FEDERICO HALLE,"Halle, Federico",2010,Mas San Lorenzo,Comisión Directiva,Vocal 5,NO
FEDERICO HALLE,"Halle, Federico",2007,Progreso Azulgrana,Comisión Directiva,Vocal 2,NO
ALBAMONTE FRANCISCO VOZZA,"Vozza Albamonte, Francisco",2010,Vamos San Lorenzo,Comisión Directiva,Vocal 6,SI
ALBAMONTE FRANCISCO VOZZA,"Vozza Albamonte, Francisco",2007,Progreso Azulgrana,Comisión Directiva,Tesorero,NO
ALBAMONTE FRANCISCO VOZZA,"Vozza Albamonte, Francisco",2022,Siempre San Lorenzo,Comisión Directiva,,NO
MAURO PAGANO,"Pagano, Mauro",2010,Boedo en Accion,Comisión Directiva,Vocal 6,NO
CIVILE DIEGO,"Civile, Diego",2010,Grandeza Azulgrana,Comisión Directiva,Vocal 6,NO
CIVILE DIEGO,"Civile, Diego",Tribunal de Etica 2024-2030,(Sin datos),Tribunal de Ética,Miembro,SI
FERNANDO JORGE ROMANO,"Romano, Jorge Fernando",2010,Mas San Lorenzo,Comisión Directiva,Vocal 6,NO
LAPELOSA PABLO,"Lapelosa, Pablo",2010,Vamos San Lorenzo,Comisión Directiva,Vocal 7,NO
LAPELOSA PABLO,"Lapelosa, Pablo",2004,San Lorenzo para Todos,Comisión Directiva,Vocal 10,NO
MACAZAGA MARTIN,"Macazaga, Martin",2010,Boedo en Accion,Comisión Directiva,Vocal 7,NO
CARLOS MAIDANA,"Maidana, Carlos",2010,Cruzada por San Lorenzo,Comisión Directiva,Vocal 8,NO
DANIEL SPINELLI,"Spinelli, Daniel",2010,Boedo en Accion,Comisión Directiva,Vocal 8,NO
GOMEZ WALTER,"Gomez, Walter",2010,Mas San Lorenzo,Comisión Directiva,Vocal 8,NO
FABIAN SOLLA,"Solla, Fabian",2010,Vamos San Lorenzo,Comisión Directiva,Vocal 9,NO
BONIFACE MARIANO,"Boniface, Mariano",2010,Cruzada por San Lorenzo,Comisión Directiva,Vocal 9,NO
ALEJANDRA COSOLI MARIA,"Cosoli, Maria Alejandra",2010,Nuevo San Lorenzo,Comisión Directiva,Vocal 9,NO
CECILIA GROTTOLA MARIA,"Grottola, Maria Cecilia",2010,Grandeza Azulgrana,Comisión Directiva,Vocal 9,NO
DIAZ GUSTAVO,"Diaz, Gustavo",2010,Vamos San Lorenzo,Comisión Directiva,Vocal 10,NO
BONIFACE MATIAS,"Boniface, Matias",2010,Cruzada por San Lorenzo,Comisión Directiva,Vocal 10,NO
ANTONIO JOSE VAZQUEZ,"Vazquez, Jose Antonio",2010,Boedo en Accion,Comisión Directiva,Vocal 10,NO
GAGO MARCELO,"Gago, Marcelo",2010,Grandeza Azulgrana,Comisión Directiva,Vocal 10,NO
ANDRES BRIUOLI,"Briuoli, Andres",2010,Mas San Lorenzo,Comisión Directiva,Vocal 10,NO
FERNANDEZ GONZALO LANDRO,"Fernandez Landro, Gonzalo",2010,Cruzada por San Lorenzo,Comisión Directiva,Vocal 11,NO
BECERRA ROBERTO,"Becerra, Roberto",2010,Boedo en Accion,Comisión Directiva,Vocal 11,NO
ALFREDO PABLO VILLANO,"Villano, Pablo Alfredo",2010,Nuevo San Lorenzo,Comisión Directiva,Vocal 11,NO
ALFREDO PABLO VILLANO,"Villano, Pablo Alfredo",2007,Unidos por San Lorenzo,Asamblea,33,SI
ALFREDO PABLO VILLANO,"Villano, Pablo Alfredo",2022,Siempre San Lorenzo,Asamblea,,NO
ESPINOSA MARIANO,"Espinosa, Mariano",2010,Mas San Lorenzo,Comisión Directiva,Vocal 11,NO
CARLOS LORENZO ROBERTO,"Lorenzo, Roberto Carlos",2010,Vamos San Lorenzo,Asamblea,1,SI
CARLOS LORENZO ROBERTO,"Lorenzo, Roberto Carlos",2010,Vamos San Lorenzo,Fiscalizadora,,NO
BECERRA JORGE RUBEN,"BECERRA, Ruben Jorge",2010,Boedo en Accion,Asamblea,1,SI
BECERRA JORGE RUBEN,"BECERRA, Ruben Jorge",2022,Boedo en Accion,Fiscalizadora,,NO
ADRIAN ARINO GONZALO,"ARIÑO, Adrian Gonzalo",2010,Boedo en Accion,Asamblea,2,SI
GUSTAVO LAVILLE MARCELO,"LAVILLE, Gustavo Marcelo",2010,Nuevo San Lorenzo,Asamblea,2,SI
GUSTAVO LAVILLE MARCELO,"LAVILLE, Gustavo Marcelo",2007,Unidos por San Lorenzo,Comisión Directiva,Vocal 7,NO
GUSTAVO LAVILLE MARCELO,"LAVILLE, Gustavo Marcelo",2004,De Nuevo San Lorenzo,Comisión Directiva,Vocal 3,NO
DE LUCA LUIS MARIA,"DE LUCA, Luis Maria",2010,Grandeza Azulgrana,Asamblea,2,SI
JULIAN LUCIANO MONASTERIO,"MONASTERIO, Luciano Julian",2010,Mas San Lorenzo,Asamblea,2,SI
DANIEL FERNANDO LOPEZ,"Lopez, Fernando Daniel",2010,Vamos San Lorenzo,Asamblea,3,SI
JOSE SONORA,"SOÑORA, Jose",2010,Nuevo San Lorenzo,Asamblea,3,SI
JOSE SONORA,"SOÑORA, Jose",2007,Unidos por San Lorenzo,Asamblea,4,SI
JOSE SONORA,"SOÑORA, Jose",1989,Frederesa,Comisión Directiva,Tesorero,SI
JOSE SONORA,"SOÑORA, Jose",1983 (LISTA DE UNIDAD),Lista de Unidad,Comisión Directiva,,SI
JOSE SONORA,"SOÑORA, Jose",1978,Lista de Unidad,Comisión Directiva,,SI
JOSE SONORA,"SOÑORA, Jose",1974,Frente de Reconstruccion Sanlorencista,Comisión Directiva,,NO
JOSE SONORA,"SOÑORA, Jose",1969,Lista de Unidad,Comisión Directiva,,SI
JOSE SONORA,"SOÑORA, Jose",2004,Unidos por San Lorenzo,Fiscalizadora,,SI
JOSE SONORA,"SOÑORA, Jose",2001,Unidos por San Lorenzo,Fiscalizadora,,SI
JOSE SONORA,"SOÑORA, Jose",1978,Lista de Unidad,Fiscalizadora,,SI
ANTONIO MARAGO,"MARAGO, Antonio",2010,Grandeza Azulgrana,Asamblea,3,SI
ANTONIO MARAGO,"MARAGO, Antonio",2007,Frente San Lorenzo,Asamblea,14,SI
ANTONIO MARAGO,"MARAGO, Antonio",2004,Grandeza Azulgrana,Comisión Directiva,Vocal 1,NO
ANTONIO MARAGO,"MARAGO, Antonio",2001,Nuevo Rumbo Sanlorencista,Comisión Directiva,Vocal 6,NO
ANTONIO MARAGO,"MARAGO, Antonio",1992 (NO HUBO),Nuevo Rumbo Sanlorencista,Comisión Directiva,,SI
FLORENCIO JOSE PEREYRA,"PEREYRA, Florencio Jose",2010,Boedo en Accion,Asamblea,4,SI
ANTONIO GARCIA JOSE,"Garcia, Jose Antonio",2010,Vamos San Lorenzo,Asamblea,5,SI
GONZALEZ GUIDO RAMIRO,"GONZALEZ, Ramiro Guido",2010,Cruzada por San Lorenzo,Asamblea,5,NO
BEVACQUA DANIEL JOSE,"BEVACQUA, Jose Daniel",2010,Boedo en Accion,Asamblea,5,SI
LADELFA MARCELO PEDRO,"LADELFA, Marcelo Pedro",2010,Nuevo San Lorenzo,Asamblea,5,NO
LADELFA MARCELO PEDRO,"LADELFA, Marcelo Pedro",2007,Frente San Lorenzo,Comisión Directiva,Vocal 4,NO
LADELFA MARCELO PEDRO,"LADELFA, Marcelo Pedro",2004,San Lorenzo para Todos,Comisión Directiva,Intendente,NO
LADELFA MARCELO PEDRO,"LADELFA, Marcelo Pedro",2001,Unidad Azulgrana,Asamblea,5,SI
EDUARDO ENZO ZOPPI,"ZOPPI, Enzo Eduardo",2010,Nuevo San Lorenzo,Asamblea,6,NO
EDUARDO ENZO ZOPPI,"ZOPPI, Enzo Eduardo",2007,Unidos por San Lorenzo,Asamblea,6,SI
EDUARDO ENZO ZOPPI,"ZOPPI, Enzo Eduardo",2001,Unidos por San Lorenzo,Asamblea,,NO
ALBERTO LUIS SUAREZ,"SUAREZ, Luis Alberto",2010,Grandeza Azulgrana,Asamblea,6,NO
ALVARO SANCHEZ,"SANCHEZ, Alvaro",2010,Mas San Lorenzo,Asamblea,6,SI
GABRIEL MARCONE OSVALDO,"MARCONE, Gabriel Osvaldo",2010,Cruzada por San Lorenzo,Asamblea,7,NO
LEANDRO OMAR RICCHETTI,"RICCHETTI, Leandro Omar",2010,Boedo en Accion,Asamblea,7,NO
ALBERTO PELLEGRINO RAUL,"PELLEGRINO, Raul Alberto",2010,Grandeza Azulgrana,Asamblea,7,NO
ALBERTO BERTERO LUIS,"Bertero, Luis Alberto",2010,Vamos San Lorenzo,Asamblea,8,SI
ALBERTO BERTERO LUIS,"Bertero, Luis Alberto",2004,Unidos por San Lorenzo,Asamblea,22,SI
ALBERTO BERTERO LUIS,"Bertero, Luis Alberto",2001,Unidos por San Lorenzo,Asamblea,29,SI
ALBERTO BERTERO LUIS,"Bertero, Luis Alberto",2012 (ASAMBLEA),Transitoria,Comisión Directiva,,SI
ALBERTO BERTERO LUIS,"Bertero, Luis Alberto",2022,Siempre San Lorenzo,Asamblea,,NO
ALEJANDRO CASTAGNETTI HUMBERTO,"CASTAGNETTI, Humberto Alejandro",2010,Boedo en Accion,Asamblea,8,NO
ANGEL CENTANARO NESTOR,"CENTANARO, Nestor Angel",2010,Grandeza Azulgrana,Asamblea,8,NO
GUSTAVO HARDY JORGE,"HARDY, Gustavo Jorge",2010,Mas San Lorenzo,Asamblea,8,SI
JOSE MARIA TRIVINO VALDEZ,"Triviño Valdez, Jose Maria",2010,Vamos San Lorenzo,Asamblea,9,SI
MAZEPA OMAR RODOLFO,"MAZEPA, Omar Rodolfo",2010,Boedo en Accion,Asamblea,9,NO
ABEL BRONDO JOSE,"BRONDO, Abel Jose",2010,Nuevo San Lorenzo,Asamblea,9,NO
ABEL BRONDO JOSE,"BRONDO, Abel Jose",2007,Unidos por San Lorenzo,Asamblea,2,SI
ABEL BRONDO JOSE,"BRONDO, Abel Jose",2004,Unidos por San Lorenzo,Comisión Directiva,Vocal 8,NO
ABEL BRONDO JOSE,"BRONDO, Abel Jose",2001,Unidos por San Lorenzo,Comisión Directiva,Vocal 9,NO
ALBERTO DANIEL SOTTILE,"SOTTILE, Alberto Daniel",2010,Grandeza Azulgrana,Asamblea,9,NO
EZEQUIEL GUFFANTI OSVALDO,"GUFFANTI, Ezequiel Osvaldo",2010,Mas San Lorenzo,Asamblea,9,SI
ARISTIDES CULOTTA FELIPE RODOLFO,"CULOTTA, Aristides Rodolfo Felipe",2010,Cruzada por San Lorenzo,Asamblea,10,NO
OSCAR PABLO VASSALLO,"VASSALLO, Pablo Oscar",2010,Boedo en Accion,Asamblea,10,NO
GIACOMETTI MARIO OSCAR,"GIACOMETTI, Oscar Mario",2010,Nuevo San Lorenzo,Asamblea,10,NO
GIACOMETTI MARIO OSCAR,"GIACOMETTI, Oscar Mario",2007,Unidos por San Lorenzo,Asamblea,20,SI
GIACOMETTI MARIO OSCAR,"GIACOMETTI, Oscar Mario",2004,Unidos por San Lorenzo,Asamblea,21,SI
GIACOMETTI MARIO OSCAR,"GIACOMETTI, Oscar Mario",2001,Unidos por San Lorenzo,Asamblea,14,SI
GIACOMETTI MARIO OSCAR,"GIACOMETTI, Oscar Mario",1986,Movimiento de Reconstruccion Sanlorencista,Asamblea,11,SI
CAAMANO CESAR RICARDO,"Caamaño, Ricardo Cesar",2010,Vamos San Lorenzo,Asamblea,11,SI
ARIEL ENRIQUE RICHETTA,"RICHETTA, Enrique Ariel",2010,Cruzada por San Lorenzo,Asamblea,11,NO
GABRIEL MARIANO SISO,"SISO, Gabriel Mariano",2010,Boedo en Accion,Asamblea,11,NO
LIEBEHENZ MARCELO PABLO,"LIEBEHENZ, Marcelo Pablo",2010,Nuevo San Lorenzo,Asamblea,11,NO
LIEBEHENZ MARCELO PABLO,"LIEBEHENZ, Marcelo Pablo",2022,Siempre San Lorenzo,Asamblea,,NO
FERNANDO HORACIO SUEIRO,"SUEIRO, Horacio Fernando",2010,Mas San Lorenzo,Asamblea,11,NO
ALBERTO ROTONDO SERGIO,"Rotondo, Sergio Alberto",2010,Vamos San Lorenzo,Asamblea,12,SI
ALBERTO ROTONDO SERGIO,"Rotondo, Sergio Alberto",2004,San Lorenzo para Todos,Comisión Directiva,Pro-Secretario,NO
ALBERTO ROTONDO SERGIO,"Rotondo, Sergio Alberto",2001,Unidad Azulgrana,Asamblea,9,SI
ENRIQUE RUBEN SANCHEZ,"SANCHEZ, Ruben Enrique",2010,Boedo en Accion,Asamblea,12,NO
CARLOS GARCIA JUAN,"GARCIA, Juan Carlos",2010,Grandeza Azulgrana,Asamblea,12,NO
CARLOS GARCIA JUAN,"GARCIA, Juan Carlos",2004,De Nuevo San Lorenzo,Asamblea,5,NO
CARLOS GARCIA JUAN,"GARCIA, Juan Carlos",1989,Frederesa,Comisión Directiva,Vice-Presidente 2º,SI
JAVIER LUIS MARCHEGGIANO,"MARCHEGGIANO, Luis Javier",2010,Mas San Lorenzo,Asamblea,12,NO
ANGEL MELGAR MIGUEL,"Melgar, Miguel Angel",2010,Vamos San Lorenzo,Asamblea,13,SI
CARDAMA DANIEL GUSTAVO,"CARDAMA, Daniel Gustavo",2010,Cruzada por San Lorenzo,Asamblea,13,NO
ALEJANDRO GOMEZ WALTER,"GOMEZ, Alejandro Walter",2010,Boedo en Accion,Asamblea,13,NO
CARLOS CLERC FERNANDO ROLANDO,"CLERC ROLANDO, Carlos Fernando",2010,Mas San Lorenzo,Asamblea,13,NO
CARLOS CLERC FERNANDO ROLANDO,"CLERC ROLANDO, Carlos Fernando",2007,Progreso Azulgrana,Asamblea,8,SI
FABIAN MORO NELSON,"MORO, Fabian Nelson",2010,Cruzada por San Lorenzo,Asamblea,14,NO
MAXIMILIANO MONETTI REMO,"MONETTI, Maximiliano Remo",2010,Boedo en Accion,Asamblea,14,NO
CARLOS DE JUAN MARCO,"DE MARCO, Juan Carlos",2010,Nuevo San Lorenzo,Asamblea,14,NO
CARLOS DE JUAN MARCO,"DE MARCO, Juan Carlos",2007,Unidos por San Lorenzo,Asamblea,22,SI
CARLOS DE JUAN MARCO,"DE MARCO, Juan Carlos",2004,Unidos por San Lorenzo,Asamblea,28,NO
CARLOS DE JUAN MARCO,"DE MARCO, Juan Carlos",1989,Nuevo Rumbo Sanlorencista,Asamblea,17,NO
CARLOS DE JUAN MARCO,"DE MARCO, Juan Carlos",1986,Nuevo Rumbo Sanlorencista,Asamblea,18,SI
CALVIELLO OSCAR RAFAEL,"CALVIELLO, Rafael Oscar",2010,Grandeza Azulgrana,Asamblea,14,NO
CALVIELLO OSCAR RAFAEL,"CALVIELLO, Rafael Oscar",2001,La Casa del Vitalicio,Fiscalizadora,,NO
AUGUSTO DARIO DO FERNANDEZ PORTO,"FERNANDEZ DO PORTO, Dario Augusto",2010,Mas San Lorenzo,Asamblea,14,NO
ALBERTO DANIEL STANCATO,"Stancato, Daniel Alberto",2010,Vamos San Lorenzo,Asamblea,15,SI
ALBERTO DANIEL STANCATO,"Stancato, Daniel Alberto",2004,Dignidad por San Lorenzo,Asamblea,6,NO
NESTOR OMAR PASCALE,"PASCALE, Nestor Omar",2010,Cruzada por San Lorenzo,Asamblea,15,NO
ANTONIO COSTA DA LAURO,"DA COSTA LAURO, Antonio",2010,Boedo en Accion,Asamblea,15,NO
MAXIMILIANO PIZARRO,"PIZARRO, Maximiliano",2010,Nuevo San Lorenzo,Asamblea,15,NO
MAXIMILIANO PIZARRO,"PIZARRO, Maximiliano",2007,Unidos por San Lorenzo,Asamblea,21,SI
ALBERTO JORGE MATIAS,"MATIAS, Jorge Alberto",2010,Grandeza Azulgrana,Asamblea,15,NO
DONADIO HUGO RUBEN,"DONADIO, Hugo Ruben",2010,Boedo en Accion,Asamblea,16,NO
EGUIA HECTOR HORACIO,"EGUIA, Hector Horacio",2010,Nuevo San Lorenzo,Asamblea,16,NO
ERNESTO MAXIMINO,"MAXIMINO, Ernesto",2010,Grandeza Azulgrana,Asamblea,16,NO
ERNESTO MAXIMINO,"MAXIMINO, Ernesto",2004,Grandeza Azulgrana,Comisión Directiva,Vocal 9,NO
DAL JAVIER MOLIN PABLO,"DAL MOLIN, Javier Pablo",2010,Mas San Lorenzo,Asamblea,16,NO
ESTEBAN GALAN NESTOR,"GALAN, Esteban Nestor",2010,Cruzada por San Lorenzo,Asamblea,17,NO
ALBERTO GALARRAGA GUSTAVO,"GALARRAGA, Gustavo Alberto",2010,Boedo en Accion,Asamblea,17,NO
ACUNA GUSTAVO JOSE RODOLFO,"ACUÑA, Gustavo Rodolfo Jose",2010,Nuevo San Lorenzo,Asamblea,17,NO
CORNELIO MIGUEL,"CORNELIO, Miguel",2010,Grandeza Azulgrana,Asamblea,17,NO
ALFREDO DURAN GUILLERMO,"DURAN, Guillermo Alfredo",2010,Mas San Lorenzo,Asamblea,17,NO
ALFREDO DURAN GUILLERMO,"DURAN, Guillermo Alfredo",2007,Progreso Azulgrana,Asamblea,6,SI
HERNAN JUAN LITTOLA,"Littola, Hernan Juan",2010,Vamos San Lorenzo,Asamblea,18,SI
FLORIO JOSE,"FLORIO, Jose",2010,Cruzada por San Lorenzo,Asamblea,18,NO
CARLOS DIAZ JUAN,"DIAZ, Juan Carlos",2010,Boedo en Accion,Asamblea,18,NO
ANTONIO BERDINAS MARIO,"BERDIÑAS, Antonio Mario",2010,Nuevo San Lorenzo,Asamblea,18,NO
ANTONIO BERDINAS MARIO,"BERDIÑAS, Antonio Mario",2007,Unidos por San Lorenzo,Asamblea,5,SI
ANTONIO BERDINAS MARIO,"BERDIÑAS, Antonio Mario",2004,Unidos por San Lorenzo,Asamblea,26,SI
JULIO OSCAR QUINTANA,"QUINTANA, Julio Oscar",2010,Grandeza Azulgrana,Asamblea,18,NO
AYALA MARTIN,"AYALA, Martin",2010,Boedo en Accion,Asamblea,19,NO
DACAL GUMERSINDO MARIO,"DACAL, Gumersindo Mario",2010,Nuevo San Lorenzo,Asamblea,19,NO
DACAL GUMERSINDO MARIO,"DACAL, Gumersindo Mario",1986,Movimiento de Reconstruccion Sanlorencista,Asamblea,,SI
GROTTOLA NICOLAS NORBERTO,"GROTTOLA, Norberto Nicolas",2010,Grandeza Azulgrana,Asamblea,19,NO
ALBERTO ALVAREZ JORGE,"ALVAREZ, Jorge Alberto",2010,Mas San Lorenzo,Asamblea,19,NO
GUILLERMO OSVALDO SOLLA,"Solla, Osvaldo Guillermo",2010,Vamos San Lorenzo,Asamblea,20,SI
GUILLERMO OSVALDO SOLLA,"Solla, Osvaldo Guillermo",2001,Unidos por San Lorenzo,Comisión Directiva,Vocal 4,SI
JOSE VIEITEZ,"VIEITEZ, Jose",2010,Cruzada por San Lorenzo,Asamblea,20,NO
EZEQUIEL FARAH MATIAS,"FARAH, Matias Ezequiel",2010,Boedo en Accion,Asamblea,20,NO
ALDO LUIS RIOLFI,"RIOLFI, Aldo Luis",2010,Grandeza Azulgrana,Asamblea,20,NO
ALDO LUIS RIOLFI,"RIOLFI, Aldo Luis",2004,Grandeza Azulgrana,Asamblea,7,NO
CLAUDIO GONZALEZ RAFAEL,"GONZALEZ, Claudio Rafael",2010,Mas San Lorenzo,Asamblea,20,NO
LAURENS MARTIN ROBERTO,"Laurens, Roberto Martin",2010,Vamos San Lorenzo,Asamblea,21,SI
PACE RAFAEL VICENTE,"PACE, Rafael Vicente",2010,Boedo en Accion,Asamblea,21,NO
CHEZZIO JOSE JUAN,"CHEZZIO, Juan Jose",2010,Nuevo San Lorenzo,Asamblea,21,NO
CHEZZIO JOSE JUAN,"CHEZZIO, Juan Jose",2007,Frente San Lorenzo,Comisión Directiva,Vocal 11,NO
ANTONIO DANIE MARCHESE,"MARCHESE, Antonio Danie",2010,Grandeza Azulgrana,Asamblea,21,NO
ARTURO EGARRAT GABRIEL,"Egarrat, Gabriel Arturo",2010,Vamos San Lorenzo,Asamblea,22,SI
ARTURO EGARRAT GABRIEL,"Egarrat, Gabriel Arturo",2007,Progreso Azulgrana,Asamblea,7,SI
ARTURO EGARRAT GABRIEL,"Egarrat, Gabriel Arturo",2022,Siempre San Lorenzo,Fiscalizadora,,NO
ARIEL BECERRA CRISTIAN,"BECERRA, Cristian Ariel",2010,Boedo en Accion,Asamblea,22,NO
DANIEL GUILLERMO PITTALUGA,"PITTALUGA, Daniel Guillermo",2010,Nuevo San Lorenzo,Asamblea,22,NO
DANIEL GUILLERMO PITTALUGA,"PITTALUGA, Daniel Guillermo",2007,Unidos por San Lorenzo,Asamblea,30,SI
BENEDETTI ENRIQUE JORGE,"BENEDETTI, Jorge Enrique",2010,Grandeza Azulgrana,Asamblea,22,NO
BENEDETTI ENRIQUE JORGE,"BENEDETTI, Jorge Enrique",2004,Grandeza Azulgrana,Comisión Directiva,Secretario,NO
BENEDETTI ENRIQUE JORGE,"BENEDETTI, Jorge Enrique",2001,Nuevo Rumbo Sanlorencista,Comisión Directiva,Secretario,NO
BENEDETTI ENRIQUE JORGE,"BENEDETTI, Jorge Enrique",1998,Nuevo Rumbo Sanlorencista,Fiscalizadora,,SI
ALVAREZ EZEQUIEL JOSE,"ALVAREZ, Jose Ezequiel",2010,Mas San Lorenzo,Asamblea,22,NO
FABIO MARCEL OGAS,"OGAS, Fabio Marcel",2010,Cruzada por San Lorenzo,Asamblea,23,NO
DAVID DISENFELD MARTIN,"DISENFELD, Martin David",2010,Nuevo San Lorenzo,Asamblea,23,NO
ANGEL MIGUEL MITELLI,"MITELLI, Miguel Angel",2010,Grandeza Azulgrana,Asamblea,23,NO
ANGEL MIGUEL MITELLI,"MITELLI, Miguel Angel",2001,La Casa del Vitalicio,Comisión Directiva,Vocal 5,NO
ARIEL BORDOLI MARTIN,"BORDOLI, Ariel Martin",2010,Mas San Lorenzo,Asamblea,23,NO
ENRIQUE LARRANDART,"Larrandart, Enrique",2010,Vamos San Lorenzo,Asamblea,24,SI
ENRIQUE LARRANDART,"Larrandart, Enrique",1980,Lista Blanca Opositora,Comisión Directiva,,SI
HERNAN JAVIER OGAS,"OGAS, Javier Hernan",2010,Cruzada por San Lorenzo,Asamblea,24,NO
FERNANDO MAZZAGLIA SALVADOR,"MAZZAGLIA, Salvador Fernando",2010,Boedo en Accion,Asamblea,24,NO
ARCE CARLOS JUAN,"ARCE, Juan Carlos",2010,Grandeza Azulgrana,Asamblea,24,NO
ARIEL MATIAS MEREGONE,"MEREGONE, Ariel Matias",2010,Mas San Lorenzo,Asamblea,24,NO
PEREZ RAUL ULISES,"PEREZ, Ulises Raul",2010,Cruzada por San Lorenzo,Asamblea,25,NO
GARNICA HUGO ROBERTO,"GARNICA, Hugo Roberto",2010,Boedo en Accion,Asamblea,25,NO
ALDO ARAVENA FABIAN,"ARAVENA, Aldo Fabian",2010,Grandeza Azulgrana,Asamblea,25,NO
ALDO ARAVENA FABIAN,"ARAVENA, Aldo Fabian",2022,Boedo en Accion,Asamblea,,NO
CAPALBO MARIANO NICOLAS,"CAPALBO, Mariano Nicolas",2010,Mas San Lorenzo,Asamblea,25,NO
NORBERTO ROMEO ZACCARO,"Zaccaro, Norberto Romeo",2010,Vamos San Lorenzo,Asamblea,26,SI
CARLOS GONZALEZ GUILLERMO,"GONZALEZ, Guillermo Carlos",2010,Boedo en Accion,Asamblea,26,NO
ANTONIO MUNDO,"MUNDO, Antonio",2010,Nuevo San Lorenzo,Asamblea,26,NO
ANTONIO MUNDO,"MUNDO, Antonio",2007,Unidos por San Lorenzo,Asamblea,12,SI
ANTONIO MUNDO,"MUNDO, Antonio",1989,Frederesa,Asamblea,18,NO
ALVAREZ POUSA ROGELIO,"ALVAREZ POUSA, Rogelio",2010,Grandeza Azulgrana,Asamblea,26,NO
FERNANDEZ RAUL,"Fernandez, Raul",2010,Vamos San Lorenzo,Asamblea,27,SI
CARLOS JUAN PERTUZZO,"PERTUZZO, Juan Carlos",2010,Cruzada por San Lorenzo,Asamblea,27,NO
CLAUDIO NELSON TANA,"TANA, Nelson Claudio",2010,Boedo en Accion,Asamblea,27,NO
ANDRES JOSE VENTRE,"VENTRE, Jose Andres",2010,Nuevo San Lorenzo,Asamblea,27,NO
ANDRES JOSE VENTRE,"VENTRE, Jose Andres",2007,Unidos por San Lorenzo,Asamblea,23,SI
CAO JUAN,"CAO, Juan",2010,Grandeza Azulgrana,Asamblea,27,NO
ALALUF DAMIAN ESTEBAN,"ALALUF, Damian Esteban",2010,Mas San Lorenzo,Asamblea,27,NO
DE JOSE MARIA SAENZ TEJADA,"Saenz de Tejada, Jose Maria",2010,Vamos San Lorenzo,Asamblea,28,SI
DE JOSE MARIA SAENZ TEJADA,"Saenz de Tejada, Jose Maria",2007,Progreso Azulgrana,Asamblea,23,NO
GERMAN NICODEMO SILVIO,"NICODEMO, Silvio German",2010,Cruzada por San Lorenzo,Asamblea,28,NO
ANGEL DOALLO MIGUEL,"DOALLO, Miguel Angel",2010,Boedo en Accion,Asamblea,28,NO
CARLOS FERRADAS ROBERTO,"FERRADAS, Carlos Roberto",2010,Nuevo San Lorenzo,Asamblea,28,NO
ALBERTO JOSE PRAIGROD,"PRAIGROD, Jose Alberto",2010,Grandeza Azulgrana,Asamblea,28,NO
FALDUTO GENARO RUBEN,"FALDUTO, Ruben Genaro",2010,Mas San Lorenzo,Asamblea,28,NO
ENRIQUEZ JULIAN PABLO,"Enriquez, Julian Pablo",2010,Vamos San Lorenzo,Asamblea,29,SI
DANIEL FERNANDO PEREZ,"PEREZ, Fernando Daniel",2010,Cruzada por San Lorenzo,Asamblea,29,NO
ENRIQUE JUAN TRIGO,"TRIGO, Juan Enrique",2010,Boedo en Accion,Asamblea,29,NO
FRANCISCO PAPASSO,"PAPASSO, Francisco",2010,Nuevo San Lorenzo,Asamblea,29,NO
ANGEL ANTONIO RABASCALL,"RABASCALL, Angel Antonio",2010,Grandeza Azulgrana,Asamblea,29,NO
BASILE JOSE LUIS,"BASILE, Jose Luis",2010,Mas San Lorenzo,Asamblea,29,NO
BASILE JOSE LUIS,"BASILE, Jose Luis",2007,Progreso Azulgrana,Asamblea,5,SI
BLOISE GENEROSO LEONARDO,"Bloise, Generoso Leonardo",2010,Vamos San Lorenzo,Asamblea,30,SI
ALBERTO JOSE RODRIGUEZ,"RODRIGUEZ, Alberto Jose",2010,Boedo en Accion,Asamblea,30,NO
DAVERIO JORGE LUIS,"DAVERIO, Luis Jorge",2010,Grandeza Azulgrana,Asamblea,30,NO
DAMIAN LOPEZ RICARDO,"LOPEZ, Ricardo Damian",2010,Cruzada por San Lorenzo,Asamblea,31,NO
HERNAN LIONEL NEGRELLO,"NEGRELLO, Lionel Hernan",2010,Boedo en Accion,Asamblea,31,NO
ALBERTO HECTOR MANGONE,"MANGONE, Hector Alberto",2010,Grandeza Azulgrana,Asamblea,31,NO
ALBERTO HECTOR MANGONE,"MANGONE, Hector Alberto",2004,Grandeza Azulgrana,Asamblea,5,NO
ALBERTO HECTOR MANGONE,"MANGONE, Hector Alberto",2022,Renovación Sanlorencista,Asamblea,,NO
CARLOS IGNACIO NOLAZCO,"Nolazco, Ignacio Carlos",2010,Vamos San Lorenzo,Asamblea,32,SI
RAUL ROBERTO TROIANI,"TROIANI, Roberto Raul",2010,Boedo en Accion,Asamblea,32,NO
ERNESTO JORGE TOMASELLI,"TOMASELLI, Jorge Ernesto",2010,Nuevo San Lorenzo,Asamblea,32,NO
ERNESTO JORGE TOMASELLI,"TOMASELLI, Jorge Ernesto",2007,Unidos por San Lorenzo,Asamblea,36,SI
ADRIAN NORBERTO PORCO,"PORCO, Adrian Norberto",2010,Mas San Lorenzo,Asamblea,32,NO
ALBERTO DURAN FEDERICO,"Duran, Federico Alberto",2010,Vamos San Lorenzo,Asamblea,33,SI
BATLLE GONZALO PABLO SANCHEZ,"BATLLE SANCHEZ, Pablo Gonzalo",2010,Boedo en Accion,Asamblea,33,NO
ALBERTO GONTINAS GUSTAVO,"GONTIÑAS, Gustavo Alberto",2010,Grandeza Azulgrana,Asamblea,33,NO
DI DOMINGO LORENZO,"Di Lorenzo, Domingo",2010,Vamos San Lorenzo,Asamblea,34,SI
DI DOMINGO LORENZO,"Di Lorenzo, Domingo",2004,Dignidad por San Lorenzo,Asamblea,4,SI
ARIEL FIGUEIRAS MAXIMILIANO,"FIGUEIRAS, Ariel Maximiliano",2010,Cruzada por San Lorenzo,Asamblea,34,NO
GABRIEL LUZZANI RICARDO,"LUZZANI, Gabriel Ricardo",2010,Boedo en Accion,Asamblea,34,NO
GARCIA JOSE RAMON,"GARCIA, Jose Ramon",2010,Nuevo San Lorenzo,Asamblea,34,NO
JAVIER LOPEZ RODRIGO,"LOPEZ, Rodrigo Javier",2010,Grandeza Azulgrana,Asamblea,34,NO
ALBERTO CARLOS LAPELOSA,"Lapelosa, Carlos Alberto",2010,Vamos San Lorenzo,Asamblea,35,SI
CARIA DE JOSE SANDRO,"DE CARIA, Jose Sandro",2010,Cruzada por San Lorenzo,Asamblea,35,NO
ARTURO CARLOS GANDARA,"GANDARA, Carlos Arturo",2010,Boedo en Accion,Asamblea,35,NO
CALVIELLO GRIMAL JUAN MARCOS OSCAR,"CALVIELLO GRIMAL, Juan Marcos Oscar",2010,Grandeza Azulgrana,Asamblea,35,NO
CARLOS PIRONI ROMEO,"PIRONI, Carlos Romeo",2010,Mas San Lorenzo,Asamblea,35,NO
BIANCO GERMAN LEONARDO,"Bianco, Leonardo German",2010,Vamos San Lorenzo,Asamblea,36,SI
ADRIAN GABRIEL LOSADA MOREIRAS,"MOREIRAS LOSADA, Gabriel Adrian",2010,Boedo en Accion,Asamblea,36,NO
CARLOS JUAN SERRANO,"SERRANO, Juan Carlos",2010,Boedo en Accion,Asamblea,37,NO
EDUARDO NORBERTO SOARES,"SOARES, Norberto Eduardo",2010,Nuevo San Lorenzo,Asamblea,37,NO
EDUARDO NORBERTO SOARES,"SOARES, Norberto Eduardo",2007,Unidos por San Lorenzo,Asamblea,35,SI
FERNANDO GAMBACCINI,"GAMBACCINI, Fernando",2010,Grandeza Azulgrana,Asamblea,37,NO
MARZANO NORBERTO PABLO,"MARZANO, Norberto Pablo",2010,Mas San Lorenzo,Asamblea,37,NO
DAMIAN GUSTAVO MARINI,"MARINI, Damian Gustavo",2010,Boedo en Accion,Asamblea,38,NO
CORNELIO DAMIAN PABLO,"CORNELIO, Pablo Damian",2010,Grandeza Azulgrana,Asamblea,38,NO
MARCELO MARIOSA WALTER,"MARIOSA, Marcelo Walter",2010,Mas San Lorenzo,Asamblea,38,NO
GONZALEZ HUMBERTO SALVADOR,"GONZALEZ, Humberto Salvador",2010,Cruzada por San Lorenzo,Asamblea,39,NO
ALBERTO GUILLERMO PANUCCIO,"PANUCCIO, Guillermo Alberto",2010,Boedo en Accion,Asamblea,39,NO
HUGO LEONI NORBERTO,"LEONI, Norberto Hugo",2010,Nuevo San Lorenzo,Asamblea,39,NO
MOLTENI NILDA,"MOLTENI, Nilda",2010,Mas San Lorenzo,Asamblea,39,NO
ALEJANDRA MARIA MARTINEZ,"Martinez, Maria Alejandra",2010,Vamos San Lorenzo,Asamblea,40,NO
ALEJANDRA MARIA MARTINEZ,"Martinez, Maria Alejandra",2004,Dignidad por San Lorenzo,Comisión Directiva,Vocal 8,NO
GUSTAVO JORGE KRAPRIDIAN,"KRAPRIDIAN, Gustavo Jorge",2010,Cruzada por San Lorenzo,Asamblea,40,NO
GERON OMAR RUBEN,"GERON, Ruben Omar",2010,Boedo en Accion,Asamblea,40,NO
ARIEL FERNANDO MATTIA,"MATTIA, Fernando Ariel",2010,Grandeza Azulgrana,Asamblea,40,NO
GEBRUERS MARIANO NESTOR,"GEBRUERS, Nestor Mariano",2010,Mas San Lorenzo,Asamblea,40,NO
JOSE MONEA,"Monea, Jose",2010,Vamos San Lorenzo,Asamblea,41,NO
JOSE MONEA,"Monea, Jose",2004,San Lorenzo para Todos,Comisión Directiva,Vocal 11,NO
ARIZA LIDIA OLGA,"ARIZA, Olga Lidia",2010,Boedo en Accion,Asamblea,41,NO
MIGUEL SIANO SILVIO,"SIANO, Silvio Miguel",2010,Nuevo San Lorenzo,Asamblea,41,NO
MIGUEL SIANO SILVIO,"SIANO, Silvio Miguel",2007,Unidos por San Lorenzo,Asamblea,29,SI
DIAZ ESTER HILDA,"DIAZ, Hilda Ester",2010,Grandeza Azulgrana,Asamblea,41,NO
BENNARDIS OSCAR SERGIO,"BENNARDIS, Sergio Oscar",2010,Mas San Lorenzo,Asamblea,41,NO
ANGEL MARQUEZ OSVALDO,"Marquez, Angel Osvaldo",2010,Vamos San Lorenzo,Asamblea,42,NO
ALANIZ AMBROSIO EDGARDO,"ALANIZ, Edgardo Ambrosio",2010,Cruzada por San Lorenzo,Asamblea,42,NO
CARLOS FRANCISCO MARELLO,"MARELLO, Carlos Francisco",2010,Boedo en Accion,Asamblea,42,NO
CARLOS FRANCISCO MARELLO,"MARELLO, Carlos Francisco",1989,Frederesa,Asamblea,19,NO
ALBERTO SODANO,"SODANO, Alberto",2010,Nuevo San Lorenzo,Asamblea,42,NO
D DE JUANA MARAGO URZO,"MARAGO DE D URZO, Juana",2010,Grandeza Azulgrana,Asamblea,42,NO
FABIAN LLERENA MARCELO,"LLERENA, Fabian Marcelo",2010,Mas San Lorenzo,Asamblea,42,NO
FABIAN LLERENA MARCELO,"LLERENA, Fabian Marcelo",2007,Progreso Azulgrana,Asamblea,3,SI
HERNANDO MARIO ZIROLLI,"Zirolli, Mario Hernando",2010,Vamos San Lorenzo,Asamblea,43,NO
ANTONIO FERNANDEZ LUIS,"FERNANDEZ, Luis Antonio",2010,Boedo en Accion,Asamblea,43,NO
RODOLFO SILVA,"SILVA, Rodolfo",2010,Grandeza Azulgrana,Asamblea,43,NO
GUIDO MARTIN OLIVETTO,"OLIVETTO, Guido Martin",2010,Mas San Lorenzo,Asamblea,43,NO
ALBERTO FRACHIA JOSE,"Frachia, Jose Alberto",2010,Vamos San Lorenzo,Asamblea,44,NO
LORENZO LUIS SERGIO,"LORENZO, Sergio Luis",2010,Cruzada por San Lorenzo,Asamblea,44,NO
ELICES FERNANDO HERNAN SOTO,"SOTO ELICES, Fernando Hernan",2010,Boedo en Accion,Asamblea,44,NO
BALCARCE EDUARDO JESUS OYHANART RAUL,"OYHANART BALCARCE, Raul Eduardo Jesus",2010,Nuevo San Lorenzo,Asamblea,44,NO
DI GUSTAVO MECO RAFAEL,"DI MECO, Rafael Gustavo",2010,Grandeza Azulgrana,Asamblea,44,NO
JUAN MATIAS REY,"REY, Matias Juan",2010,Mas San Lorenzo,Asamblea,44,NO
DOMINGO JOSE MORICONI,"MORICONI, Domingo Jose",2010,Cruzada por San Lorenzo,Asamblea,45,NO
DANIEL ORLANDO SEBASTIAN,"ORLANDO, Daniel Sebastian",2010,Boedo en Accion,Asamblea,45,NO
D PABLO URZO,"D URZO, Pablo",2010,Grandeza Azulgrana,Asamblea,45,NO
ESPINOSA FERNANDO,"ESPINOSA, Fernando",2010,Mas San Lorenzo,Asamblea,45,NO
HECTOR MENDOZI VICENTE,"Mendozi, Vicente Hector",2010,Vamos San Lorenzo,Asamblea,46,NO
CARLOS MUNIZ VICTOR,"MUÑIZ, Victor Carlos",2010,Cruzada por San Lorenzo,Asamblea,46,NO
CAVALLO DAMIAN ESTEBAN,"CAVALLO, Esteban Damian",2010,Boedo en Accion,Asamblea,46,NO
FRANCISCO RANIELI,"RANIELI, Francisco",2010,Nuevo San Lorenzo,Asamblea,46,NO
FRANCISCO RANIELI,"RANIELI, Francisco",2007,Unidos por San Lorenzo,Fiscalizadora,,NO
FRANCISCO RANIELI,"RANIELI, Francisco",2004,Unidos por San Lorenzo,Fiscalizadora,,NO
EDUARDO HERNAN TOMASSI,"TOMASSI, Eduardo Hernan",2010,Mas San Lorenzo,Asamblea,46,NO
DIEGO PABLO SOLLA,"Solla, Pablo Diego",2010,Vamos San Lorenzo,Asamblea,47,NO
CARMEN DEL MARIA PEREZ RAMOS,"RAMOS PEREZ, Maria Del Carmen",2010,Cruzada por San Lorenzo,Asamblea,47,NO
FERNANDEZ MARCELO RODOLFO,"FERNANDEZ, Rodolfo Marcelo",2010,Boedo en Accion,Asamblea,47,NO
ACCAME IGNACIO JUAN,"ACCAME, Juan Ignacio",2010,Nuevo San Lorenzo,Asamblea,47,NO
ARIEL LEONARDO MATIAS,"MATIAS, Leonardo Ariel",2010,Grandeza Azulgrana,Asamblea,47,NO
FERNANDO GARCIA JORGE,"Garcia, Jorge Fernando",2010,Vamos San Lorenzo,Asamblea,48,NO
LODIGIANI NOEMI NORMA,"LODIGIANI, Noemi Norma",2010,Boedo en Accion,Asamblea,48,NO
ELIZABETH MARIA SUSANA ZOPPI,"ZOPPI, Maria Elizabeth Susana",2010,Nuevo San Lorenzo,Asamblea,48,NO
CARLOS GANINO PASCUAL,"GANINO, Carlos Pascual",2010,Grandeza Azulgrana,Asamblea,48,NO
ALTOBELLI JORGE MANUEL,"Altobelli, Jorge Manuel",2010,Vamos San Lorenzo,Asamblea,49,NO
LUIS MARIANO VIALE,"VIALE, Mariano Luis",2010,Boedo en Accion,Asamblea,49,NO
ALBERTO ANTONIO BASTIDA,"BASTIDA, Alberto Antonio",2010,Nuevo San Lorenzo,Asamblea,49,NO
ADRIAN DIEGO LOZANO,"LOZANO, Adrian Diego",2010,Mas San Lorenzo,Asamblea,49,NO
APECECHE MARTIN,"APECECHE, Martin",2010,Cruzada por San Lorenzo,Asamblea,50,NO
HERMIDA JOSE LUIS SANCHEZ,"SANCHEZ HERMIDA, Jose Luis",2010,Boedo en Accion,Asamblea,50,NO
HERMIDA JOSE LUIS SANCHEZ,"SANCHEZ HERMIDA, Jose Luis",1986,Movimiento de Reconstruccion Sanlorencista,Asamblea,36,NO
CLAUDIA CRISTINA FIGUEROA,"FIGUEROA, Claudia Cristina",2010,Nuevo San Lorenzo,Asamblea,50,NO
CARLOS CRISTIAN LONGOBARDI,"LONGOBARDI, Cristian Carlos",2010,Mas San Lorenzo,Asamblea,50,NO
ANGEL DIB VICTOR,"Dib, Victor Angel",2010,Vamos San Lorenzo,Asamblea,51,NO
ALEJANDRO HERNAN MELANA,"MELANA, Alejandro Hernan",2010,Boedo en Accion,Asamblea,51,NO
PUTRINO ROBERTO,"PUTRINO, Roberto",2010,Nuevo San Lorenzo,Asamblea,51,NO
ELIAS JOSE ZAIBAC,"ZAIBAC, Jose Elias",2010,Grandeza Azulgrana,Asamblea,51,NO
FEDERICO MARTIN VARSI,"VARSI, Federico Martin",2010,Mas San Lorenzo,Asamblea,51,NO
GUERRA HUGO NESTOR,"Guerra, Nestor Hugo",2010,Vamos San Lorenzo,Asamblea,52,NO
ALBERTO PABLO ROTGER,"ROTGER, Pablo Alberto",2010,Cruzada por San Lorenzo,Asamblea,52,NO
FABIAN OSCAR PASTEUR,"PASTEUR, Oscar Fabian",2010,Boedo en Accion,Asamblea,52,NO
JORGE LUIS PUENTE,"PUENTE, Jorge Luis",2010,Nuevo San Lorenzo,Asamblea,52,NO
AISA JOSE MIGUEL,"AISA, Miguel Jose",2010,Grandeza Azulgrana,Asamblea,52,NO
GUILLERMO VITALE,"VITALE, Guillermo",2010,Mas San Lorenzo,Asamblea,52,NO
ALBERTO CARLOS GONZALEZ,"Gonzalez, Carlos Alberto",2010,Vamos San Lorenzo,Asamblea,53,NO
EDGARDO JORGE MOEREMANS,"MOEREMANS, Edgardo Jorge",2010,Cruzada por San Lorenzo,Asamblea,53,NO
EDGARDO JORGE MOEREMANS,"MOEREMANS, Edgardo Jorge",2004,Dignidad por San Lorenzo,Comisión Directiva,,NO
ALICIA MARTA PALMIERI,"PALMIERI, Alicia Marta",2010,Boedo en Accion,Asamblea,53,NO
CORMENZANA FELIX JAVIER,"CORMENZANA, Felix Javier",2010,Nuevo San Lorenzo,Asamblea,53,NO
CORMENZANA FELIX JAVIER,"CORMENZANA, Felix Javier",2001,La Casa del Vitalicio,Comisión Directiva,Vocal 8,NO
BARNES HUGO NESTOR,"BARNES, Hugo Nestor",2010,Grandeza Azulgrana,Asamblea,53,NO
BALASINI LEANDRO MARTIN,"BALASINI, Leandro Martin",2010,Mas San Lorenzo,Asamblea,53,NO
DANIEL MARCOS SEHINKMAN,"Sehinkman, Marcos Daniel",2010,Vamos San Lorenzo,Asamblea,54,NO
ANDRES NORBERTO SEPULVEDA,"SEPULVEDA, Norberto Andres",2010,Cruzada por San Lorenzo,Asamblea,54,NO
CARRANZA FERNANDO MARIANO,"CARRANZA, Mariano Fernando",2010,Boedo en Accion,Asamblea,54,NO
CRISTIAN DANIEL RAGONESE,"RAGONESE, Cristian Daniel",2010,Grandeza Azulgrana,Asamblea,54,NO
ALLO ANGEL MIGUEL,"ALLO, Miguel Angel",2010,Mas San Lorenzo,Asamblea,54,NO
DAMIAN ESTEBAN SAIZ,"Saiz, Damian Esteban",2010,Vamos San Lorenzo,Asamblea,55,NO
DAMIAN ESTEBAN SAIZ,"Saiz, Damian Esteban",2022,Boedo en Accion,Asamblea,,NO
DAMIAN ESTEBAN SAIZ,"Saiz, Damian Esteban",2001,La Casa del Vitalicio,Fiscalizadora,,NO
ALEJANDRO LUIS ORDAX,"ORDAX, Alejandro Luis",2010,Boedo en Accion,Asamblea,55,NO
DAMIAN FRANCISCO MUNDO,"MUNDO, Francisco Damian",2010,Nuevo San Lorenzo,Asamblea,55,NO
DANIEL JORGE RAGONESE,"RAGONESE, Daniel Jorge",2010,Grandeza Azulgrana,Asamblea,55,NO
MORENO PEDRO SIMON,"MORENO, Simon Pedro",2010,Mas San Lorenzo,Asamblea,55,NO
ALBERTO CLAUDO DIZEO,"Dizeo, Claudo Alberto",2010,Vamos San Lorenzo,Asamblea,56,NO
GUSTAVO JULIO LUZZANI,"LUZZANI, Gustavo Julio",2010,Boedo en Accion,Asamblea,56,NO
ANTONIO AZNAR HECTOR,"AZNAR, Hector Antonio",2010,Nuevo San Lorenzo,Asamblea,56,NO
DANIEL GERARDO MASTROIANNI,"MASTROIANNI, Daniel Gerardo",2010,Grandeza Azulgrana,Asamblea,56,NO
AZUCENA RODRIGUEZ SILVIA,"RODRIGUEZ, Silvia Azucena",2010,Cruzada por San Lorenzo,Asamblea,57,NO
BERNARDO KARGMAN NESTOR,"KARGMAN, Nestor Bernardo",2010,Boedo en Accion,Asamblea,57,NO
HUGO RUBEN ZEOLI,"ZEOLI, Ruben Hugo",2010,Grandeza Azulgrana,Asamblea,57,NO
ENRIQUE MILLAN RICARDO,"MILLAN, Ricardo Enrique",2010,Mas San Lorenzo,Asamblea,57,NO
CORBO MIGUEL PABLO,"Corbo, Pablo Miguel",2010,Vamos San Lorenzo,Asamblea,58,NO
8927 BUSSO HAYDEE,"BUSSO, Haydee 8927",2010,Cruzada por San Lorenzo,Asamblea,58,NO
FONTANA NORBERTO OSVALDO,"FONTANA, Osvaldo Norberto",2010,Grandeza Azulgrana,Asamblea,58,NO
DARIO FERNANDO PAPA,"PAPA, Dario Fernando",2010,Mas San Lorenzo,Asamblea,58,NO
JOSE MOLINA,"Molina, Jose",2010,Vamos San Lorenzo,Asamblea,59,NO
BELLA DI GUSTAVO,"DI BELLA, Gustavo",2010,Boedo en Accion,Asamblea,59,NO
AMADEO NATALI NORBERTO,"NATALI, Norberto Amadeo",2010,Nuevo San Lorenzo,Asamblea,59,NO
AMADEO NATALI NORBERTO,"NATALI, Norberto Amadeo",2004,Unidos por San Lorenzo,Asamblea,31,SI
AMADEO NATALI NORBERTO,"NATALI, Norberto Amadeo",2001,Unidos por San Lorenzo,Asamblea,33,SI
AMADEO NATALI NORBERTO,"NATALI, Norberto Amadeo",2007,Unidos por San Lorenzo,Asamblea,,SI
CHANAMPA OSCAR RUBEN,"CHANAMPA, Ruben Oscar",2010,Grandeza Azulgrana,Asamblea,59,NO
MANUEL NOUCHE ROBERTO,"NOUCHE, Roberto Manuel",2010,Mas San Lorenzo,Asamblea,59,NO
ALFREDO FERNANDEZ JULIO,"Fernandez, Julio Alfredo",2010,Vamos San Lorenzo,Asamblea,60,NO
FLAVIO NESSI REINALDO,"NESSI, Flavio Reinaldo",2010,Cruzada por San Lorenzo,Asamblea,60,NO
FLAVIO NESSI REINALDO,"NESSI, Flavio Reinaldo",2016,Cruzada por San Lorenzo,Fiscalizadora,,NO
FLAVIO NESSI REINALDO,"NESSI, Flavio Reinaldo",2013,Cruzada por San Lorenzo,Fiscalizadora,,NO
DE ESTEBAN JAVIER MONTES OCA,"MONTES DE OCA, Esteban Javier",2010,Boedo en Accion,Asamblea,60,NO
ANTONIO HERNAN MUNDO,"MUNDO, Hernan Antonio",2010,Nuevo San Lorenzo,Asamblea,60,NO
HECTOR HORACIO ZEA,"ZEA, Hector Horacio",2010,Grandeza Azulgrana,Asamblea,60,NO
ANDRES EMILIO LENCE,"LENCE, Andres Emilio",2010,Mas San Lorenzo,Asamblea,60,NO
ANGEL FRANZESE MIGUEL,"FRANZESE, Miguel Angel",2010,Vamos San Lorenzo,Asamblea,1,NO
ANGEL FRANZESE MIGUEL,"FRANZESE, Miguel Angel",2007,Frente Sanlorencista,Asamblea,24,NO
ANGEL FRANZESE MIGUEL,"FRANZESE, Miguel Angel",2010,Vamos San Lorenzo,Fiscalizadora,,SI
ANGEL FRANZESE MIGUEL,"FRANZESE, Miguel Angel",2004,San Lorenzo para Todos,Fiscalizadora,,SI
HERNAN JUNCAL RODRIGO,"JUNCAL, Hernan Rodrigo",2010,Cruzada por San Lorenzo,Asamblea,1,NO
HERNAN JUNCAL RODRIGO,"JUNCAL, Hernan Rodrigo",2019,Cruzada por San Lorenzo,Fiscalizadora,,NO
HERNAN JUNCAL RODRIGO,"JUNCAL, Hernan Rodrigo",2016,Cruzada por San Lorenzo,Fiscalizadora,,NO
HERNAN JUNCAL RODRIGO,"JUNCAL, Hernan Rodrigo",2013,Cruzada por San Lorenzo,Fiscalizadora,,SI
HERNAN JUNCAL RODRIGO,"JUNCAL, Hernan Rodrigo",2010,Cruzada por San Lorenzo,Fiscalizadora,,NO
ALBERTO BAHAMON LUIS ZIROLLI,"ZIROLLI BAHAMON, Luis Alberto",2010,Vamos San Lorenzo,Asamblea,2,NO
ALBERTO BAHAMON LUIS ZIROLLI,"ZIROLLI BAHAMON, Luis Alberto",2010,Vamos San Lorenzo,Fiscalizadora,,SI
BUSSO DARIO NORLIS RODRIGUEZ,"RODRIGUEZ BUSSO, Dario Norlis",2010,Cruzada por San Lorenzo,Asamblea,2,NO
BUSSO DARIO NORLIS RODRIGUEZ,"RODRIGUEZ BUSSO, Dario Norlis",2010,Cruzada por San Lorenzo,Fiscalizadora,,NO
FRANCISCO GEBHARDT MARIA,"GEBHARDT, Francisco Maria",2010,Cruzada por San Lorenzo,Asamblea,3,NO
FRANCISCO GEBHARDT MARIA,"GEBHARDT, Francisco Maria",2022,Siempre San Lorenzo,Asamblea,,NO
FRANCISCO GEBHARDT MARIA,"GEBHARDT, Francisco Maria",2019,Cruzada por San Lorenzo,Fiscalizadora,,NO
FRANCISCO GEBHARDT MARIA,"GEBHARDT, Francisco Maria",2016,Cruzada por San Lorenzo,Fiscalizadora,,NO
FRANCISCO GEBHARDT MARIA,"GEBHARDT, Francisco Maria",2013,Cruzada por San Lorenzo,Fiscalizadora,,NO
FRANCISCO GEBHARDT MARIA,"GEBHARDT, Francisco Maria",2010,Cruzada por San Lorenzo,Fiscalizadora,,NO
DI JOSE LUCIANO VICTOR,"DI LUCIANO, Victor Jose",2010,Cruzada por San Lorenzo,Asamblea,4,NO
DONATI JOSE MARIA,"DONATI, Jose Maria",2010,Vamos San Lorenzo,Asamblea,5,NO
DONATI JOSE MARIA,"DONATI, Jose Maria",2010,Vamos San Lorenzo,Fiscalizadora,,NO
ALBAMONTE ANGEL PABLO,"ALBAMONTE, Pablo Angel",2010,Cruzada por San Lorenzo,Asamblea,5,NO
ALBAMONTE ANGEL PABLO,"ALBAMONTE, Pablo Angel",2010,Cruzada por San Lorenzo,Fiscalizadora,,NO
RAFAEL SAVINO,"Savino, Rafael",2007,Unidos por San Lorenzo,Comisión Directiva,Presidente,SI
RAFAEL SAVINO,"Savino, Rafael",2004,Unidos por San Lorenzo,Comisión Directiva,Presidente,SI
RAFAEL SAVINO,"Savino, Rafael",2001,Unidos por San Lorenzo,Comisión Directiva,Vice-Presidente,SI
RAFAEL SAVINO,"Savino, Rafael",1986,Movimiento de Reconstruccion Sanlorencista,Comisión Directiva,Presidente,NO
CARLOS JUAN TEMEZ,"Temez, Juan Carlos",2007,Progreso Azulgrana,Comisión Directiva,Presidente,SI
CARLOS JUAN TEMEZ,"Temez, Juan Carlos",2004,Unidos por San Lorenzo,Comisión Directiva,Secretario,SI
CARLOS JUAN TEMEZ,"Temez, Juan Carlos",2001,Unidos por San Lorenzo,Comisión Directiva,Pro-Secretario,SI
CARLOS JUAN TEMEZ,"Temez, Juan Carlos",1989,Frederesa,Asamblea,60,NO
INCERA LUIS,"Incera, Luis",2007,Unidos por San Lorenzo,Comisión Directiva,Vice-Presidente,SI
HECTOR SLUGA,"Sluga, Hector",2007,Frente San Lorenzo,Comisión Directiva,Vice-Presidente,NO
HECTOR SLUGA,"Sluga, Hector",2004,De Nuevo San Lorenzo,Comisión Directiva,Presidente,NO
HECTOR VIESCA,"Viesca, Hector",2007,Unidos por San Lorenzo,Comisión Directiva,Intendente,SI
HECTOR VIESCA,"Viesca, Hector",2004,Unidos por San Lorenzo,Comisión Directiva,Intendente,SI
HECTOR VIESCA,"Viesca, Hector",2001,Unidos por San Lorenzo,Comisión Directiva,Pro-Tesorero,SI
HECTOR VIESCA,"Viesca, Hector",1986,Movimiento de Reconstruccion Sanlorencista,Comisión Directiva,Secretario,SI
KONDRATIUK PEDRO,"Kondratiuk, Pedro",2007,Unidos por San Lorenzo,Comisión Directiva,Pro-Secretario,SI
KONDRATIUK PEDRO,"Kondratiuk, Pedro",2004,Unidos por San Lorenzo,Asamblea,2,SI
KONDRATIUK PEDRO,"Kondratiuk, Pedro",1986,Movimiento de Reconstruccion Sanlorencista,Comisión Directiva,Vice-Presidente 2º,NO
AVELLA EDUARDO,"Avella, Eduardo",2007,Frente San Lorenzo,Comisión Directiva,Sub-Intendente,NO
AVELLA EDUARDO,"Avella, Eduardo",2001,Nuevo Rumbo Sanlorencista,Comisión Directiva,Vocal 3,NO
AVELLA EDUARDO,"Avella, Eduardo",1989,Nuevo Rumbo Sanlorencista,Asamblea,4,SI
AVELLA EDUARDO,"Avella, Eduardo",1986,Nuevo Rumbo Sanlorencista,Asamblea,33,SI
RAUL SANCHEZ,"Sanchez, Raul",2007,Frente San Lorenzo,Comisión Directiva,Vocal 1,NO
GEBHARDT MARCELO,"Gebhardt, Marcelo",2007,Unidos por San Lorenzo,Comisión Directiva,Vocal 2,SI
JORGE PASTORINO,"Pastorino, Jorge",2007,Unidos por San Lorenzo,Comisión Directiva,Vocal 3,NO
JORGE PASTORINO,"Pastorino, Jorge",2001,Unidos por San Lorenzo,Asamblea,18,SI
CHRISTIAN GONZALEZ,"Gonzalez, Christian",2007,Progreso Azulgrana,Comisión Directiva,Vocal 4,NO
DANIEL LARRAONA VICENTE,"Larraona, Daniel Vicente",2007,Progreso Azulgrana,Comisión Directiva,Vocal 5,NO
DANIEL LARRAONA VICENTE,"Larraona, Daniel Vicente",2010,Mas San Lorenzo,Fiscalizadora,,NO
MATAS MIGUEL,"Matas, Miguel",2007,Unidos por San Lorenzo,Comisión Directiva,Vocal 6,SI
MATAS MIGUEL,"Matas, Miguel",2004,Unidos por San Lorenzo,Comisión Directiva,Vocal 2,SI
MATAS MIGUEL,"Matas, Miguel",2001,Unidos por San Lorenzo,Comisión Directiva,Vocal 2,SI
MATAS MIGUEL,"Matas, Miguel",1986,Movimiento de Reconstruccion Sanlorencista,Comisión Directiva,Pro-Secretario,SI
JAVIER TERNS,"Terns, Javier",2007,Progreso Azulgrana,Comisión Directiva,Vocal 6,NO
ANDRADE MARIANO,"Andrade, Mariano",2007,Progreso Azulgrana,Comisión Directiva,Vocal 7,NO
BERNASCHINA HECTOR,"Bernaschina, Hector",2007,Unidos por San Lorenzo,Comisión Directiva,Vocal 8,NO
BERNASCHINA HECTOR,"Bernaschina, Hector",2004,Unidos por San Lorenzo,Comisión Directiva,Vocal 1,NO
FILIPETTI JORGE,"Filipetti, Jorge",2007,Frente Sanlorencista,Comisión Directiva,Vocal 9,NO
AMBROSIO ROBERTO,"Ambrosio, Roberto",2007,Frente San Lorenzo,Comisión Directiva,Vocal 10,NO
AMBROSIO ROBERTO,"Ambrosio, Roberto",2004,Dignidad por San Lorenzo,Comisión Directiva,Vocal 10,NO
ALEJANDRO GUATALEGNAME JAVIER,"Guatalegname, Javier Alejandro",2007,Progreso Azulgrana,Comisión Directiva,Vocal 10,NO
MACEDONIA MARIO RICARDO,"Macedonia, Ricardo Mario",2007,Unidos por San Lorenzo,Asamblea,1,SI
MACEDONIA MARIO RICARDO,"Macedonia, Ricardo Mario",2004,Unidos por San Lorenzo,Asamblea,12,SI
MACEDONIA MARIO RICARDO,"Macedonia, Ricardo Mario",2001,Unidos por San Lorenzo,Asamblea,28,SI
MACEDONIA MARIO RICARDO,"Macedonia, Ricardo Mario",2022,Siempre San Lorenzo,Asamblea,,NO
JOSE LUIS TORREGROSA,"Torregrosa, Jose Luis",2007,Progreso Azulgrana,Asamblea,2,SI
JOSE LUIS TORREGROSA,"Torregrosa, Jose Luis",2004,Unidos por San Lorenzo,Asamblea,35,SI
JOSE LUIS TORREGROSA,"Torregrosa, Jose Luis",2001,Unidos por San Lorenzo,Asamblea,21,SI
CARMELO PIZARRO VICENTE,"Pizarro, Carmelo Vicente",2007,Unidos por San Lorenzo,Asamblea,3,SI
CARMELO PIZARRO VICENTE,"Pizarro, Carmelo Vicente",2004,Unidos por San Lorenzo,Comisión Directiva,Vocal 5,SI
HORACIO JORGE SANTISO,"Santiso, Horacio Jorge",2007,Frente San Lorenzo,Asamblea,4,SI
HORACIO JORGE SANTISO,"Santiso, Horacio Jorge",2004,Unidos por San Lorenzo,Comisión Directiva,Vocal 11,NO
HORACIO JORGE SANTISO,"Santiso, Horacio Jorge",2001,Unidos por San Lorenzo,Comisión Directiva,Vocal 6,NO
ALEJANDRO CULTURANO GUSTAVO R,"R. Culturano, Gustavo Alejandro",2007,Progreso Azulgrana,Asamblea,4,SI
GARCIA JORGE,"Garcia, Jorge",2007,Frente San Lorenzo,Asamblea,6,SI
GARCIA JORGE,"Garcia, Jorge",2004,San Lorenzo para Todos,Comisión Directiva,Pro-Tesorero,NO
GARCIA JORGE,"Garcia, Jorge",2001,Unidad Azulgrana,Comisión Directiva,Vice-Presidente,NO
ANGEL ENRIQUE LOPEZ,"Lopez, Angel Enrique",2007,Frente San Lorenzo,Asamblea,7,SI
ITALO JOSE MASSA,"Massa, Italo Jose",2007,Unidos por San Lorenzo,Asamblea,9,SI
ITALO JOSE MASSA,"Massa, Italo Jose",2004,Unidos por San Lorenzo,Asamblea,8,SI
CARLOS CAVAGNARO JUAN,"Cavagnaro, Juan Carlos",2007,Progreso Azulgrana,Asamblea,9,SI
CARLOS CAVAGNARO JUAN,"Cavagnaro, Juan Carlos",2004,Unidos por San Lorenzo,Asamblea,18,SI
JORGE OLIVETTO,"Olivetto, Jorge",2007,Progreso Azulgrana,Asamblea,10,NO
JORGE VICENTE VILAS,"Vilas, Vicente Jorge",2007,Unidos por San Lorenzo,Asamblea,11,SI
JORGE VICENTE VILAS,"Vilas, Vicente Jorge",2004,Unidos por San Lorenzo,Asamblea,10,SI
JORGE VICENTE VILAS,"Vilas, Vicente Jorge",2001,Unidos por San Lorenzo,Asamblea,23,SI
JORGE VICENTE VILAS,"Vilas, Vicente Jorge",1986,Movimiento de Reconstruccion Sanlorencista,Asamblea,55,NO
LANATTA RICARDO RODOLFO,"Lanatta, Rodolfo Ricardo",2007,Frente San Lorenzo,Asamblea,12,SI
LANATTA RICARDO RODOLFO,"Lanatta, Rodolfo Ricardo",1989,Nuevo Rumbo Sanlorencista,Asamblea,45,SI
COSTA EMILIO,"Costa, Emilio",2007,Frente San Lorenzo,Asamblea,13,SI
BUCCINO OSVALDO,"Buccino, Osvaldo",2007,Unidos por San Lorenzo,Asamblea,17,SI
BUCCINO OSVALDO,"Buccino, Osvaldo",2004,Unidos por San Lorenzo,Asamblea,16,SI
BUCCINO OSVALDO,"Buccino, Osvaldo",2001,Unidos por San Lorenzo,Asamblea,34,SI
BUCCINO OSVALDO,"Buccino, Osvaldo",1986,Movimiento de Reconstruccion Sanlorencista,Asamblea,14,NO
DACAL GUMERSINDO,"Gumersindo, Dacal",2007,Unidos por San Lorenzo,Asamblea,19,SI
DACAL GUMERSINDO,"Gumersindo, Dacal",2004,Unidos por San Lorenzo,Asamblea,29,SI
DACAL GUMERSINDO,"Gumersindo, Dacal",2001,Unidos por San Lorenzo,Asamblea,7,SI
DACAL GUMERSINDO,"Gumersindo, Dacal",1986,Movimiento de Reconstruccion Sanlorencista,Asamblea,7,SI
ALBERTO CARLOS RIERA,"Riera, Carlos Alberto",2007,Unidos por San Lorenzo,Asamblea,25,SI
ALBERTO CARLOS RIERA,"Riera, Carlos Alberto",2004,Unidos por San Lorenzo,Asamblea,23,SI
BOCCALATTE OMAR RUBEN,"Boccalatte, Ruben Omar",2007,Unidos por San Lorenzo,Asamblea,26,SI
DANIEL DANILOV JORGE,"Danilov, Daniel Jorge",2007,Unidos por San Lorenzo,Asamblea,27,SI
DANIEL DANILOV JORGE,"Danilov, Daniel Jorge",2004,Unidos por San Lorenzo,Asamblea,25,SI
ATILIO URTIAGA VICTOR,"Urtiaga, Victor Atilio",2007,Unidos por San Lorenzo,Asamblea,31,SI
ATILIO URTIAGA VICTOR,"Urtiaga, Victor Atilio",2001,Unidos por San Lorenzo,Asamblea,36,SI
ALBERTO CARLOS LOPEZ,"Lopez, Carlos Alberto",2007,Unidos por San Lorenzo,Asamblea,32,SI
ALBERTO CARLOS LOPEZ,"Lopez, Carlos Alberto",2004,Unidos por San Lorenzo,Asamblea,36,SI
NATALI NOBERTO,"Natali, Noberto",2007,Unidos por San Lorenzo,Asamblea,34,NO
HERNAN MARTIN SAN,"San Martin, Hernan",2004,De Nuevo San Lorenzo,Comisión Directiva,Vice-Presidente 2º,NO
DAFFINOTI NESTOR,"Daffinoti, Nestor",2004,Unidos por San Lorenzo,Comisión Directiva,Vice-Presidente 2º,SI
DAFFINOTI NESTOR,"Daffinoti, Nestor",2001,Unidos por San Lorenzo,Comisión Directiva,Vice-Presidente 2º,SI
DAFFINOTI NESTOR,"Daffinoti, Nestor",1989,Nuevo Rumbo Sanlorencista,Comisión Directiva,Vocal 11,NO
DAFFINOTI NESTOR,"Daffinoti, Nestor",1986,Movimiento de Reconstruccion Sanlorencista,Asamblea,39,NO
DAFFINOTI NESTOR,"Daffinoti, Nestor",1995 (NO HUBO),Nuevo Rumbo Sanlorencista,Comisión Directiva,,SI
DAFFINOTI NESTOR,"Daffinoti, Nestor",1992 (NO HUBO),Nuevo Rumbo Sanlorencista,Comisión Directiva,,SI
BIALO CHERQUIS ERNESTO,"Cherquis Bialo, Ernesto",2004,San Lorenzo para Todos,Comisión Directiva,Vice-Presidente 2º,SI
ALESSANDRO CARLOS D,"D'Alessandro, Carlos",2004,Dignidad por San Lorenzo,Comisión Directiva,Vice-Presidente 2º,NO
ALESSANDRO CARLOS D,"D'Alessandro, Carlos",2001,Unidad Azulgrana,Comisión Directiva,Presidente,SI
ALESSANDRO CARLOS D,"D'Alessandro, Carlos",1986,Movimiento de Reconstruccion Sanlorencista,Comisión Directiva,Intendente,NO
PALADINO PASCUAL,"Paladino, Pascual",2004,Unidos por San Lorenzo,Comisión Directiva,Tesorero,SI
PALADINO PASCUAL,"Paladino, Pascual",2001,Unidos por San Lorenzo,Comisión Directiva,Tesorero,SI
PALADINO PASCUAL,"Paladino, Pascual",1986,Nuevo Rumbo Sanlorencista,Comisión Directiva,Tesorero,SI
PALADINO PASCUAL,"Paladino, Pascual",1995 (NO HUBO),Nuevo Rumbo Sanlorencista,Comisión Directiva,,SI
PALADINO PASCUAL,"Paladino, Pascual",1992 (NO HUBO),Nuevo Rumbo Sanlorencista,Comisión Directiva,,SI
PALADINO PASCUAL,"Paladino, Pascual",2022,Siempre San Lorenzo,Asamblea,,NO
PALADINO PASCUAL,"Paladino, Pascual",1989,Nuevo Rumbo Sanlorencista,Fiscalizadora,,SI
BELLANI EDGARDO RICARDO,"Bellani, Edgardo Ricardo",2004,Grandeza Azulgrana,Comisión Directiva,Tesorero,NO
BUTELER DELFIN,"Buteler, Delfin",2004,Dignidad por San Lorenzo,Comisión Directiva,Tesorero,NO
BUTELER DELFIN,"Buteler, Delfin",2001,Unidos por San Lorenzo,Asamblea,20,SI
HERNAN SEOANE,"Seoane, Hernan",2004,De Nuevo San Lorenzo,Comisión Directiva,Intendente,NO
GONZALEZ JESUS,"Gonzalez, Jesus",2004,Grandeza Azulgrana,Comisión Directiva,Intendente,NO
GERMAN RAMIREZ,"Ramirez, German",2004,Unidos por San Lorenzo,Comisión Directiva,Pro-Secretario,SI
JORGE LAURINO,"Laurino, Jorge",2004,Dignidad por San Lorenzo,Comisión Directiva,Pro-Secretario,NO
EDUARDO MEDINA,"Medina, Eduardo",2004,Dignidad por San Lorenzo,Comisión Directiva,Pro-Tesorero,NO
EDUARDO MEDINA,"Medina, Eduardo",2004,Dignidad por San Lorenzo,Fiscalizadora,,NO
PERAL RODOLFO,"Peral, Rodolfo",2004,Grandeza Azulgrana,Comisión Directiva,Sub-Intendente,NO
PERAL RODOLFO,"Peral, Rodolfo",1992 (NO HUBO),Nuevo Rumbo Sanlorencista,Comisión Directiva,,SI
EDGARDO JORGE MOREMANS,"Moremans, Edgardo Jorge",2004,Dignidad por San Lorenzo,Comisión Directiva,Sub-Intendente,NO
AGUSTIN SANCHEZ,"Sanchez, Agustin",2004,De Nuevo San Lorenzo,Comisión Directiva,Vocal 1,NO
HECTOR MARIO MATANZO,"Matanzo, Hector Mario",2004,Grandeza Azulgrana,Comisión Directiva,Vocal 2,NO
ARGENTO ERNESTO,"Argento, Ernesto",2004,Dignidad por San Lorenzo,Comisión Directiva,Vocal 2,NO
ARGENTO ERNESTO,"Argento, Ernesto",1986,Movimiento de Reconstruccion Sanlorencista,Asamblea,27,NO
AVELLA RUBEN,"Avella, Ruben",2004,De Nuevo San Lorenzo,Comisión Directiva,Vocal 4,NO
HUMBERTO MORELLO SANTOS,"Morello, Santos Humberto",2004,Grandeza Azulgrana,Comisión Directiva,Vocal 5,NO
HUMBERTO MORELLO SANTOS,"Morello, Santos Humberto",2001,La Casa del Vitalicio,Comisión Directiva,Presidente,NO
HUMBERTO MORELLO SANTOS,"Morello, Santos Humberto",1989,Nuevo Rumbo Sanlorencista,Comisión Directiva,Vocal 5,SI
HUMBERTO MORELLO SANTOS,"Morello, Santos Humberto",1992 (NO HUBO),Nuevo Rumbo Sanlorencista,Comisión Directiva,,SI
ANGEL LOPEZ,"Lopez, Angel",2004,De Nuevo San Lorenzo,Comisión Directiva,Vocal 6,NO
ANGEL LOPEZ,"Lopez, Angel",2001,Nuevo Rumbo Sanlorencista,Comisión Directiva,Vocal 9,NO
ARMANDO BRITOS LUIS,"Britos, Luis Armando",2004,San Lorenzo para Todos,Comisión Directiva,Vocal 6,NO
ALVAREZ JOSE M,"Alvarez, Jose M",2004,Dignidad por San Lorenzo,Comisión Directiva,Vocal 6,NO
FERNANDO GONZALO LASTRA,"Gonzalo Lastra, Fernando",2004,De Nuevo San Lorenzo,Comisión Directiva,Vocal 7,NO
EIRAS ENRIQUE GONZALEZ,"Gonzalez Eiras, Enrique",2004,Unidos por San Lorenzo,Comisión Directiva,Vocal 7,NO
EIRAS ENRIQUE GONZALEZ,"Gonzalez Eiras, Enrique",1986,Movimiento de Reconstruccion Sanlorencista,Asamblea,9,SI
AMANDA BERNARDEZ,"Bernardez, Amanda",2004,San Lorenzo para Todos,Comisión Directiva,Vocal 7,NO
ALBERTO FELIPPE RAUL,"Felippe, Raul Alberto",2004,Grandeza Azulgrana,Comisión Directiva,Vocal 7,NO
ALFREDO FRACHIA JORGE,"Frachia, Jorge Alfredo",2004,San Lorenzo para Todos,Comisión Directiva,Vocal 8,NO
AMBROSIO D HECTOR,"D'Ambrosio, Hector",2004,Grandeza Azulgrana,Comisión Directiva,Vocal 8,NO
JORGE PASTORINI,"Pastorini, Jorge",2004,Unidos por San Lorenzo,Comisión Directiva,Vocal 9,NO
JORGE PASTORINI,"Pastorini, Jorge",2007,Unidos por San Lorenzo,Comisión Directiva,,SI
PERETTA ROQUE,"Peretta, Roque",2004,De Nuevo San Lorenzo,Comisión Directiva,Vocal 10,NO
MARCOLINO OSCAR,"Marcolino, Oscar",2004,Unidos por San Lorenzo,Comisión Directiva,Vocal 10,NO
AMBROSIO ARIEL D LEANDRO,"D'Ambrosio, Leandro Ariel",2004,Grandeza Azulgrana,Comisión Directiva,Vocal 10,NO
ALEJANDRO EGLIS,"Eglis, Alejandro",2004,De Nuevo San Lorenzo,Asamblea,1,SI
ALEJANDRO EGLIS,"Eglis, Alejandro",1989,Nuevo Rumbo Sanlorencista,Comisión Directiva,Vocal 1,SI
ALEJANDRO EGLIS,"Eglis, Alejandro",Tribunal de Honor 2014-2011,(Sin datos),Tribunal de Ética,Miembro,SI
ALEJANDRO EGLIS,"Eglis, Alejandro",Tribunal de Honor 1998-2002,(Sin datos),Tribunal de Ética,Miembro,SI
ALBERTO GUIL,"Guil, Alberto",2004,Unidos por San Lorenzo,Asamblea,1,SI
ALBERTO GUIL,"Guil, Alberto",2001,Unidos por San Lorenzo,Comisión Directiva,Presidente,SI
ALBERTO GUIL,"Guil, Alberto",1986,Movimiento de Reconstruccion Sanlorencista,Comisión Directiva,Vice-Presidente,NO
RICARDO ROMERO,"Romero, Ricardo",2004,Dignidad por San Lorenzo,Asamblea,1,SI
CARLOS VITA,"Vita, Carlos",2004,San Lorenzo para Todos,Asamblea,2,SI
CARLOS VITA,"Vita, Carlos",2001,Unidad Azulgrana,Asamblea,10,SI
CARLOS VITA,"Vita, Carlos",1989,Nuevo Rumbo Sanlorencista,Comisión Directiva,Vocal 7,NO
CARLOS VITA,"Vita, Carlos",1986,Nuevo Rumbo Sanlorencista,Asamblea,12,SI
GUERRA NESTOR,"Guerra, Nestor",2004,Grandeza Azulgrana,Asamblea,2,SI
FERNANDO LOPEZ,"Lopez, Fernando",2004,Dignidad por San Lorenzo,Asamblea,2,SI
MELGAR MIGUEL,"Melgar, Miguel",2004,De Nuevo San Lorenzo,Asamblea,3,SI
LORENZO NORBERTO,"Lorenzo, Norberto",2004,Unidos por San Lorenzo,Asamblea,3,SI
LORENZO NORBERTO,"Lorenzo, Norberto",2001,Unidos por San Lorenzo,Asamblea,4,SI
ALBERTO DEAN,"Dean, Alberto",2004,Dignidad por San Lorenzo,Asamblea,3,SI
NORBERTO ZACCARO,"Zaccaro, Norberto",2004,Unidos por San Lorenzo,Asamblea,4,SI
NORBERTO ZACCARO,"Zaccaro, Norberto",2001,Unidos por San Lorenzo,Asamblea,2,SI
HORACIO ROSAMO,"Rosamo, Horacio",2004,San Lorenzo para Todos,Asamblea,4,SI
DONNARUMMA OSVALDO,"Donnarumma, Osvaldo",2004,Grandeza Azulgrana,Asamblea,4,NO
GARCIA RICARDO,"Garcia, Ricardo",2004,Dignidad por San Lorenzo,Asamblea,5,SI
GARCIA RICARDO,"Garcia, Ricardo",1986,Movimiento de Reconstruccion Sanlorencista,Asamblea,13,SI
FERNANDEZ JULIO TORRES,"Fernandez Torres, Julio",2004,San Lorenzo para Todos,Asamblea,6,SI
JOSE MARAGO,"Marago, Jose",2004,Grandeza Azulgrana,Asamblea,6,NO
DANIEL PRADO,"Prado, Daniel",2004,De Nuevo San Lorenzo,Asamblea,7,NO
ALBERTI CARLOS JUAN,"Alberti, Juan Carlos",2004,Dignidad por San Lorenzo,Asamblea,7,NO
ANTONIO PRADO,"Prado, Antonio",2004,Grandeza Azulgrana,Asamblea,8,NO
ARGENTO JUAN,"Argento, Juan",2004,Dignidad por San Lorenzo,Asamblea,8,NO
ANDRES MANGAS,"Mangas, Andres",2004,De Nuevo San Lorenzo,Asamblea,9,NO
ALEJANDRO DE OYARBIDE,"De Oyarbide, Alejandro",2004,Unidos por San Lorenzo,Asamblea,9,SI
CENTENARO NESTOR,"Centenaro, Nestor",2004,Grandeza Azulgrana,Asamblea,9,NO
MARCOS SEHINKMAN,"Sehinkman, Marcos",2004,Dignidad por San Lorenzo,Asamblea,9,NO
FIURATTI MARTIN,"Fiuratti, Martin",2004,De Nuevo San Lorenzo,Asamblea,10,NO
FERNANDEZ LEONARDO,"Fernandez, Leonardo",2004,San Lorenzo para Todos,Asamblea,10,SI
ALBERTO SOTTILE,"Sottile, Alberto",2004,Grandeza Azulgrana,Asamblea,10,NO
ENRIQUE GODOY,"Godoy, Enrique",2004,Unidos por San Lorenzo,Asamblea,11,SI
ENRIQUE GODOY,"Godoy, Enrique",2001,Unidos por San Lorenzo,Asamblea,17,SI
MAS MIGUEL,"Mas, Miguel",2004,Unidos por San Lorenzo,Asamblea,24,SI
MAS MIGUEL,"Mas, Miguel",2001,Unidos por San Lorenzo,Asamblea,9,SI
MAS MIGUEL,"Mas, Miguel",1986,Movimiento de Reconstruccion Sanlorencista,Comisión Directiva,Sub-Intendente,NO
DANIEL JORGE MASSINORI,"Massinori, Daniel Jorge",2004,Unidos por San Lorenzo,Asamblea,27,NO
GARGIULO HORACIO,"Gargiulo, Horacio",2004,Unidos por San Lorenzo,Asamblea,30,SI
GARGIULO HORACIO,"Gargiulo, Horacio",2001,Unidos por San Lorenzo,Asamblea,26,SI
ALBERTO ELIAS ZAIN,"Zain, Elias Alberto",2001,La Casa del Vitalicio,Comisión Directiva,Vice-Presidente,NO
OSCAR SAIZ VICENTE,"Saiz, Oscar Vicente",2001,La Casa del Vitalicio,Comisión Directiva,Vice-Presidente 2º,NO
FABIAN GARCIA OSCAR,"Garcia, Fabian Oscar",2001,La Casa del Vitalicio,Comisión Directiva,Secretario,NO
CARLOS JUAN NAVARRO,"Navarro, Juan Carlos",2001,Nuevo Rumbo Sanlorencista,Comisión Directiva,Tesorero,NO
CARLOS JUAN NAVARRO,"Navarro, Juan Carlos",1998,Nuevo Rumbo Sanlorencista,Fiscalizadora,,SI
HECTOR MARTIN SAN VALENTIN,"San Martin, Valentin Hector",2001,Unidad Azulgrana,Comisión Directiva,Tesorero,NO
ALBERTO BENITO LOPEZ,"Lopez, Alberto Benito",2001,La Casa del Vitalicio,Comisión Directiva,Tesorero,NO
ALBERTO BENITO LOPEZ,"Lopez, Alberto Benito",2010,Grandeza Azulgrana,Fiscalizadora,,NO
ALBERTO BENITO LOPEZ,"Lopez, Alberto Benito",2007,Frente San Lorenzo,Fiscalizadora,,NO
ALBERTO BENITO LOPEZ,"Lopez, Alberto Benito",2004,Grandeza Azulgrana,Fiscalizadora,,NO
JULIO PASSARELLI,"Passarelli, Julio",2001,Unidos por San Lorenzo,Comisión Directiva,Intendente,SI
JORGE SABATER SAVERIO,"Sabater, Jorge Saverio",2001,Nuevo Rumbo Sanlorencista,Comisión Directiva,Intendente,NO
BERNAL JOSE LUIS,"Bernal, Jose Luis",2001,La Casa del Vitalicio,Comisión Directiva,Intendente,NO
DODARO ERNESTO,"Dodaro, Ernesto",2001,Nuevo Rumbo Sanlorencista,Comisión Directiva,Pro-Tesorero,NO
DODARO ERNESTO,"Dodaro, Ernesto",1986,Nuevo Rumbo Sanlorencista,Comisión Directiva,Pro-Tesorero,SI
DODARO ERNESTO,"Dodaro, Ernesto",2004,De Nuevo San Lorenzo,Fiscalizadora,,NO
ALIANO RICARDO SERGIO,"Aliano, Sergio Ricardo",2001,La Casa del Vitalicio,Comisión Directiva,Pro-Tesorero,NO
BERNARSCHINA HECTOR,"Bernarschina, Hector",2001,Unidos por San Lorenzo,Comisión Directiva,Sub-Intendente,SI
BERNARSCHINA HECTOR,"Bernarschina, Hector",2007,Unidos por San Lorenzo,Comisión Directiva,,NO
BERNARSCHINA HECTOR,"Bernarschina, Hector",2004,Unidos por San Lorenzo,Comisión Directiva,,SI
DIAZ JOSE JUAN,"Diaz, Juan Jose",2001,La Casa del Vitalicio,Comisión Directiva,Vocal 2,NO
GRINBERG ISAIAS RAUL,"Grinberg, Raul Isaias",2001,La Casa del Vitalicio,Comisión Directiva,Vocal 3,NO
LANATA RODOLFO,"Lanata, Rodolfo",2001,Nuevo Rumbo Sanlorencista,Comisión Directiva,Vocal 4,NO
EZEIZA MARCELO OSCAR,"Ezeiza, Marcelo Oscar",2001,La Casa del Vitalicio,Comisión Directiva,Vocal 6,NO
ENRIQUE GONZALEZ,"Gonzalez, Enrique",2001,Unidos por San Lorenzo,Comisión Directiva,Vocal 7,NO
CASTRO JOSE,"Castro, Jose",2001,Nuevo Rumbo Sanlorencista,Comisión Directiva,Vocal 7,NO
CASTRO JOSE,"Castro, Jose",1974,Resurgimiento Sanlorencista,Fiscalizadora,,SI
PIETRUSEWICZ RICARDO,"Pietrusewicz, Ricardo",2001,La Casa del Vitalicio,Comisión Directiva,Vocal 7,NO
ALBERTO CASTRO CURSI JOSE,"Cursi Castro, Alberto Jose",2001,Unidad Azulgrana,Comisión Directiva,Vocal 9,NO
AUGUSTO GRILLO MARIANO,"Grillo, Mariano Augusto",2001,La Casa del Vitalicio,Comisión Directiva,Vocal 9,NO
ADOLFO BOTTE,"Botte, Adolfo",2001,Unidos por San Lorenzo,Comisión Directiva,Vocal 10,NO
CARLOS MONTI,"Monti, Carlos",2001,Nuevo Rumbo Sanlorencista,Comisión Directiva,Vocal 10,NO
MANUEL ROBERTO TEVES,"Teves, Manuel Roberto",2001,Unidad Azulgrana,Comisión Directiva,Vocal 10,NO
HECTOR RODRIGUEZ,"Rodriguez, Hector",2001,La Casa del Vitalicio,Comisión Directiva,Vocal 10,NO
DANIEL GONZALEZ,"Gonzalez, Daniel",2001,Unidos por San Lorenzo,Comisión Directiva,Vocal 11,NO
GASTON SCHISANO,"Schisano, Gaston",2001,Nuevo Rumbo Sanlorencista,Comisión Directiva,Vocal 11,NO
AMOR GONZALEZ HECTOR,"Gonzalez, Amor Hector",2001,Unidad Azulgrana,Comisión Directiva,Vocal 11,NO
CAETANO MARIA TABOAS,"Taboas Caetano, Maria",2001,La Casa del Vitalicio,Comisión Directiva,Vocal 11,NO
FERRARI JUAN,"Ferrari, Juan",2001,Unidos por San Lorenzo,Asamblea,1,SI
FERRARI JUAN,"Ferrari, Juan",1986,Movimiento de Reconstruccion Sanlorencista,Comisión Directiva,Vocal 10,NO
ANTONIO ARMESTO,"Armesto, Antonio",2001,Unidad Azulgrana,Asamblea,4,SI
ANTONIO ARMESTO,"Armesto, Antonio",1998,San Lorenzo para Todos,Comisión Directiva,,SI
CALLEGARI JULIO,"Callegari, Julio",2001,Unidos por San Lorenzo,Asamblea,6,SI
GALEAZZO VICENTE,"Galeazzo, Vicente",2001,Unidad Azulgrana,Asamblea,6,NO
FERNANDEZ JUAN PETTINATO,"Fernandez Pettinato, Juan",2001,Unidad Azulgrana,Asamblea,7,SI
CARBAJO PABLO,"Carbajo, Pablo",2001,Unidos por San Lorenzo,Asamblea,8,SI
CARBAJO PABLO,"Carbajo, Pablo",1986,Movimiento de Reconstruccion Sanlorencista,Asamblea,8,SI
CARLOS POLICASTRO,"Policastro, Carlos",2001,Unidos por San Lorenzo,Asamblea,10,SI
FERNANDEZ GUILLERMO,"Fernandez, Guillermo",2001,Unidos por San Lorenzo,Asamblea,12,SI
ABDEL MENEHEM,"Menehem, Abdel",2001,Unidos por San Lorenzo,Asamblea,19,SI
ABDEL MENEHEM,"Menehem, Abdel",1983 (LISTA DE UNIDAD),Lista de Unidad,Comisión Directiva,,SI
PERRONE RAFAEL,"Perrone, Rafael",2001,Unidos por San Lorenzo,Asamblea,22,SI
PERRONE RAFAEL,"Perrone, Rafael",1989,Frederesa,Asamblea,7,SI
PERRONE RAFAEL,"Perrone, Rafael",1974,Resurgimiento Sanlorencista,Comisión Directiva,,SI
PERRONE RAFAEL,"Perrone, Rafael",1969,Lista de Unidad,Comisión Directiva,,SI
ENZO ZOPPI,"Zoppi, Enzo",2001,Unidos por San Lorenzo,Asamblea,25,SI
ENZO ZOPPI,"Zoppi, Enzo",1982 (LISTA DE UNIDAD),Lista de Unidad,Comisión Directiva,,SI
BILBAO MARIA,"Bilbao, Maria",2001,Unidos por San Lorenzo,Asamblea,30,SI
BILBAO MARIA,"Bilbao, Maria",1986,Movimiento de Reconstruccion Sanlorencista,Asamblea,17,SI
DERMINJIAN EDUARDO,"Derminjian, Eduardo",2001,Unidos por San Lorenzo,Asamblea,31,SI
DERMINJIAN EDUARDO,"Derminjian, Eduardo",1986,Movimiento de Reconstruccion Sanlorencista,Asamblea,19,SI
ANTONIO BUCCINO,"Buccino, Antonio",2001,Unidos por San Lorenzo,Asamblea,32,SI
ANTONIO BUCCINO,"Buccino, Antonio",1986,Movimiento de Reconstruccion Sanlorencista,Comisión Directiva,Vocal 8,NO
ALBERTO DE LUCCA,"De Lucca, Alberto",2001,Unidos por San Lorenzo,Asamblea,35,SI
ALBERTO DE LUCCA,"De Lucca, Alberto",1986,Movimiento de Reconstruccion Sanlorencista,Asamblea,18,SI
DI GREGORIO JORGE,"Di Gregorio, Jorge",2001,Unidos por San Lorenzo,Asamblea,41,NO
CARLOS GUGLIETTI JUAN,"Guglietti, Juan Carlos",1989,Frederesa,Comisión Directiva,Presidente,SI
CARLOS GUGLIETTI JUAN,"Guglietti, Juan Carlos",1983 (LISTA DE UNIDAD),Lista de Unidad,Comisión Directiva,,SI
CARLOS GUGLIETTI JUAN,"Guglietti, Juan Carlos",1982 (LISTA DE UNIDAD),Lista de Unidad,Comisión Directiva,,SI
MANUEL VARELA,"Varela, Manuel",1989,Nuevo Rumbo Sanlorencista,Comisión Directiva,Vice-Presidente,SI
ALFONSO MILLAN,"Millan, Alfonso",1989,Frederesa,Comisión Directiva,Vice-Presidente,SI
BREA JORGE MARIO,"Brea, Mario Jorge",1989,Frederesa,Comisión Directiva,Intendente,NO
FRAGA JOSE MANUEL,"Fraga, Jose Manuel",1989,Nuevo Rumbo Sanlorencista,Comisión Directiva,Pro-Secretario,SI
FRAGA JOSE MANUEL,"Fraga, Jose Manuel",1986,Nuevo Rumbo Sanlorencista,Asamblea,20,SI
FRAGA JOSE MANUEL,"Fraga, Jose Manuel",1982 (LISTA DE UNIDAD),Lista de Unidad,Comisión Directiva,,SI
FRANCISCO MAZZA,"Mazza, Francisco",1989,Frederesa,Comisión Directiva,Pro-Secretario,NO
FRANCISCO MAZZA,"Mazza, Francisco",1978,Lista de Unidad,Comisión Directiva,,SI
FRANCISCO MAZZA,"Mazza, Francisco",1969,Lista de Unidad,Comisión Directiva,,SI
ADAMEZ RUBEN,"Adamez, Ruben",1989,Nuevo Rumbo Sanlorencista,Comisión Directiva,Pro-Tesorero,SI
ALBERTO BALDIZZONE OSVALDO,"Baldizzone, Alberto Osvaldo",1989,Frederesa,Comisión Directiva,Pro-Tesorero,NO
BERNAL NESTOR,"Bernal, Nestor",1989,Nuevo Rumbo Sanlorencista,Comisión Directiva,Sub-Intendente,SI
ALBERTO CARLOS GARAVAGLIA,"Garavaglia, Carlos Alberto",1989,Frederesa,Comisión Directiva,Sub-Intendente,NO
ALBERTO CARLOS GARAVAGLIA,"Garavaglia, Carlos Alberto",1978,Lista de Unidad,Comisión Directiva,,SI
ALBERTO CARLOS SACCAN,"Saccan, Carlos Alberto",1989,Frederesa,Comisión Directiva,Vocal 1,NO
ANTONIO BUZZO MAXIMO,"Buzzo, Maximo Antonio",1989,Frederesa,Comisión Directiva,Vocal 2,NO
LEANDRO REY SALVADOR,"Rey, Leandro Salvador",1989,Frederesa,Comisión Directiva,Vocal 3,NO
JUAN MOLINA,"Molina, Juan",1989,Frederesa,Comisión Directiva,Vocal 4,NO
CARLOS GARCIA JOSE,"Garcia, Carlos Jose",1989,Frederesa,Comisión Directiva,Vocal 5,NO
CARLOS GARCIA JOSE,"Garcia, Carlos Jose",1986,Movimiento de Reconstruccion Sanlorencista,Comisión Directiva,Vocal 11,NO
ATILIO JOSE PALETTA,"Paletta, Jose Atilio",1989,Nuevo Rumbo Sanlorencista,Comisión Directiva,Vocal 6,SI
ATILIO JOSE PALETTA,"Paletta, Jose Atilio",1986,Nuevo Rumbo Sanlorencista,Comisión Directiva,Vocal 7,NO
OSVALDO OTTURI,"Otturi, Osvaldo",1989,Frederesa,Comisión Directiva,Vocal 7,NO
ALBERTO DANIEL MAGLIULO,"Magliulo, Daniel Alberto",1989,Frederesa,Comisión Directiva,Vocal 8,NO
DANIEL MOLL,"Moll, Daniel",1989,Nuevo Rumbo Sanlorencista,Comisión Directiva,Vocal 9,NO
ANTONIO SIMONELLI,"Simonelli, Antonio",1989,Frederesa,Comisión Directiva,Vocal 9,NO
ANTONIO SIMONELLI,"Simonelli, Antonio",1983 (LISTA DE UNIDAD),Lista de Unidad,Comisión Directiva,,SI
ANTONIO SIMONELLI,"Simonelli, Antonio",1982 (LISTA DE UNIDAD),Lista de Unidad,Comisión Directiva,,SI
RODOLFO SANTIAGO TASSANO,"Tassano, Rodolfo Santiago",1989,Frederesa,Comisión Directiva,Vocal 10,NO
EVELIO PEDRO TAYES,"Tayes, Pedro Evelio",1989,Frederesa,Comisión Directiva,Vocal 11,NO
CARLOS ERNESTO URE,"Ure, Carlos Ernesto",1989,Frederesa,Asamblea,1,SI
DENTE HUGO LUIS,"Dente, Hugo Luis",1989,Nuevo Rumbo Sanlorencista,Asamblea,2,SI
DENTE HUGO LUIS,"Dente, Hugo Luis",1986,Nuevo Rumbo Sanlorencista,Comisión Directiva,Pro-Secretario,SI
DENTE HUGO LUIS,"Dente, Hugo Luis",1982 (LISTA DE UNIDAD),Lista de Unidad,Comisión Directiva,,SI
DENTE HUGO LUIS,"Dente, Hugo Luis",1980,Lista Blanca Opositora,Comisión Directiva,,SI
DENTE HUGO LUIS,"Dente, Hugo Luis",1971,Resurgimiento Sanlorencista,Comisión Directiva,,SI
CASTRO JOSE MANUEL,"Castro, Jose Manuel",1989,Frederesa,Asamblea,2,SI
ABEL MADEIRA,"Madeira, Abel",1989,Nuevo Rumbo Sanlorencista,Asamblea,3,SI
ABEL MADEIRA,"Madeira, Abel",1986,Nuevo Rumbo Sanlorencista,Asamblea,32,SI
ALBERTO OLMO,"Olmo, Alberto",1989,Frederesa,Asamblea,3,SI
ALBERTO OLMO,"Olmo, Alberto",1983 (LISTA DE UNIDAD),Lista de Unidad,Comisión Directiva,,SI
ALBERTO OLMO,"Olmo, Alberto",1974,Resurgimiento Sanlorencista,Comisión Directiva,,SI
MIGUEL PAPPACENA RUBEN,"Pappacena, Ruben Miguel",1989,Frederesa,Asamblea,4,SI
MIGUEL PAPPACENA RUBEN,"Pappacena, Ruben Miguel",1983 (LISTA DE UNIDAD),Lista de Unidad,Comisión Directiva,,SI
CARLOS DOGODA JORGE,"Dogoda, Jorge Carlos",1989,Nuevo Rumbo Sanlorencista,Asamblea,5,SI
CARLOS DOGODA JORGE,"Dogoda, Jorge Carlos",1986,Nuevo Rumbo Sanlorencista,Asamblea,7,SI
ANGEL OSVALDO POMBO,"Pombo, Osvaldo Angel",1989,Frederesa,Asamblea,5,SI
JUAN NAVARRO ROBERTO,"Navarro, Roberto Juan",1989,Nuevo Rumbo Sanlorencista,Asamblea,6,SI
JUAN NAVARRO ROBERTO,"Navarro, Roberto Juan",1986,Nuevo Rumbo Sanlorencista,Comisión Directiva,Intendente,NO
FRANCISCO ORCOYEN,"Orcoyen, Francisco",1989,Frederesa,Asamblea,6,SI
FRANCISCO ORCOYEN,"Orcoyen, Francisco",1986,Movimiento de Reconstruccion Sanlorencista,Fiscalizadora,3,NO
FRANCISCO ORCOYEN,"Orcoyen, Francisco",1971,Resurgimiento Sanlorencista,Comisión Directiva,,SI
GONZALEZ LUIS PEREIRA,"Gonzalez Pereira, Luis",1989,Nuevo Rumbo Sanlorencista,Asamblea,8,SI
GONZALEZ LUIS PEREIRA,"Gonzalez Pereira, Luis",1986,Nuevo Rumbo Sanlorencista,Comisión Directiva,Sub-Intendente,SI
LUIS NOVELLINO RAMON,"Novellino, Luis Ramon",1989,Frederesa,Asamblea,8,SI
ANTONIO DE JOSE NIGRIS,"De Nigris, Jose Antonio",1989,Frederesa,Asamblea,9,SI
BARRATO CARMELO LUIS,"Barrato, Carmelo Luis",1989,Frederesa,Asamblea,11,SI
ARGENTINO COBEAGA HORACIO,"Cobeaga, Horacio Argentino",1989,Frederesa,Asamblea,12,SI
GREGORIO GRINBERG,"Grinberg, Gregorio",1989,Nuevo Rumbo Sanlorencista,Asamblea,13,SI
GREGORIO GRINBERG,"Grinberg, Gregorio",1986,Nuevo Rumbo Sanlorencista,Asamblea,21,SI
FERUGLIO PEDRO,"Feruglio, Pedro",1989,Nuevo Rumbo Sanlorencista,Asamblea,14,SI
FERUGLIO PEDRO,"Feruglio, Pedro",1986,Nuevo Rumbo Sanlorencista,Asamblea,16,SI
ALDO VICENZI,"Vicenzi, Aldo",1989,Nuevo Rumbo Sanlorencista,Asamblea,15,SI
CAINZOS ORLANDO,"Cainzos, Orlando",1989,Frederesa,Asamblea,15,NO
ANTONIO GARCIA MANUEL,"Garcia, Manuel Antonio",1989,Nuevo Rumbo Sanlorencista,Asamblea,16,SI
CARLOS GARCIA SIMON,"Garcia, Carlos Simon",1989,Frederesa,Asamblea,17,NO
ALBERTO CARLOS VAQUEIRO,"Vaqueiro, Carlos Alberto",1989,Frederesa,Asamblea,20,NO
GERETTO OSVALDO,"Geretto, Osvaldo",1989,Frederesa,Asamblea,21,NO
GERETTO OSVALDO,"Geretto, Osvaldo",Tribunal de Honor 1998-2002,(Sin datos),Tribunal de Ética,Miembro,SI
GERETTO OSVALDO,"Geretto, Osvaldo",Tribunal de Honor 1993-1998,(Sin datos),Tribunal de Ética,Miembro,SI
GERETTO OSVALDO,"Geretto, Osvaldo",Tribunal de Honor 1990-1993,(Sin datos),Tribunal de Ética,Miembro,SI
ENRIQUE IANNI RICARDO,"Ianni, Ricardo Enrique",1989,Nuevo Rumbo Sanlorencista,Asamblea,22,SI
ALFONSO FRAGUIO JOSE,"Fraguio, Alfonso Jose",1989,Frederesa,Asamblea,22,NO
ALBERTO BENTIVENGA JORGE,"Bentivenga, Jorge Alberto",1989,Nuevo Rumbo Sanlorencista,Asamblea,23,SI
ALBERTO BENTIVENGA JORGE,"Bentivenga, Jorge Alberto",1986,Nuevo Rumbo Sanlorencista,Comisión Directiva,Vocal 9,NO
LAPADULA VICENTE,"Lapadula, Vicente",1989,Frederesa,Asamblea,23,NO
LAPADULA VICENTE,"Lapadula, Vicente",1969,Lista de Unidad,Comisión Directiva,,SI
ALBERTO BOUZAS CAMILO,"Bouzas, Camilo Alberto",1989,Nuevo Rumbo Sanlorencista,Asamblea,24,SI
ALBERTO BOUZAS CAMILO,"Bouzas, Camilo Alberto",1986,Nuevo Rumbo Sanlorencista,Asamblea,25,SI
DE E HERNANDO M MOSQUEIRA,"""Hernando de Mosqueira, E. M""",1989,Frederesa,Asamblea,24,NO
ABELARDO MACHUCA TOMAS,"Machuca, Abelardo Tomas",1989,Nuevo Rumbo Sanlorencista,Asamblea,25,SI
ALBERTO ANTONIO CASCARDO,"Cascardo, Antonio Alberto",1989,Frederesa,Asamblea,25,NO
IANELLI OSVALDO RUBEN,"Ianelli, Ruben Osvaldo",1989,Nuevo Rumbo Sanlorencista,Asamblea,26,SI
ERNESTO FRANCISCO ROMEO,"Romeo, Francisco Ernesto",1989,Frederesa,Asamblea,26,NO
BRUNO CAMPOROTONDO ITALO,"Camporotondo, Italo Bruno",1989,Nuevo Rumbo Sanlorencista,Asamblea,27,SI
BRUNO CAMPOROTONDO ITALO,"Camporotondo, Italo Bruno",1986,Nuevo Rumbo Sanlorencista,Comisión Directiva,Vocal 4,SI
BLANCO HECTOR,"Blanco, Hector",1989,Frederesa,Asamblea,27,NO
GUILLERMO RAPOSO,"Raposo, Guillermo",1989,Frederesa,Asamblea,28,NO
CUCELI MIGUEL NATALIO,"Cuceli, Natalio Miguel",1989,Frederesa,Asamblea,29,NO
ANGEL NICOLAS REAL,"Real, Nicolas Angel",1989,Nuevo Rumbo Sanlorencista,Asamblea,30,SI
ANGEL NICOLAS REAL,"Real, Nicolas Angel",1986,Nuevo Rumbo Sanlorencista,Asamblea,24,SI
AGUSTI ISER OSCAR,"Agusti, Oscar Iser",1989,Frederesa,Asamblea,30,NO
BONOMO JORGE ROQUE,"Bonomo, Jorge Roque",1989,Nuevo Rumbo Sanlorencista,Asamblea,31,SI
BONOMO JORGE ROQUE,"Bonomo, Jorge Roque",1986,Nuevo Rumbo Sanlorencista,Asamblea,37,NO
BALDIZZONE DE DONATO O Z,"""Baldizzone de Donato, O. Z""",1989,Frederesa,Asamblea,31,NO
DOLCE ROBERTO,"Dolce, Roberto",1989,Nuevo Rumbo Sanlorencista,Asamblea,32,SI
DOLCE ROBERTO,"Dolce, Roberto",1986,Nuevo Rumbo Sanlorencista,Asamblea,38,NO
DIAZ OMAR SIXTO,"Diaz, Omar Sixto",1989,Frederesa,Asamblea,32,NO
ALBERTO BRUNO,"Bruno, Alberto",1989,Nuevo Rumbo Sanlorencista,Asamblea,33,SI
ALBERTO BRUNO,"Bruno, Alberto",1986,Nuevo Rumbo Sanlorencista,Asamblea,4,SI
HECTOR LOSINO OSVALDO,"Losino, Hector Osvaldo",1989,Frederesa,Asamblea,33,NO
ANTONIO SALVADOR SOLUCIO,"Solucio, Antonio Salvador",1989,Frederesa,Asamblea,34,NO
MARCOS OSCAR,"Marcos, Oscar",1989,Nuevo Rumbo Sanlorencista,Asamblea,35,SI
MARCOS OSCAR,"Marcos, Oscar",1986,Nuevo Rumbo Sanlorencista,Asamblea,,NO
BENEDETTO DI GENARO,"Di Benedetto, Genaro",1989,Frederesa,Asamblea,35,NO
ALBERTO DE LUCA LUIS,"De Luca, Alberto Luis",1989,Frederesa,Asamblea,36,NO
MASCI OMAR,"Masci, Omar",1989,Nuevo Rumbo Sanlorencista,Asamblea,37,SI
MASCI OMAR,"Masci, Omar",1986,Nuevo Rumbo Sanlorencista,Asamblea,47,NO
ALBERTO JOSE VANZINI,"Vanzini, Jose Alberto",1989,Frederesa,Asamblea,37,NO
FIURATTI OMAR,"Fiuratti, Omar",1989,Nuevo Rumbo Sanlorencista,Asamblea,38,SI
ALBERTO ANTONIO PAGANO,"Pagano, Antonio Alberto",1989,Frederesa,Asamblea,38,NO
IUDICA JORGE ROBERTO,"Iudica, Jorge Roberto",1989,Nuevo Rumbo Sanlorencista,Asamblea,39,SI
BERNARDO TOMAS,"Tomas, Bernardo",1989,Frederesa,Asamblea,39,NO
JORGE LEOZ NESTOR,"Leoz, Nestor Jorge",1989,Nuevo Rumbo Sanlorencista,Asamblea,40,SI
CELSO GARCIA REY,"Rey, Celso Garcia",1989,Frederesa,Asamblea,40,NO
DI HECTOR SALVI,"Di Salvi, Hector",1989,Nuevo Rumbo Sanlorencista,Asamblea,41,SI
ARTURO BLASI ROBERTO,"Blasi, Arturo Roberto",1989,Frederesa,Asamblea,41,NO
JOSE MADEIRA,"Madeira, Jose",1989,Nuevo Rumbo Sanlorencista,Asamblea,42,NO
JOSE MADEIRA,"Madeira, Jose",2004,Grandeza Azulgrana,Fiscalizadora,,NO
EDUARDO JORGE LAPADULA,"Lapadula, Eduardo Jorge",1989,Frederesa,Asamblea,42,NO
ANIBAL COSTANZO ROGELIO,"Costanzo, Rogelio Anibal",1989,Frederesa,Asamblea,43,NO
ANIBAL COSTANZO ROGELIO,"Costanzo, Rogelio Anibal",1974,Frente de Reconstruccion Sanlorencista,Comisión Directiva,,SI
ANIBAL COSTANZO ROGELIO,"Costanzo, Rogelio Anibal",1966 (LISTA DE UNIDAD),Lista de Unidad,Comisión Directiva,,SI
PELLIZER ROBERTO,"Pellizer, Roberto",1989,Nuevo Rumbo Sanlorencista,Asamblea,44,NO
ALFREDO CASCARDO SANTOS,"Santos Cascardo, Alfredo",1989,Frederesa,Asamblea,44,NO
DANIEL HECTOR SIMONELLI,"Simonelli, Hector Daniel",1989,Frederesa,Asamblea,45,NO
ALFREDO CARBALLO,"Carballo, Alfredo",1989,Nuevo Rumbo Sanlorencista,Asamblea,46,SI
ARMANDO FERNANDEZ IBER,"Fernandez, Armando Iber",1989,Frederesa,Asamblea,46,NO
ALBERTI HUGO SANTIAGO,"Alberti, Hugo Santiago",1989,Frederesa,Asamblea,47,NO
HOMERO SOCASTRO,"Socastro, Homero",1989,Nuevo Rumbo Sanlorencista,Asamblea,48,SI
BERMEJO TOMAS,"Bermejo, Tomas",1989,Frederesa,Asamblea,48,NO
DONATO NESTOR OMAR,"Donato, Nestor Omar",1989,Frederesa,Asamblea,49,NO
ANTONIO PASSARINI,"Passarini, Antonio",1989,Nuevo Rumbo Sanlorencista,Asamblea,50,SI
AGUILERA OSCAR RUBEN,"Aguilera, Ruben Oscar",1989,Frederesa,Asamblea,50,NO
PASCUAL PUNTORIERO,"Puntoriero, Pascual",1989,Nuevo Rumbo Sanlorencista,Asamblea,51,NO
ANTONIO FARAGASSO JORGE,"Faragasso, Jorge Antonio",1989,Frederesa,Asamblea,51,NO
ANTONIO DOSDOGRAYAN,"Dosdograyan, Antonio",1989,Frederesa,Asamblea,52,NO
ANTONIO DOSDOGRAYAN,"Dosdograyan, Antonio",1982 (LISTA DE UNIDAD),Lista de Unidad,Comisión Directiva,,SI
BRUNO CONTE DE ELSA,"Conte de Bruno, Elsa",1989,Nuevo Rumbo Sanlorencista,Asamblea,53,NO
FERRANTE JOSE JUAN,"Ferrante, Juan Jose",1989,Frederesa,Asamblea,53,NO
BARBARO ELIAS,"Barbaro, Elias",1989,Nuevo Rumbo Sanlorencista,Asamblea,54,NO
JUAN PATRIKIADIS,"Patrikiadis, Juan",1989,Frederesa,Asamblea,54,NO
ANTONIO PACENZA,"Pacenza, Antonio",1989,Frederesa,Asamblea,55,NO
COSCARELLI HORACIO,"Coscarelli, Horacio",1989,Nuevo Rumbo Sanlorencista,Asamblea,56,NO
COSCARELLI HORACIO,"Coscarelli, Horacio",1986,Nuevo Rumbo Sanlorencista,Asamblea,51,NO
COSCARELLI HORACIO,"Coscarelli, Horacio",1963,Orden y Progreso,Comisión Directiva,,SI
ALFREDO FREGA,"Frega, Alfredo",1989,Frederesa,Asamblea,56,NO
ALFREDO FREGA,"Frega, Alfredo",1983 (LISTA DE UNIDAD),Lista de Unidad,Comisión Directiva,,SI
ALFREDO FREGA,"Frega, Alfredo",1971,Resurgimiento Sanlorencista,Comisión Directiva,,SI
FERNANDO JOSE VIETRI,"Vietri, Jose Fernando",1989,Nuevo Rumbo Sanlorencista,Asamblea,57,NO
FERNANDO JOSE VIETRI,"Vietri, Jose Fernando",1986,Nuevo Rumbo Sanlorencista,Asamblea,60,NO
FRANCISCO SPAMPINATO,"Spampinato, Francisco",1989,Frederesa,Asamblea,57,NO
ANGELICA BEATRIZ DE GUERRA NIETO,"Guerra de Nieto, Angelica Beatriz",1989,Nuevo Rumbo Sanlorencista,Asamblea,58,NO
FELIX OLIVERA,"Olivera, Felix",1989,Frederesa,Asamblea,58,NO
DOMINGO PALADINO,"Paladino, Domingo",1989,Nuevo Rumbo Sanlorencista,Asamblea,59,NO
SANTIAGO STAROPOLI,"Staropoli, Santiago",1989,Frederesa,Asamblea,59,NO
GUILLERMO OSCAR ROMANO,"Romano, Oscar Guillermo",1989,Nuevo Rumbo Sanlorencista,Asamblea,60,NO
ALFREDO LANTARON,"Lantaron, Alfredo",1986,Nuevo Rumbo Sanlorencista,Comisión Directiva,Vice-Presidente 2º,SI
ALFREDO LANTARON,"Lantaron, Alfredo",1982 (LISTA DE UNIDAD),Lista de Unidad,Comisión Directiva,,SI
RIESCO ROBERTO,"Riesco, Roberto",1986,Nuevo Rumbo Sanlorencista,Comisión Directiva,Secretario,SI
RIESCO ROBERTO,"Riesco, Roberto",1982 (LISTA DE UNIDAD),Lista de Unidad,Comisión Directiva,,SI
JOSE MONTES,"Montes, Jose",1986,Movimiento de Reconstruccion Sanlorencista,Comisión Directiva,Vocal 1,SI
ALBERTO CARLOS SACAAN,"Sacaan, Carlos Alberto",1986,Movimiento de Reconstruccion Sanlorencista,Comisión Directiva,Vocal 2,NO
ELIAS JOSE LOPEZ,"Lopez, Elias Jose",1986,Nuevo Rumbo Sanlorencista,Comisión Directiva,Vocal 3,SI
OSVALDO STANCATO,"Stancato, Osvaldo",1986,Movimiento de Reconstruccion Sanlorencista,Comisión Directiva,Vocal 3,NO
GARCIA OMAR,"Garcia, Omar",1986,Movimiento de Reconstruccion Sanlorencista,Comisión Directiva,Vocal 4,NO
DE MIGUEL PEDRO,"De Miguel, Pedro",1986,Nuevo Rumbo Sanlorencista,Comisión Directiva,Vocal 5,SI
DE MIGUEL PEDRO,"De Miguel, Pedro",2013,Volver a San Lorenzo,Fiscalizadora,,NO
DE MIGUEL PEDRO,"De Miguel, Pedro",2007,Unidos por San Lorenzo,Fiscalizadora,,SI
DE MIGUEL PEDRO,"De Miguel, Pedro",2004,Unidos por San Lorenzo,Fiscalizadora,,SI
DE MIGUEL PEDRO,"De Miguel, Pedro",2001,Unidos por San Lorenzo,Fiscalizadora,,SI
FLORENCIO PEREYRA,"Pereyra, Florencio",1986,Movimiento de Reconstruccion Sanlorencista,Comisión Directiva,Vocal 5,SI
OSCAR RODRIGUEZ,"Rodriguez, Oscar",1986,Nuevo Rumbo Sanlorencista,Comisión Directiva,Vocal 6,SI
MARCELO PACIFICO,"Pacifico, Marcelo",1986,Movimiento de Reconstruccion Sanlorencista,Comisión Directiva,Vocal 6,NO
FERNANDO GALINO,"Galiño, Fernando",1986,Movimiento de Reconstruccion Sanlorencista,Comisión Directiva,Vocal 7,NO
FRANCISCO HECTOR SABATELLI,"Sabatelli, Hector Francisco",1986,Nuevo Rumbo Sanlorencista,Comisión Directiva,Vocal 8,NO
COLONNO HECTOR,"Colonno, Hector",1986,Movimiento de Reconstruccion Sanlorencista,Comisión Directiva,Vocal 9,NO
COMI JOSE,"Comi, Jose",1986,Nuevo Rumbo Sanlorencista,Comisión Directiva,Vocal 11,NO
BALDICH DE FERNANDO,"De Baldich, Fernando",1986,Movimiento de Reconstruccion Sanlorencista,Asamblea,1,SI
DOMINGUEZ RAMON,"Dominguez, Ramon",1986,Nuevo Rumbo Sanlorencista,Asamblea,2,SI
DOMINGUEZ RAMON,"Dominguez, Ramon",Tribunal de Honor 1984-1990,(Sin datos),Tribunal de Ética,Miembro,SI
LIBORIO PUPILLO,"Pupillo, Liborio",1986,Movimiento de Reconstruccion Sanlorencista,Asamblea,2,SI
DANIEL LAMMENS NESTOR,"Lammens, Nestor Daniel",1986,Movimiento de Reconstruccion Sanlorencista,Asamblea,3,SI
DANIEL LAMMENS NESTOR,"Lammens, Nestor Daniel",1983 (LISTA DE UNIDAD),Lista de Unidad,Comisión Directiva,,SI
HECTOR LAVANDEIRA,"Lavandeira, Hector",1986,Movimiento de Reconstruccion Sanlorencista,Asamblea,4,SI
AMALIA MERCEDES WALLACES,"Wallaces, Amalia Mercedes",1986,Nuevo Rumbo Sanlorencista,Asamblea,6,SI
JOSE VEIGA,"Veiga, Jose",1986,Nuevo Rumbo Sanlorencista,Asamblea,9,SI
DOMINGUEZ RAMIRO,"Dominguez, Ramiro",1986,Movimiento de Reconstruccion Sanlorencista,Asamblea,10,SI
DOMINGO LIBEATO,"Libeato, Domingo",1986,Movimiento de Reconstruccion Sanlorencista,Asamblea,12,NO
FRANCISCO LUIS SCORZELLI,"Scorzelli, Francisco Luis",1986,Nuevo Rumbo Sanlorencista,Asamblea,13,SI
ALDO VINCENZI,"Vincenzi, Aldo",1986,Nuevo Rumbo Sanlorencista,Asamblea,14,SI
GARCIA MANUEL,"Garcia, Manuel",1986,Nuevo Rumbo Sanlorencista,Asamblea,15,SI
PIETRAPESA VICTOR,"Pietrapesa, Victor",1986,Movimiento de Reconstruccion Sanlorencista,Asamblea,15,SI
CARLOS ILLARA,"Illara, Carlos",1986,Movimiento de Reconstruccion Sanlorencista,Asamblea,16,SI
FRANCISCO MAZZEO,"Mazzeo, Francisco",1986,Movimiento de Reconstruccion Sanlorencista,Asamblea,20,SI
CHIARELLO ROBERTO,"Chiarello, Roberto",1986,Movimiento de Reconstruccion Sanlorencista,Asamblea,21,SI
JUAN RAUL WEIS,"Weis, Juan Raul",1986,Nuevo Rumbo Sanlorencista,Asamblea,22,SI
CARLOS GIBERTONI,"Gibertoni, Carlos",1986,Movimiento de Reconstruccion Sanlorencista,Asamblea,22,SI
ROBERTO SPINA,"Spina, Roberto",1986,Nuevo Rumbo Sanlorencista,Asamblea,23,SI
AGUERO AGUSTIN SOLANAS,"Solanas Aguero, Agustin",1986,Movimiento de Reconstruccion Sanlorencista,Asamblea,23,SI
ANOTNIO GANGILFO,"Gangilfo, Anotnio",1986,Movimiento de Reconstruccion Sanlorencista,Asamblea,24,SI
CARLOS OURINO,"Ourino, Carlos",1986,Movimiento de Reconstruccion Sanlorencista,Asamblea,25,SI
EDGARDO PANDULLO,"Pandullo, Edgardo",1986,Nuevo Rumbo Sanlorencista,Asamblea,26,SI
FRAIZ JUAN,"Fraiz, Juan",1986,Movimiento de Reconstruccion Sanlorencista,Asamblea,26,NO
HORACIO SAVINI,"Savini, Horacio",1986,Nuevo Rumbo Sanlorencista,Asamblea,27,SI
ABELARDO MACHUCA,"Machuca, Abelardo",1986,Nuevo Rumbo Sanlorencista,Asamblea,28,SI
CASAJUS JUAN,"Casajus, Juan",1986,Movimiento de Reconstruccion Sanlorencista,Asamblea,28,NO
IANELLI RUBEN,"Ianelli, Ruben",1986,Nuevo Rumbo Sanlorencista,Asamblea,29,SI
JORGE LARROCA,"Larroca, Jorge",1986,Movimiento de Reconstruccion Sanlorencista,Asamblea,29,NO
CARLOS LINDBERG,"Lindberg, Carlos",1986,Nuevo Rumbo Sanlorencista,Asamblea,30,SI
MANUEL SANCHEZ,"Sanchez, Manuel",1986,Movimiento de Reconstruccion Sanlorencista,Asamblea,30,NO
HORACIO SALAS,"Salas, Horacio",1986,Movimiento de Reconstruccion Sanlorencista,Asamblea,31,NO
ALBERTO LOPEZ,"Lopez, Alberto",1986,Movimiento de Reconstruccion Sanlorencista,Asamblea,32,NO
ALBERTO BERARDI,"Berardi, Alberto",1986,Movimiento de Reconstruccion Sanlorencista,Asamblea,33,NO
JUAN PUGLIESE,"Pugliese, Juan",1986,Nuevo Rumbo Sanlorencista,Asamblea,34,SI
GIMENEZ HECTOR,"Gimenez, Hector",1986,Movimiento de Reconstruccion Sanlorencista,Asamblea,34,NO
CARLOS DE JUAN MARCO NAZARENO,"De Marco, Juan Carlos Nazareno",1986,Nuevo Rumbo Sanlorencista,Asamblea,35,NO
ANTONIO MANTEO,"Manteo, Antonio",1986,Movimiento de Reconstruccion Sanlorencista,Asamblea,35,NO
DONINI JOSE JUAN,"Donini, Juan Jose",1986,Nuevo Rumbo Sanlorencista,Asamblea,36,SI
D DOMINGO ELIA,"D'Elia, Domingo",1986,Movimiento de Reconstruccion Sanlorencista,Asamblea,37,NO
ANGEL GALOTTO LUIS,"Galotto, Luis Angel",1986,Nuevo Rumbo Sanlorencista,Asamblea,39,NO
JUAN ORIOLO,"Oriolo, Juan",1986,Nuevo Rumbo Sanlorencista,Asamblea,40,NO
BUTTELER DELFIN,"Butteler, Delfin",1986,Movimiento de Reconstruccion Sanlorencista,Asamblea,40,NO
BRUNO CONTE DE ELSA LUISA,"Conte de Bruno, Luisa Elsa",1986,Nuevo Rumbo Sanlorencista,Asamblea,41,NO
MARATEA VICENTE,"Maratea, Vicente",1986,Movimiento de Reconstruccion Sanlorencista,Asamblea,41,NO
DAVEIRO EVARISTO,"Daveiro, Evaristo",1986,Nuevo Rumbo Sanlorencista,Asamblea,42,NO
DEL MANFREDI NICOLAS VALLE,"Manfredi, Nicolas del Valle",1986,Movimiento de Reconstruccion Sanlorencista,Asamblea,42,NO
DAVEIRO JUAN LUIS,"Daveiro, Luis Juan",1986,Nuevo Rumbo Sanlorencista,Asamblea,43,NO
JESUS VAZQUEZ,"Vazquez, Jesus",1986,Movimiento de Reconstruccion Sanlorencista,Asamblea,43,NO
ANTONIO SGANGA,"Sganga, Antonio",1986,Nuevo Rumbo Sanlorencista,Asamblea,44,NO
ANGEL MARIANI MIGUEL,"Mariani, Miguel Angel",1986,Nuevo Rumbo Sanlorencista,Asamblea,45,NO
CARAMES LUIS,"Carames, Luis",1986,Movimiento de Reconstruccion Sanlorencista,Asamblea,45,NO
ANGEL BARBAIRA OSCAR,"Barbaira, Oscar Angel",1986,Nuevo Rumbo Sanlorencista,Asamblea,46,NO
LUIS MORENO,"Moreno, Luis",1986,Movimiento de Reconstruccion Sanlorencista,Asamblea,46,NO
LORENZO RAMUS,"Ramus, Lorenzo",1986,Movimiento de Reconstruccion Sanlorencista,Asamblea,47,NO
ALBERTO CARLOS FIURATTI,"Fiuratti, Carlos Alberto",1986,Nuevo Rumbo Sanlorencista,Asamblea,48,NO
DANTE FAZZOLARIS,"fazzolaris, Dante",1986,Movimiento de Reconstruccion Sanlorencista,Asamblea,48,NO
CARMELO GNISCI JORIO,"Jorio Gnisci, Carmelo",1986,Nuevo Rumbo Sanlorencista,Asamblea,49,NO
ALBERTO CASSILS,"Cassils, Alberto",1986,Movimiento de Reconstruccion Sanlorencista,Asamblea,49,NO
BERTETA CESAR,"Berteta, Cesar",1986,Nuevo Rumbo Sanlorencista,Asamblea,50,NO
BENEDETTO DI GERARDO,"Di Benedetto, Gerardo",1986,Movimiento de Reconstruccion Sanlorencista,Asamblea,51,NO
CARLOS SCENNA,"Scenna, Carlos",1986,Nuevo Rumbo Sanlorencista,Asamblea,52,NO
ANTONIO VOLPE,"Volpe, Antonio",1986,Nuevo Rumbo Sanlorencista,Asamblea,53,NO
FANTANO RAUL,"Fantano, Raul",1986,Movimiento de Reconstruccion Sanlorencista,Asamblea,53,NO
ROQUE SCELSO,"Scelso, Roque",1986,Nuevo Rumbo Sanlorencista,Asamblea,54,NO
JULIO REZA,"Reza, Julio",1986,Movimiento de Reconstruccion Sanlorencista,Asamblea,54,NO
JUAN SUREDA,"Sureda, Juan",1986,Nuevo Rumbo Sanlorencista,Asamblea,55,NO
LUIS PLAZA,"Plaza, Luis",1986,Movimiento de Reconstruccion Sanlorencista,Asamblea,56,NO
ROMEO ROSSIELLI,"Rossielli, Romeo",1986,Nuevo Rumbo Sanlorencista,Asamblea,57,NO
HECTOR LODUCA,"Loduca, Hector",1986,Nuevo Rumbo Sanlorencista,Asamblea,58,NO
JOSE POCELLA,"Pocella, Jose",1986,Movimiento de Reconstruccion Sanlorencista,Asamblea,58,NO
PEDRO ZANARINI,"Zanarini, Pedro",1986,Nuevo Rumbo Sanlorencista,Asamblea,59,NO
ANGEL FERNANDEZ,"Fernandez, Angel",1986,Movimiento de Reconstruccion Sanlorencista,Asamblea,60,NO
ENRIQUE ESCOBAR,"Escobar, Enrique",1986,Nuevo Rumbo Sanlorencista,Fiscalizadora,1,SI
MARTIN ROBERTO,"Martin, Roberto",1986,Movimiento de Reconstruccion Sanlorencista,Fiscalizadora,1,SI
ALBERTO CARLOS DE SANTIS,"De Santis, Carlos Alberto",1986,Nuevo Rumbo Sanlorencista,Fiscalizadora,2,SI
CARLOS MONTALBAN,"Montalban, Carlos",1986,Movimiento de Reconstruccion Sanlorencista,Fiscalizadora,2,SI
CARLOS NORBERTO PAFUNDO,"Pafundo, Carlos Norberto",1986,Nuevo Rumbo Sanlorencista,Fiscalizadora,3,SI
MARIO PASCUAL RINALDI,"Pascual Rinaldi, Mario",1986,Nuevo Rumbo Sanlorencista,Fiscalizadora,4,NO
ALDO MORO,"Moro, Aldo",1986,Movimiento de Reconstruccion Sanlorencista,Fiscalizadora,4,NO
EDUARDO FACIAN RAMON,"Facian, Eduardo Ramon",1986,Nuevo Rumbo Sanlorencista,Fiscalizadora,5,NO
CARLOS MARELLO,"Marello, Carlos",1986,Movimiento de Reconstruccion Sanlorencista,Fiscalizadora,5,NO
ACOSTA GENSERICO,"Acosta, Genserico",1933,Lista Popular,Comisión Directiva,,NO
ADESO JOSE,"Adeso, Jose",1947,Fraccion Tradicional,Comisión Directiva,,SI
ADESSO GENARO,"Adesso, Genaro",1937,Orden y Progreso,Comisión Directiva,,SI
ADESSO LUIS,"Adesso, Luis",1935,Orden y Progreso,Comisión Directiva,,SI
ADESSO NICOLAS OSVALDO,"Adesso, Osvaldo Nicolas",1974,Frente de Reconstruccion Sanlorencista,Comisión Directiva,,NO
AGUIRRE RAUL,"Aguirre, Raul",1983 (LISTA DE UNIDAD),Lista de Unidad,Comisión Directiva,,SI
AGUIRRE RAUL,"Aguirre, Raul",1974,Frente de Reconstruccion Sanlorencista,Comisión Directiva,,NO
AJOLFI WALTER,"Ajolfi, Walter",1954,Fraccion Tradicional,Comisión Directiva,,SI
AJOLFI WALTER,"Ajolfi, Walter",1951,Fraccion Tradicional,Comisión Directiva,,SI
AJOLFI WALTER,"Ajolfi, Walter",1947,Fraccion Tradicional,Comisión Directiva,,SI
ALBANESI JOSE,"Albanesi, Jose",1951,Fraccion Tradicional,Comisión Directiva,,SI
ALBANO ROQUE,"Albano, Roque",1933,Lista Popular,Comisión Directiva,,NO
ALBORES MAXIMO,"Albores, Maximo",1949,Unidad Sanlorencista,Comisión Directiva,,SI
ALVAREZ GONZALEZ NICOLAS,"Alvarez Gonzalez, Nicolas",1957,Fraccion Tradicional,Comisión Directiva,,SI
ALVAREZ GONZALEZ NICOLAS,"Alvarez Gonzalez, Nicolas",1947,Fraccion Tradicional,Comisión Directiva,,SI
ALVAREZ OSCAR,"Alvarez, Oscar",1947,Fraccion Tradicional,Comisión Directiva,,SI
ALVAREZ PEDRO,"Alvarez, Pedro",1937,Orden y Progreso,Comisión Directiva,,SI
ALVAREZ PEDRO,"Alvarez, Pedro",1927,Lista Popular,Comisión Directiva,,SI
AMESPIL PATRICIO,"AMESPIL, PATRICIO",2022,Renovación Sanlorencista,Comisión Directiva,,NO
AMRBOSIO LENTINO,"Amrbosio, Lentino",1963,Orden y Progreso,Comisión Directiva,,SI
ANANN MOISES,"Anann, Moises",1978,Lista de Unidad,Comisión Directiva,,SI
ANDELSMAN RICARDO,"Andelsman, Ricardo",1982 (LISTA DE UNIDAD),Lista de Unidad,Comisión Directiva,,SI
ANDELSMAN RICARDO,"Andelsman, Ricardo",1980,Lista Blanca Opositora,Comisión Directiva,,SI
ANDELSMAN RICARDO,"Andelsman, Ricardo",1971,Resurgimiento Sanlorencista,Comisión Directiva,,SI
ANDELSMAN RICARDO,"Andelsman, Ricardo",Tribunal de Honor 1993-1998,(Sin datos),Tribunal de Ética,Miembro,SI
ANDELSMAN RICARDO,"Andelsman, Ricardo",Tribunal de Honor 1990-1993,(Sin datos),Tribunal de Ética,Miembro,SI
ANGOTTI FRANCISCO,"Angotti, Francisco",1969,Lista de Unidad,Comisión Directiva,,SI
ANGOTTI FRANCISCO,"Angotti, Francisco",1966 (LISTA DE UNIDAD),Lista de Unidad,Comisión Directiva,,SI
ANGOTTI FRANCISCO,"Angotti, Francisco",1960,Fraccion Tradicional,Comisión Directiva,,SI
ANGOTTI FRANCISCO,"Angotti, Francisco",1957,Fraccion Tradicional,Comisión Directiva,,SI
ARAGONA NICOLAS,"Aragona, Nicolas",1954,Fraccion Tradicional,Comisión Directiva,,SI
ARAGONA NICOLAS,"Aragona, Nicolas",1951,Fraccion Tradicional,Comisión Directiva,,SI
ARAGONA NICOLAS,"Aragona, Nicolas",1947,Fraccion Tradicional,Comisión Directiva,,SI
ARANDIA JOSE,"Arandia, Jose",1937,Lista Popular,Comisión Directiva,,NO
ARMANO FRANCISCO,"Armano, Francisco",1939,Orden y Progreso,Comisión Directiva,,SI
ARMANO FRANCISCO,"Armano, Francisco",1937,Orden y Progreso,Comisión Directiva,,SI
ARMANO FRANCISCO,"Armano, Francisco",1933,Orden y Progreso,Comisión Directiva,,SI
ANTONIO ARTESA,"Artesa, Antonio",1983 (LISTA DE UNIDAD),Lista de Unidad,Comisión Directiva,,SI
ANTONIO ARTESA,"Artesa, Antonio",1982 (LISTA DE UNIDAD),Lista de Unidad,Comisión Directiva,,SI
ARZANI CARLOS,"Arzani, Carlos",1941,Orden y Progreso,Comisión Directiva,,SI
AVELLANEDA NICOLAS,"Avellaneda, Nicolas",1971,Resurgimiento Sanlorencista,Comisión Directiva,,NO
AVETA HIRIAM,"Aveta, Hiriam",1935,Orden y Progreso,Comisión Directiva,,SI
AVIGLIANO C,"Avigliano, C",1980,Lista Blanca Opositora,Comisión Directiva,,SI
ADOLFO BACCARO,"Baccaro, Adolfo",1935,Orden y Progreso,Comisión Directiva,,SI
ALBERTO BACCHI,"Bacchi, Alberto",1978,Lista de Unidad,Comisión Directiva,,SI
BAGLIERO HERNAN,"BAGLIERO, HERNAN",2022,Siempre San Lorenzo,Comisión Directiva,,NO
BALBI JUAN,"Balbi, Juan",1937,Lista Popular,Comisión Directiva,,NO
BALDESSARI FAUSTINO,"Baldessari, Faustino",1945,Orden y Progreso,Comisión Directiva,,SI
BALDESSARI FAUSTINO,"Baldessari, Faustino",1943,Orden y Progreso,Comisión Directiva,,SI
ALBERTO BALDIZZONE,"Baldizzone, Alberto",1983 (LISTA DE UNIDAD),Lista de Unidad,Comisión Directiva,,SI
BALERDI LEANDRO,"Balerdi, Leandro",1971,Resurgimiento Sanlorencista,Comisión Directiva,,SI
BARBATO ROMULO,"Barbato, Romulo",1951,Fraccion Tradicional,Comisión Directiva,,SI
BARBOT FERNANDO,"Barbot, Fernando",1937,Lista Popular,Comisión Directiva,,NO
BARBOT GERARDO,"Barbot, Gerardo",1941,Orden y Progreso,Comisión Directiva,,SI
BARBOT GERARDO,"Barbot, Gerardo",1939,Orden y Progreso,Comisión Directiva,,SI
BARBOT GERARDO,"Barbot, Gerardo",1935,Orden y Progreso,Comisión Directiva,,SI
BARROS MARCELO,"Barros, Marcelo",1971,Resurgimiento Sanlorencista,Comisión Directiva,,SI
BATROSSE FEDERICO,"Batrosse, Federico",1971,Resurgimiento Sanlorencista,Comisión Directiva,,SI
BAVASTRO TOMAS,"Bavastro, Tomas",1931,Lista Popular,Comisión Directiva,,SI
BAVASTRO TOMAS,"Bavastro, Tomas",1929,Fraccion Opositora,Comisión Directiva,,SI
BAVASTRO TOMAS,"Bavastro, Tomas",1926,Lista Popular,Comisión Directiva,,SI
BEATI RICARDO,"Beati, Ricardo",1983 (LISTA DE UNIDAD),Lista de Unidad,Comisión Directiva,,SI
BEATI RICARDO,"Beati, Ricardo",1982 (LISTA DE UNIDAD),Lista de Unidad,Comisión Directiva,,SI
BELATTI FABIO,"BELATTI, FABIO",2022,San Lorenzo Querido,Comisión Directiva,,NO
ALFREDO BELLI,"Belli, Alfredo",1974,Resurgimiento Sanlorencista,Comisión Directiva,,SI
BELLOTTI RICARDO,"Bellotti, Ricardo",1941,Orden y Progreso,Comisión Directiva,,SI
BELLOTTI RICARDO,"Bellotti, Ricardo",1937,Orden y Progreso,Comisión Directiva,,SI
BELLOTTI RICARDO,"Bellotti, Ricardo",1927,Lista Popular,Comisión Directiva,,SI
BELLUCCI MARIO RAFAEL,"Bellucci, Mario Rafael",1974,Frente de Reconstruccion Sanlorencista,Comisión Directiva,,NO
BENEDETTI HIPOLITO ORFILIO,"Benedetti, Orfilio Hipolito",1980,El Gasometro,Comisión Directiva,,SI
BENEDETTI HIPOLITO ORFILIO,"Benedetti, Orfilio Hipolito",1978,Lista de Unidad,Comisión Directiva,,SI
BENEDETTI HIPOLITO ORFILIO,"Benedetti, Orfilio Hipolito",1974,Resurgimiento Sanlorencista,Comisión Directiva,,SI
BENEDETTI HIPOLITO ORFILIO,"Benedetti, Orfilio Hipolito",1971,Resurgimiento Sanlorencista,Comisión Directiva,,SI
BENEDETTI OSCAR,"Benedetti, Oscar",1978,Lista de Unidad,Comisión Directiva,,SI
BENEDETTI OSCAR,"Benedetti, Oscar",1974,Frente de Reconstruccion Sanlorencista,Comisión Directiva,,NO
BENEDETTI OSCAR,"Benedetti, Oscar",1971,Resurgimiento Sanlorencista,Comisión Directiva,,SI
BENEDETTI OSCAR,"Benedetti, Oscar",1974,Resurgimiento Sanlorencista,Fiscalizadora,,SI
A BENITEZ,"Benitez, A",1929,Fraccion Opositora,Comisión Directiva,,SI
BENSO MODESTO,"Benso, Modesto",1983 (LISTA DE UNIDAD),Lista de Unidad,Comisión Directiva,,SI
BERNAT EMILIO,"Bernat, Emilio",1949,Unidad Sanlorencista,Comisión Directiva,,SI
BERNAT EMILIO,"Bernat, Emilio",1947,Orden y Progreso,Comisión Directiva,,NO
BERNAT EMILIO,"Bernat, Emilio",1945,Orden y Progreso,Comisión Directiva,,SI
BERNAT EMILIO,"Bernat, Emilio",1943,Orden y Progreso,Comisión Directiva,,SI
BIDEGAIN PEDRO,"Bidegain, Pedro",1931,Lista Popular,Comisión Directiva,,SI
BIDEGAIN PEDRO,"Bidegain, Pedro",1929,Fraccion Opositora,Comisión Directiva,,SI
BIDEGAIN PEDRO,"Bidegain, Pedro",1926,Lista Popular,Comisión Directiva,,SI
BIDEGAIN PEDRO,"Bidegain, Pedro",1927,Lista Popular,Comisión Directiva,,SI
ANTONIO BLASI,"Blasi, Antonio",1935,Orden y Progreso,Comisión Directiva,,SI
ADOLFO BOITE,"BOITE, ADOLFO",2001,Unidos por San Lorenzo,Comisión Directiva,,NO
ALFREDO BONANNI,"Bonanni, Alfredo",1937,Orden y Progreso,Comisión Directiva,,SI
ALFREDO BONANNI,"Bonanni, Alfredo",1935,Orden y Progreso,Comisión Directiva,,SI
BONDANZA FRANCISCO,"Bondanza, Francisco",1933,Lista Popular,Comisión Directiva,,NO
BONERA JOAQUIN,"Bonera, Joaquin",1983 (LISTA DE UNIDAD),Lista de Unidad,Comisión Directiva,,SI
BONERA JOAQUIN,"Bonera, Joaquin",1982 (LISTA DE UNIDAD),Lista de Unidad,Comisión Directiva,,SI
BONERA JOAQUIN,"Bonera, Joaquin",1960,El Gasometro,Comisión Directiva,,SI
BONINA VICENTE,"Bonina, Vicente",1980,Lista Blanca Opositora,Comisión Directiva,,SI
BORDAVERRI EDGARDO,"Bordaverri, Edgardo",1954,Fraccion Tradicional,Comisión Directiva,Vocal,SI
BORELLI FRANCISCO,"Borelli, Francisco",1933,Lista Popular,Comisión Directiva,,NO
BORELLI ROBERTO,"Borelli, Roberto",1978,Lista de Unidad,Comisión Directiva,,SI
BOTTARLINI CARDO,"Bottarlini, Cardo",1949,Unidad Sanlorencista,Comisión Directiva,,SI
ARMANDO BOTTE,"Botte, Armando",1954,Fraccion Tradicional,Comisión Directiva,,SI
ARMANDO BOTTE,"Botte, Armando",1951,Fraccion Tradicional,Comisión Directiva,,SI
BOTTE SANTOS,"Botte, Santos",1939,Orden y Progreso,Comisión Directiva,,SI
BOTTINELLI CEFERINO,"Bottinelli, Ceferino",1933,Lista Popular,Comisión Directiva,,NO
BOTTINELLI CEFERINO,"Bottinelli, Ceferino",1929,Fraccion Opositora,Comisión Directiva,,SI
ALFREDO BOVE,"Bove, Alfredo",1960,Fraccion Tradicional,Comisión Directiva,,SI
ALFREDO BOVE,"Bove, Alfredo",1951,Fraccion Tradicional,Comisión Directiva,,SI
ALFREDO BOVE,"Bove, Alfredo",1947,Fraccion Tradicional,Comisión Directiva,,SI
BOZZA NICOLAS,"Bozza, Nicolas",1941,Orden y Progreso,Comisión Directiva,,SI
BREA MARIO,"Brea, Mario",1983 (LISTA DE UNIDAD),Lista de Unidad,Comisión Directiva,,SI
BRIENZA JOSE,"Brienza, Jose",1954,Fraccion Tradicional,Comisión Directiva,,SI
BRIENZA JOSE,"Brienza, Jose",1951,Fraccion Tradicional,Comisión Directiva,,SI
BRIENZA MARTIN,"BRIENZA, MARTIN",2012 (ASAMBLEA),Transitoria,Comisión Directiva,,SI
ANTONIO BRIUOLI,"Briuoli, Antonio",1933,Lista Popular,Comisión Directiva,,NO
BRIZUELA JOSE,"Brizuela, Jose",1947,Fraccion Tradicional,Comisión Directiva,,SI
BRIZUELA JOSE,"Brizuela, Jose",1939,Orden y Progreso,Comisión Directiva,,SI
BRIZUELA JOSE,"Brizuela, Jose",1935,Orden y Progreso,Comisión Directiva,,SI
BRONDO JOSE,"BRONDO, JOSE",2001,Unidos por San Lorenzo,Comisión Directiva,,NO
BUZZO MAXIMO,"Buzzo, Maximo",1974,Resurgimiento Sanlorencista,Comisión Directiva,,SI
CABRERA LILIANA,"CABRERA, LILIANA",2022,Volver a San Lorenzo,Comisión Directiva,,NO
CABRERA MARIO,"Cabrera, Mario",1980,El Gasometro,Comisión Directiva,,SI
CABRERA MARIO,"Cabrera, Mario",1974,Resurgimiento Sanlorencista,Comisión Directiva,,SI
CABRERA MAURO,"Cabrera, Mauro",1974,Resurgimiento Sanlorencista,Comisión Directiva,,SI
CAGNONI OSVALDO,"Cagnoni, Osvaldo",1966 (LISTA DE UNIDAD),Lista de Unidad,Comisión Directiva,,SI
CAIAFA MIGUEL,"Caiafa, Miguel",1954,Fraccion Tradicional,Comisión Directiva,,SI
CAIAFA MIGUEL,"Caiafa, Miguel",1951,Fraccion Tradicional,Comisión Directiva,,SI
CAIMI CARLOS,"Caimi, Carlos",1945,Orden y Progreso,Comisión Directiva,,SI
CAIMI CARLOS,"Caimi, Carlos",1943,Orden y Progreso,Comisión Directiva,,SI
CAIMI CARLOS,"Caimi, Carlos",1941,Orden y Progreso,Comisión Directiva,,SI
CAIMI CARLOS,"Caimi, Carlos",1939,Orden y Progreso,Comisión Directiva,,SI
BERNARDO CAINZOS,"Cainzos, Bernardo",1982 (LISTA DE UNIDAD),Lista de Unidad,Comisión Directiva,,SI
BRUNO CALABRIA,"CALABRIA, BRUNO",2022,San Lorenzo Querido,Comisión Directiva,,NO
CALFAT GABRIEL,"Calfat, Gabriel",1974,Resurgimiento Sanlorencista,Comisión Directiva,,SI
CALFAT GABRIEL,"Calfat, Gabriel",1963,Orden y Progreso,Comisión Directiva,,SI
CAMBAS PATRICIA,"CAMBAS, PATRICIA",2022,Siempre San Lorenzo,Comisión Directiva,,NO
ARMANDO CAMINITI,"Caminiti, Armando",1971,Resurgimiento Sanlorencista,Comisión Directiva,,SI
ARMANDO CAMINITI,"Caminiti, Armando",1957,Fraccion Tradicional,Comisión Directiva,,SI
CAMINITI CARLOS JUAN,"Caminiti, Juan Carlos",1966 (LISTA DE UNIDAD),Lista de Unidad,Comisión Directiva,,SI
BERNARDO CAMIO,"Camio, Bernardo",1978,Lista de Unidad,Comisión Directiva,,SI
BERNARDO CAMIO,"Camio, Bernardo",1974,Frederesa,Fiscalizadora,,NO
CAMIO NICOLAS,"Camio, Nicolas",1963,Orden y Progreso,Comisión Directiva,,SI
CAMPENNI JOSE,"Campenni, Jose",1980,Lista Blanca Opositora,Comisión Directiva,,SI
CAMPILONGO M,"Campilongo, M",1980,Lista Blanca Opositora,Comisión Directiva,,SI
CANALE N,"Canale, N",1980,Lista Blanca Opositora,Comisión Directiva,,SI
ANGEL CANCELA ECHEGARAY GUILLERMO,"Cancela Echegaray, Guillermo Angel",1971,Resurgimiento Sanlorencista,Comisión Directiva,,SI
BENITO CANCELO,"Cancelo, Benito",1945,Orden y Progreso,Comisión Directiva,,SI
BENITO CANCELO,"Cancelo, Benito",1935,Orden y Progreso,Comisión Directiva,,SI
CANDRIANI PEDRO RICARDO,"Candriani, Pedro Ricardo",1971,Resurgimiento Sanlorencista,Comisión Directiva,,SI
CANTIANI GENARO,"Cantiani, Genaro",1974,Frente de Reconstruccion Sanlorencista,Comisión Directiva,,NO
CANO JOSE,"Caño, Jose",1983 (LISTA DE UNIDAD),Lista de Unidad,Comisión Directiva,,SI
CAPELLI CARLOS,"Capelli, Carlos",1957,Fraccion Tradicional,Comisión Directiva,,SI
BLAS CAPIELLO JORGE,"Capiello, Jorge Blas",1974,Frente de Reconstruccion Sanlorencista,Comisión Directiva,,NO
CAPONE VICENTE,"Capone, Vicente",1937,Lista Popular,Comisión Directiva,,NO
CAPUANO CARLOS,"Capuano, Carlos",1945,Orden y Progreso,Comisión Directiva,,SI
CAPUANO CARLOS,"Capuano, Carlos",1943,Orden y Progreso,Comisión Directiva,,SI
CAPUANO CARLOS,"Capuano, Carlos",1978,Lista de Unidad,Fiscalizadora,,SI
CAPUTO NICOLAS,"Caputo, Nicolas",1935,Lista Popular,Comisión Directiva,,NO
ANGEL CARABELLI,"Carabelli, Angel",1939,Lista Popular,Comisión Directiva,,NO
ANGEL CARABELLI,"Carabelli, Angel",1935,Lista Popular,Comisión Directiva,,NO
ANGEL CARABELLI,"Carabelli, Angel",1927,Lista Popular,Comisión Directiva,,SI
ALFREDO CARAVOTTA,"Caravotta, Alfredo",1960,Fraccion Tradicional,Comisión Directiva,,SI
CARAVOTTA SALVADOR,"Caravotta, Salvador",1957,Fraccion Tradicional,Comisión Directiva,,SI
CARDENA RICARDO,"Cardena, Ricardo",1974,Resurgimiento Sanlorencista,Comisión Directiva,,SI
CARDINALE JORGE,"Cardinale, Jorge",1974,Resurgimiento Sanlorencista,Comisión Directiva,,SI
CARLOS URE,"Ure, Carlos",1980,Nueva Lista Sanlorencista,Comisión Directiva,,SI
CARLOS URE,"Ure, Carlos",Tribunal de Honor 2014-2011,(Sin datos),Tribunal de Ética,Presidente,SI
CARLOS URE,"Ure, Carlos",Tribunal de Honor 2008 - 2011,(Sin datos),Tribunal de Ética,Miembro,SI
CARLOS URE,"Ure, Carlos",Tribunal de Honor 2002-2005,(Sin datos),Tribunal de Ética,Miembro,SI
CARRA RICARDO,"Carra, Ricardo",1969,Lista de Unidad,Comisión Directiva,,SI
CARRA RICARDO,"Carra, Ricardo",1966 (LISTA DE UNIDAD),Lista de Unidad,Comisión Directiva,,SI
CARRA RICARDO,"Carra, Ricardo",1960,Fraccion Tradicional,Comisión Directiva,,SI
CARRA RICARDO,"Carra, Ricardo",1957,Fraccion Tradicional,Comisión Directiva,,SI
CARRA RICARDO,"Carra, Ricardo",1951,Fraccion Tradicional,Comisión Directiva,,SI
CASTAGNINO TOMAS,"Castagnino, Tomas",1974,Frente de Reconstruccion Sanlorencista,Comisión Directiva,,NO
CASTAGNINO TOMAS,"Castagnino, Tomas",1954,Fraccion Tradicional,Comisión Directiva,,SI
CASTAGNINO TOMAS,"Castagnino, Tomas",1951,Fraccion Tradicional,Comisión Directiva,,SI
CASTEX FRANCISCO,"CASTEX, FRANCISCO",2022,Renovación Sanlorencista,Comisión Directiva,,NO
CASTIGLIONE ERNESTO,"Castiglione, Ernesto",1960,Orden y Progreso,Comisión Directiva,,NO
CAVANNA FRANCISCO,"Cavanna, Francisco",1949,Unidad Sanlorencista,Comisión Directiva,,SI
ALEJANDRO CENTENARO MARTIN,"CENTENARO, MARTIN ALEJANDRO",2012 (EXTRAORDINARIA),Por San Lorenzo,Comisión Directiva,,NO
ALDO CERCA,"Cerca, Aldo",1963,Orden y Progreso,Comisión Directiva,,SI
ALFREDO CERCA,"Cerca, Alfredo",1966 (LISTA DE UNIDAD),Lista de Unidad,Comisión Directiva,,SI
CERINO HERMENEGILDO,"Cerino, Hermenegildo",1937,Lista Popular,Comisión Directiva,,NO
CHIAPETTA MARIANO,"CHIAPETTA, MARIANO",2022,Renovación Sanlorencista,Comisión Directiva,,NO
CIMINO FRANCISCO,"Cimino, Francisco",1978,Lista de Unidad,Comisión Directiva,,SI
ALBERTO CIMO,"Cimo, Alberto",1974,Resurgimiento Sanlorencista,Comisión Directiva,,SI
COBEAGA HORACIO,"Cobeaga, Horacio",1983 (LISTA DE UNIDAD),Lista de Unidad,Comisión Directiva,,SI
COBEAGA HORACIO,"Cobeaga, Horacio",1982 (LISTA DE UNIDAD),Lista de Unidad,Comisión Directiva,,SI
ALFONSO CODA,"Coda, Alfonso",1931,Lista Popular,Comisión Directiva,,SI
ALFONSO CODA,"Coda, Alfonso",1929,Fraccion Opositora,Comisión Directiva,,SI
ALFONSO CODA,"Coda, Alfonso",1926,Lista Popular,Comisión Directiva,,SI
ALFONSO CODA,"Coda, Alfonso",1927,Lista Popular,Comisión Directiva,,SI
COELLO KARINA,"COELLO, KARINA",2022,Siempre San Lorenzo,Comisión Directiva,,NO
ANGEL COLACINO,"Colacino, Angel",1966 (LISTA DE UNIDAD),Lista de Unidad,Comisión Directiva,,SI
COLLARTE TOMAS,"Collarte, Tomas",1949,Unidad Sanlorencista,Comisión Directiva,,SI
BARTOLOME COLOM,"Colom, Bartolome",1957,Fraccion Tradicional,Comisión Directiva,,SI
CARLOS COLOMBO,"Colombo, Carlos",1931,Lista Popular,Comisión Directiva,,SI
CARLOS COLOMBO,"Colombo, Carlos",1926,Lista Popular,Comisión Directiva,,SI
COLONIO HECTOR,"Colonio, Hector",1986,Movimiento de Reconstruccion Sanlorencista,Comisión Directiva,,NO
COMI JORGE,"Comi, Jorge",1986,Nuevo Rumbo Sanlorencista,Comisión Directiva,,NO
ARTURO CORONADO,"Coronado, Arturo",1949,Unidad Sanlorencista,Comisión Directiva,,SI
COSENTINO MIGUEL,"Cosentino, Miguel",1980,Lista Blanca Opositora,Comisión Directiva,,SI
COSTA ENRIQUE,"Costa, Enrique",1935,Lista Popular,Comisión Directiva,,NO
CREMONE DOMINGO,"Cremone, Domingo",1982 (LISTA DE UNIDAD),Lista de Unidad,Comisión Directiva,,SI
ARIEL CROCITTA,"CROCITTA, ARIEL",2012 (EXTRAORDINARIA),Por San Lorenzo,Comisión Directiva,,NO
CURATOLO FLOREAL,"Curatolo, Floreal",1966 (LISTA DE UNIDAD),Lista de Unidad,Comisión Directiva,,SI
CURRAO HECTOR,"Currao, Hector",1963,Orden y Progreso,Comisión Directiva,,SI
AMBROSIO D SOL,"D'AMBROSIO, SOL",2022,Siempre San Lorenzo,Comisión Directiva,,NO
DAGUERRE ROBERTO,"Daguerre, Roberto",1980,Lista Blanca Opositora,Comisión Directiva,,SI
DAGUERRE ROBERTO,"Daguerre, Roberto",1974,Resurgimiento Sanlorencista,Comisión Directiva,,SI
CARLOS DAIQUI,"Daiqui, Carlos",1939,Orden y Progreso,Comisión Directiva,,SI
DANGIOLILLO EMILIO,"Dangiolillo, Emilio",1943,Orden y Progreso,Comisión Directiva,,SI
DANGIOLILLO EMILIO,"Dangiolillo, Emilio",1941,Orden y Progreso,Comisión Directiva,,SI
DANGIOLILLO EMILIO,"Dangiolillo, Emilio",1939,Orden y Progreso,Comisión Directiva,,SI
DAVID RAFFO,"David, Raffo",1933,Lista Popular,Comisión Directiva,,NO
DAVID RAFFO,"David, Raffo",1929,Fraccion Opositora,Comisión Directiva,,SI
BALDRICH DE FERNANDO,"De Baldrich, Fernando",1980,El Gasometro,Comisión Directiva,,SI
BALDRICH DE FERNANDO,"De Baldrich, Fernando",1974,Resurgimiento Sanlorencista,Comisión Directiva,,SI
BONIS DE FELIPE,"De Bonis, Felipe",1963,Orden y Progreso,Comisión Directiva,,SI
DE LUCA LUIS,"De Luca, Luis",1957,Fraccion Tradicional,Comisión Directiva,,SI
DE ITALO MARTINO,"De Martino, Italo",1969,Lista de Unidad,Comisión Directiva,,SI
DE ITALO MARTINO,"De Martino, Italo",1978,Lista de Unidad,Fiscalizadora,,SI
DE JOSE MARIA NEVARES,"De Nevares, ¨Jose Maria",1971,Resurgimiento Sanlorencista,Comisión Directiva,,NO
DE SANCTIS SEVERIO,"De Sanctis, Severio",1963,Orden y Progreso,Comisión Directiva,,SI
DELORI OSCAR,"Delori, Oscar",1974,Resurgimiento Sanlorencista,Comisión Directiva,,SI
DESTEFANO MARIANA,"DESTEFANO, MARIANA",2012 (EXTRAORDINARIA),Por San Lorenzo,Comisión Directiva,,NO
DEVALLE JUAN,"Devalle, Juan",1969,Lista de Unidad,Comisión Directiva,,SI
DEVALLE JUAN,"Devalle, Juan",1966 (LISTA DE UNIDAD),Lista de Unidad,Comisión Directiva,,SI
ARTURO DEVINCENTE,"Devincente, Arturo",1983 (LISTA DE UNIDAD),Lista de Unidad,Comisión Directiva,,SI
ARTURO DEVINCENTE,"Devincente, Arturo",1982 (LISTA DE UNIDAD),Lista de Unidad,Comisión Directiva,,SI
DEVLONO JUAN,"Devlono, Juan",1980,Lista Blanca Opositora,Comisión Directiva,,SI
DI GUSTAVO LORENZO,"DI LORENZO, GUSTAVO",2022,Siempre San Lorenzo,Comisión Directiva,,NO
CHRISTIAN DI PIERTO,"DI PIERTO, CHRISTIAN",2023,X Amor a San Lorenzo,Comisión Directiva,,NO
DI MARCOS TARANDO,"Di Tarando, Marcos",1982 (LISTA DE UNIDAD),Lista de Unidad,Comisión Directiva,,SI
CARLOS DI TARANTO,"Di Taranto, Carlos",1978,Lista de Unidad,Comisión Directiva,,SI
CARLOS DI TARANTO,"Di Taranto, Carlos",1974,Frente de Reconstruccion Sanlorencista,Comisión Directiva,,NO
DIANDA MARTIN,"DIANDA, MARTIN",2016,Cruzada por San Lorenzo,Comisión Directiva,,NO
ALONSO DIAZ JOSE,"Diaz Alonso, Jose",1974,Resurgimiento Sanlorencista,Comisión Directiva,,SI
DIAZ ENRIQUE,"Diaz, Enrique",1937,Orden y Progreso,Comisión Directiva,,SI
DIAZ ENRIQUE,"Diaz, Enrique",1933,Orden y Progreso,Comisión Directiva,,SI
DIAZ OMAR S,"Diaz, Omar S",1978,Lista de Unidad,Comisión Directiva,,SI
DIAZ VICENTE,"Diaz, Vicente",1963,Orden y Progreso,Comisión Directiva,,SI
DIEGUEZ JESUS,"Dieguez, Jesus",1983 (LISTA DE UNIDAD),Lista de Unidad,Comisión Directiva,,SI
DIEGUEZ JESUS,"Dieguez, Jesus",1978,Lista de Unidad,Comisión Directiva,,SI
DIP DOMINGUEZ SEBASTIAN,"DOMINGUEZ DIP, SEBASTIAN",2022,Renovación Sanlorencista,Comisión Directiva,,NO
DORADO JORGE,"Dorado, Jorge",1978,Lista de Unidad,Comisión Directiva,,SI
DORADO JORGE,"Dorado, Jorge",Tribunal de Honor 1998-2002,(Sin datos),Tribunal de Ética,Miembro,SI
ECHARTE JUAN,"Echarte, Juan",1931,Lista Popular,Comisión Directiva,,SI
ECHARTE JUAN,"Echarte, Juan",1926,Lista Popular,Comisión Directiva,,SI
CESAR EGUIA NORBERTO,"Eguia, Norberto Cesar",1974,Frente de Reconstruccion Sanlorencista,Comisión Directiva,,NO
ELIAS PASCUAL,"Elias, Pascual",1960,Fraccion Tradicional,Comisión Directiva,,SI
EPISCOPO NICOLAS,"Episcopo, Nicolas",1945,Orden y Progreso,Comisión Directiva,,SI
EPISCOPO NICOLAS,"Episcopo, Nicolas",1941,Orden y Progreso,Comisión Directiva,,SI
ERENCHUN TEODORO,"Erenchun, Teodoro",1945,Orden y Progreso,Comisión Directiva,,SI
ERENCHUN TOMAS,"Erenchun, Tomas",1951,Unidad Sanlorencista,Comisión Directiva,,NO
ERENCHUN TOMAS,"Erenchun, Tomas",1949,Unidad Sanlorencista,Comisión Directiva,,SI
ALFREDO ETCHEGARAY,"Etchegaray, Alfredo",1933,Lista Popular,Comisión Directiva,,NO
ALFREDO ETCHEGARAY,"Etchegaray, Alfredo",1931,Lista Popular,Comisión Directiva,,SI
ALFREDO ETCHEGARAY,"Etchegaray, Alfredo",1929,Fraccion Opositora,Comisión Directiva,,SI
ALFREDO ETCHEGARAY,"Etchegaray, Alfredo",1927,Lista Popular,Comisión Directiva,,SI
FALCON JOSE,"Falcon, Jose",1980,Lista Blanca Opositora,Comisión Directiva,,SI
FAMA JOSE,"Fama, Jose",1963,Orden y Progreso,Comisión Directiva,,SI
FAMA JOSE,"Fama, Jose",1960,El Gasometro,Comisión Directiva,,NO
ANTONIO FAR,"Far, Antonio",1960,Fraccion Tradicional,Comisión Directiva,,SI
ANTONIO FAR,"Far, Antonio",1954,Fraccion Tradicional,Comisión Directiva,,SI
ANTONIO FAR,"Far, Antonio",1951,Fraccion Tradicional,Comisión Directiva,,SI
ANTONIO FAR,"Far, Antonio",1971,Fraccion Tradicional,Fiscalizadora,,SI
ENRIQUE FARAGASSO,"Faragasso, Enrique",1933,Lista Popular,Comisión Directiva,,NO
ENRIQUE FARAGASSO,"Faragasso, Enrique",1931,Lista Popular,Comisión Directiva,,SI
FEDERICO RODOLFO,"Federico, Rodolfo",1935,Orden y Progreso,Comisión Directiva,,SI
FEIJOO HORACIO,"Feijoo, Horacio",1935,Orden y Progreso,Comisión Directiva,,SI
CASTRO FERNANDEZ RICARDO,"Fernandez Castro, Ricardo",1957,Fraccion Tradicional,Comisión Directiva,,SI
FERNANDEZ MENTASTI PABLO,"FERNANDEZ MENTASTI, PABLO",2022,Volver a San Lorenzo,Comisión Directiva,,NO
ARTURO FERNANDEZ GUILLERMO,"Fernandez, Guillermo Arturo",1974,Frente de Reconstruccion Sanlorencista,Comisión Directiva,,NO
ARTURO FERNANDEZ GUILLERMO,"Fernandez, Guillermo Arturo",1969,Lista de Unidad,Comisión Directiva,,SI
ARTURO FERNANDEZ GUILLERMO,"Fernandez, Guillermo Arturo",1966 (LISTA DE UNIDAD),Lista de Unidad,Comisión Directiva,,SI
FERNANDEZ JUAN,"Fernandez, Juan",1947,Fraccion Tradicional,Comisión Directiva,,SI
FERNANDEZ JUAN M,"Fernandez, Juan M",1931,Lista Popular,Comisión Directiva,,SI
FERNANDEZ JUAN M,"Fernandez, Juan M",1926,Lista Popular,Comisión Directiva,,SI
FERNANDEZ SEVERINO,"Fernandez, Severino",1969,Lista de Unidad,Comisión Directiva,,SI
FERRADAS OSCAR,"Ferradas, Oscar",1974,Frente de Reconstruccion Sanlorencista,Comisión Directiva,,NO
FERREYRO JULIO,"Ferreyro, Julio",1963,Orden y Progreso,Comisión Directiva,,SI
CARMELO FERRONE RAFAEL,"Ferrone, Rafael Carmelo",1974,Frente de Reconstruccion Sanlorencista,Comisión Directiva,,NO
FITTIPALDI JULIO,"Fittipaldi, Julio",1966 (LISTA DE UNIDAD),Lista de Unidad,Comisión Directiva,,SI
ENRIQUE FOSCALDI,"Foscaldi, Enrique",1983 (LISTA DE UNIDAD),Lista de Unidad,Comisión Directiva,,SI
ENRIQUE FOSCALDI,"Foscaldi, Enrique",1982 (LISTA DE UNIDAD),Lista de Unidad,Comisión Directiva,,SI
ENRIQUE FOSCALDI,"Foscaldi, Enrique",1974,Frente de Reconstruccion Sanlorencista,Comisión Directiva,,NO
FRACHIA ROBERTO,"Frachia, roberto",1947,Fraccion Tradicional,Comisión Directiva,,SI
ANTONIO FRANZESE,"Franzese, Antonio",1937,Orden y Progreso,Comisión Directiva,,SI
EMILIO FRANZESE,"Franzese, Emilio",1939,Orden y Progreso,Comisión Directiva,,SI
ALFREDO FRASCHIA JORGE,"FRASCHIA, JORGE ALFREDO",2004,San Lorenzo para Todos,Comisión Directiva,,NO
DOMINGO FREGA HECTOR,"Frega, Domingo Hector",1983 (LISTA DE UNIDAD),Lista de Unidad,Comisión Directiva,,SI
FULLONE OSCAR,"Fullone, Oscar",1982 (LISTA DE UNIDAD),Lista de Unidad,Comisión Directiva,,SI
EMILIO FUSTER,"Fuster, Emilio",1954,Fraccion Tradicional,Comisión Directiva,,SI
EMILIO FUSTER,"Fuster, Emilio",1951,Fraccion Tradicional,Comisión Directiva,,SI
ALICIA DE G POMBO,"G. de Pombo, Alicia",1974,Resurgimiento Sanlorencista,Comisión Directiva,,SI
GALIMBERTI LUIS PEDRO,"Galimberti, Pedro Luis",1971,Resurgimiento Sanlorencista,Comisión Directiva,,SI
GALMES JUAN,"Galmes, Juan",1949,Unidad Sanlorencista,Comisión Directiva,,SI
ELIAS GALO,"Galo, Elias",1937,Orden y Progreso,Comisión Directiva,,SI
ELIAS GALO,"Galo, Elias",1933,Orden y Progreso,Comisión Directiva,,SI
GAMALERO JOSE,"Gamalero, Jose",1937,Orden y Progreso,Comisión Directiva,,SI
GAMALERO JOSE,"Gamalero, Jose",1935,Orden y Progreso,Comisión Directiva,,SI
GANDOLFO SANTIAGO,"Gandolfo, Santiago",1937,Lista Popular,Comisión Directiva,,NO
BERNARDINO GARAGUSSO,"Garagusso, Bernardino",1966 (LISTA DE UNIDAD),Lista de Unidad,Comisión Directiva,,SI
BERNARDINO GARAGUSSO,"Garagusso, Bernardino",1949,Todo por San Lorenzo,Comisión Directiva,,NO
GARAGUSSO NATALIO,"Garagusso, Natalio",1939,Orden y Progreso,Comisión Directiva,,SI
DAVID GARBARINO,"Garbarino, David",1941,Orden y Progreso,Comisión Directiva,,SI
DAVID GARBARINO,"Garbarino, David",1939,Orden y Progreso,Comisión Directiva,,SI
BASILIO GARCEA,"Garcea, Basilio",1974,Frente de Reconstruccion Sanlorencista,Comisión Directiva,,NO
CRESPO DOMINGO GARCIA,"Garcia Crespo, Domingo",1974,Resurgimiento Sanlorencista,Comisión Directiva,,SI
CARLOS GARCIA,"GARCIA, CARLOS",2001,Unidad Azulgrana,Comisión Directiva,,SI
CARLOS GARCIA,"GARCIA, CARLOS",1986,Movimiento de Reconstruccion Sanlorencista,Comisión Directiva,,NO
GARCIA JAVIER,"GARCIA, JAVIER",2022,Volver a San Lorenzo,Comisión Directiva,,NO
GARCIARI MATIAS,"Garciari, Matias",1949,Unidad Sanlorencista,Comisión Directiva,,SI
GENE VICENTE,"Gene, Vicente",1939,Orden y Progreso,Comisión Directiva,,SI
GERON U,"Geron, U",1980,Lista Blanca Opositora,Comisión Directiva,,SI
GIACOVINO MARIANO,"GIACOVINO, MARIANO",2022,San Lorenzo Querido,Comisión Directiva,,NO
ENRIQUE GIAMBRONI,"Giambroni, Enrique",1937,Lista Popular,Comisión Directiva,,NO
GIANOTTI JUAN,"Gianotti, Juan",1937,Orden y Progreso,Comisión Directiva,,SI
CARLOS GIARDONI,"Giardoni, Carlos",1992 (NO HUBO),Nuevo Rumbo Sanlorencista,Comisión Directiva,,SI
GIGANTI HUGO,"Giganti, Hugo",1983 (LISTA DE UNIDAD),Lista de Unidad,Comisión Directiva,,SI
GIGLIOTTI MARIO,"Gigliotti, Mario",1949,Todo por San Lorenzo,Comisión Directiva,,NO
GIGLIOTTI MARIO,"Gigliotti, Mario",1947,Fraccion Tradicional,Comisión Directiva,,SI
GILARDONI MARIO,"Gilardoni, Mario",1937,Orden y Progreso,Comisión Directiva,,SI
GILARDONI MARIO,"Gilardoni, Mario",1933,Orden y Progreso,Comisión Directiva,,SI
GIMENEZ GUSTAVO JULIAN RAFAEL,"Gimenez, Rafael Gustavo Julian",1971,Resurgimiento Sanlorencista,Comisión Directiva,,SI
FAUSTINO GIORDANO,"Giordano, Faustino",1947,Fraccion Tradicional,Comisión Directiva,,SI
ALFREDO GIOVANELLI,"Giovanelli, Alfredo",1939,Orden y Progreso,Comisión Directiva,,SI
GOMEZ RICARDO,"Gomez, Ricardo",1937,Orden y Progreso,Comisión Directiva,,SI
GOMEZ RICARDO,"Gomez, Ricardo",1935,Orden y Progreso,Comisión Directiva,,SI
ARAUJO CARLOS GONZALEZ,"Gonzalez Araujo, Carlos",1983 (LISTA DE UNIDAD),Lista de Unidad,Comisión Directiva,,SI
ENRIQUE GONZALEZ GREY,"Gonzalez Grey, Enrique",1951,Unidad Sanlorencista,Comisión Directiva,,NO
ENRIQUE GONZALEZ GREY,"Gonzalez Grey, Enrique",1949,Unidad Sanlorencista,Comisión Directiva,,SI
ENRIQUE GONZALEZ GREY,"Gonzalez Grey, Enrique",1947,Circuito Azulgrana,Comisión Directiva,,NO
ENRIQUE GONZALEZ GREY,"Gonzalez Grey, Enrique",1945,Orden y Progreso,Comisión Directiva,,SI
ENRIQUE GONZALEZ GREY,"Gonzalez Grey, Enrique",1943,Orden y Progreso,Comisión Directiva,,SI
ENRIQUE GONZALEZ GREY,"Gonzalez Grey, Enrique",1941,Orden y Progreso,Comisión Directiva,,SI
GONZALEZ JAIME,"Gonzalez, Jaime",1974,Frente de Reconstruccion Sanlorencista,Comisión Directiva,,NO
GASPAR GRECCO,"Grecco, Gaspar",1960,Fraccion Tradicional,Comisión Directiva,,SI
GASPAR GRECCO,"Grecco, Gaspar",1957,Fraccion Tradicional,Comisión Directiva,,SI
GRECCO JOSE,"Grecco, Jose",1937,Lista Popular,Comisión Directiva,,NO
GRECCO JOSE,"Grecco, Jose",1935,Lista Popular,Comisión Directiva,,NO
GRECCO JOSE,"Grecco, Jose",1931,Lista Popular,Comisión Directiva,,SI
GRECCO JOSE,"Grecco, Jose",1926,Lista Popular,Comisión Directiva,,SI
GRECCO JOSE,"Grecco, Jose",1927,Lista Popular,Comisión Directiva,,SI
GUARINO JOSE,"Guarino, Jose",1954,Fraccion Tradicional,Comisión Directiva,,SI
GUARINO JOSE,"Guarino, Jose",1951,Fraccion Tradicional,Comisión Directiva,,SI
GUEDES ROMULO,"Guedes, Romulo",1971,Resurgimiento Sanlorencista,Comisión Directiva,,NO
ANTONIO GUERRA,"Guerra, Antonio",1935,Orden y Progreso,Comisión Directiva,,SI
GUERRA NESTOS,"Guerra, Nestos",1992 (NO HUBO),Nuevo Rumbo Sanlorencista,Comisión Directiva,,SI
ALBERTO GUIDA,"Guida, Alberto",1980,Nueva Lista Sanlorencista,Comisión Directiva,,SI
GURFINKEL RAFAEL,"Gurfinkel, Rafael",1978,Lista de Unidad,Comisión Directiva,,SI
GURFINKEL RAFAEL,"Gurfinkel, Rafael",1974,Frederesa,Fiscalizadora,,SI
GURFINKEL RAFAEL,"Gurfinkel, Rafael",1971,Circulo Azulgrana,Fiscalizadora,,SI
GURFINKEL RAFAEL,"Gurfinkel, Rafael",1969,Lista de Unidad,Fiscalizadora,,SI
HABIB HECTOR,"Habib, Hector",1983 (LISTA DE UNIDAD),Lista de Unidad,Comisión Directiva,,SI
HABIB HECTOR,"Habib, Hector",1982 (LISTA DE UNIDAD),Lista de Unidad,Comisión Directiva,,SI
ARMANDO HOOGEN,"Hoogen, Armando",1937,Lista Popular,Comisión Directiva,,NO
ARMANDO HOOGEN,"Hoogen, Armando",1935,Lista Popular,Comisión Directiva,,NO
ARMANDO HOOGEN,"Hoogen, Armando",1927,Lista Popular,Comisión Directiva,,SI
IBANEZ JOSE,"Ibañez, Jose",1947,Fraccion Tradicional,Comisión Directiva,,SI
ALEJANDRO JATAR,"Jatar, Alejandro",1969,Lista de Unidad,Comisión Directiva,,SI
IGNACIO JIMENEZ,"JIMENEZ, IGNACIO",2022,Siempre San Lorenzo,Comisión Directiva,,NO
GNISCI JORIO LUIS,"Jorio Gnisci, Luis",1969,Lista de Unidad,Comisión Directiva,,SI
GNISCI JORIO LUIS,"Jorio Gnisci, Luis",1963,Orden y Progreso,Comisión Directiva,,SI
KOPP REYNALDO,"Kopp, Reynaldo",1982 (LISTA DE UNIDAD),Lista de Unidad,Comisión Directiva,,SI
KISLEI KROCHMAI,"Krochmai, Kislei",1980,Lista Blanca Opositora,Comisión Directiva,,SI
KISLEI KROCHMAI,"Krochmai, Kislei",1969,Lista de Unidad,Comisión Directiva,,SI
KISLEI KROCHMAI,"Krochmai, Kislei",1966 (LISTA DE UNIDAD),Lista de Unidad,Comisión Directiva,,SI
FABIAN KRUNFLI,"KRUNFLI, FABIAN",2022,Siempre San Lorenzo,Comisión Directiva,,NO
JUAN LABRIOLA,"Labriola, Juan",1937,Lista Popular,Comisión Directiva,,NO
HECTOR LANATTA,"Lanatta, Hector",1978,Lista de Unidad,Comisión Directiva,,SI
HECTOR LANATTA,"Lanatta, Hector",1960,Fraccion Tradicional,Comisión Directiva,,SI
HECTOR LANATTA,"Lanatta, Hector",1957,Fraccion Tradicional,Comisión Directiva,,NO
LAPELLEGRINA VICTOR,"Lapellegrina, Victor",1960,Fraccion Tradicional,Comisión Directiva,,SI
LAPELLEGRINA VICTOR,"Lapellegrina, Victor",1954,Fraccion Tradicional,Comisión Directiva,Vocal,SI
LAPELLEGRINA VICTOR,"Lapellegrina, Victor",1951,Fraccion Tradicional,Comisión Directiva,Vocal,SI
ENRIQUE LAPIDO,"Lapido, Enrique",1978,Lista de Unidad,Comisión Directiva,,SI
EDUARDO LARRANDART,"Larrandart, Eduardo",1935,Orden y Progreso,Comisión Directiva,,SI
EDUARDO LARRANDART,"Larrandart, Eduardo",1931,Lista Popular,Comisión Directiva,,SI
EDUARDO LARRANDART,"Larrandart, Eduardo",1926,Lista Popular,Comisión Directiva,,SI
EDUARDO LARRANDART,"Larrandart, Eduardo",1927,Lista Popular,Comisión Directiva,,SI
DANIEL LARRONA VICENTE,"LARRONA, DANIEL VICENTE",2007,Progreso Azulgrana,Comisión Directiva,,NO
DARIO LASCHERA,"LASCHERA, DARIO",2022,Boedo en Accion,Comisión Directiva,,NO
BARTOLOME LASTRETO,"Lastreto, Bartolome",1978,Lista de Unidad,Comisión Directiva,,SI
BARTOLOME LASTRETO,"Lastreto, Bartolome",1969,Lista de Unidad,Comisión Directiva,,SI
BARTOLOME LASTRETO,"Lastreto, Bartolome",1966 (LISTA DE UNIDAD),Lista de Unidad,Comisión Directiva,,SI
BARTOLOME LASTRETO,"Lastreto, Bartolome",1963,Orden y Progreso,Comisión Directiva,,SI
BARTOLOME LASTRETO,"Lastreto, Bartolome",1949,Unidad Sanlorencista,Comisión Directiva,,SI
BARTOLOME LASTRETO,"Lastreto, Bartolome",1947,Orden y Progreso,Comisión Directiva,,NO
BARTOLOME LASTRETO,"Lastreto, Bartolome",1943,Orden y Progreso,Comisión Directiva,,SI
BARTOLOME LASTRETO,"Lastreto, Bartolome",1941,Orden y Progreso,Comisión Directiva,,SI
BARTOLOME LASTRETO,"Lastreto, Bartolome",1937,Orden y Progreso,Comisión Directiva,,SI
LAVECCHIA REINALDO,"Lavecchia, Reinaldo",1978,Lista de Unidad,Comisión Directiva,,SI
LAVEGLIA PASCUAL,"Laveglia, Pascual",1933,Fraccion Opositora,Comisión Directiva,,SI
LAVEGLIA PASCUAL,"Laveglia, Pascual",1931,Lista Popular,Comisión Directiva,,SI
LAVEGLIA PASCUAL,"Laveglia, Pascual",1926,Lista Popular,Comisión Directiva,,SI
LAVEGLIA PASCUAL,"Laveglia, Pascual",1927,Lista Popular,Comisión Directiva,,SI
ESTEFANIA LAVIERI,"LAVIERI, ESTEFANIA",2022,Renovación Sanlorencista,Comisión Directiva,,NO
JUAN LAZZARI,"Lazzari, Juan",1939,Orden y Progreso,Comisión Directiva,,SI
JUAN LAZZARI,"Lazzari, Juan",1937,Orden y Progreso,Comisión Directiva,,SI
JUAN LAZZARI,"Lazzari, Juan",1935,Orden y Progreso,Comisión Directiva,,SI
JUAN LAZZARI,"Lazzari, Juan",1933,Orden y Progreso,Comisión Directiva,,SI
EDUARDO ESTEBAN LEMOINE,"Lemoine, Eduardo Esteban",1983 (LISTA DE UNIDAD),Lista de Unidad,Comisión Directiva,,SI
EDUARDO ESTEBAN LEMOINE,"Lemoine, Eduardo Esteban",1969,Lista de Unidad,Comisión Directiva,,SI
ALAN LENCE,"LENCE, ALAN",2019,Cruzada por San Lorenzo,Comisión Directiva,,NO
JOSE LENTINO,"Lentino, Jose",1974,Resurgimiento Sanlorencista,Comisión Directiva,,SI
JOSE LENTINO,"Lentino, Jose",1963,Orden y Progreso,Comisión Directiva,,SI
ANIBAL HORACIO LETITO,"LETITO, HORACIO ANIBAL",2004,San Lorenzo para Todos,Comisión Directiva,,NO
ALFREDO LEVATI,"Levati, Alfredo",1937,Orden y Progreso,Comisión Directiva,,SI
ALFREDO LEVATI,"Levati, Alfredo",1935,Orden y Progreso,Comisión Directiva,,SI
ALFREDO LEVATI,"Levati, Alfredo",1933,Fraccion Opositora,Comisión Directiva,,SI
ALFREDO LEVATI,"Levati, Alfredo",1931,Lista Popular,Comisión Directiva,,SI
ALFREDO LEVATI,"Levati, Alfredo",1926,Lista Popular,Comisión Directiva,,SI
ALFREDO LEVATI,"Levati, Alfredo",1927,Lista Popular,Comisión Directiva,,SI
CORCHS FRANCISCO LLERENA,"Llerena Corchs, Francisco",1971,Resurgimiento Sanlorencista,Comisión Directiva,,SI
ANDREA LO VOTRICO,"LO VOTRICO, ANDREA",2022,Renovación Sanlorencista,Comisión Directiva,,NO
JOSE LOFFREDO,"Loffredo, Jose",1963,Orden y Progreso,Comisión Directiva,,SI
EDUARDO LOJO,"Lojo, Eduardo",1960,Fraccion Tradicional,Comisión Directiva,,SI
EDUARDO LOJO,"Lojo, Eduardo",1954,Fraccion Tradicional,Comisión Directiva,,SI
EDUARDO LOJO,"Lojo, Eduardo",1951,Fraccion Tradicional,Comisión Directiva,,SI
LONGOBARDI LUIS,"Longobardi, Luis",1978,Lista de Unidad,Comisión Directiva,,SI
LONGOBARDI LUIS,"Longobardi, Luis",Tribunal de Honor 2002-2005,(Sin datos),Tribunal de Ética,Presidente,SI
JULIO LOPEZ,"Lopez, Julio",1978,Lista de Unidad,Comisión Directiva,,SI
JULIO LOPEZ SERGIO,"Lopez, Julio Sergio",1974,Frente de Reconstruccion Sanlorencista,Comisión Directiva,,NO
LOZA MARCELO,"LOZA, MARCELO",2016,San Lorenzo Siglo XXI,Comisión Directiva,,NO
LUCHINI OSCAR,"Luchini, Oscar",1969,Lista de Unidad,Comisión Directiva,,SI
LUCHINI OSCAR,"Luchini, Oscar",1966 (LISTA DE UNIDAD),Lista de Unidad,Comisión Directiva,,SI
CARLOS LUCIONI,"Lucioni, Carlos",1949,Unidad Sanlorencista,Comisión Directiva,,SI
JOSE MACCIO,"Maccio, Jose",1957,Fraccion Tradicional,Comisión Directiva,,SI
JOSE MACCIO,"Maccio, Jose",1951,Fraccion Tradicional,Comisión Directiva,,SI
JOSE MACCIO,"Maccio, Jose",1947,Fraccion Tradicional,Comisión Directiva,,SI
JUAN MACCIO,"Maccio, Juan",1971,Resurgimiento Sanlorencista,Comisión Directiva,,SI
ABDEL MADEIRA,"Madeira, Abdel",1992 (NO HUBO),Nuevo Rumbo Sanlorencista,Comisión Directiva,,SI
MANDRI RUBEN,"MANDRI, RUBEN",2019,Cruzada por San Lorenzo,Comisión Directiva,,NO
ALBERTO MARINA,"Marina, Alberto",1954,Fraccion Tradicional,Comisión Directiva,,SI
ALBERTO MARINA,"Marina, Alberto",1951,Fraccion Tradicional,Comisión Directiva,,SI
ALBERTO MARINA,"Marina, Alberto",1947,Fraccion Tradicional,Comisión Directiva,,SI
LORENZO MARIOSA,"Mariosa, Lorenzo",1939,Orden y Progreso,Comisión Directiva,,SI
MAROTTA ROMULO,"Marotta, Romulo",1939,Orden y Progreso,Comisión Directiva,,SI
AGUSTIN MARSANO,"Marsano, Agustin",1949,Unidad Sanlorencista,Comisión Directiva,,SI
AGUSTIN MARSANO,"Marsano, Agustin",1945,Orden y Progreso,Comisión Directiva,,SI
AGUSTIN MARSANO,"Marsano, Agustin",1943,Orden y Progreso,Comisión Directiva,,SI
AGUSTIN MARSANO,"Marsano, Agustin",1941,Orden y Progreso,Comisión Directiva,,SI
AGUSTIN MARSANO,"Marsano, Agustin",1966,Lista de Unidad,Fiscalizadora,,SI
ANGEL LUIS MARTINEZ,"MARTINEZ, LUIS ANGEL",2022,San Lorenzo Querido,Comisión Directiva,,NO
MARTIN MARTINEZ,"Martinez, Martin",1941,Orden y Progreso,Comisión Directiva,,SI
MARTIN MARTINEZ,"Martinez, Martin",1939,Orden y Progreso,Comisión Directiva,,SI
J MARZITELLI,"Marzitelli, J",1980,Lista Blanca Opositora,Comisión Directiva,,SI
HECTOR L MATANZO,"Matanzo, Hector L",1978,Lista de Unidad,Comisión Directiva,,SI
MATTEI NORBERTO PUJOLAR,"Mattei Pujolar, Norberto",1974,Frente de Reconstruccion Sanlorencista,Comisión Directiva,,NO
MATTEI NORBERTO PUJOLAR,"Mattei Pujolar, Norberto",1957,Fraccion Tradicional,Comisión Directiva,,SI
JOSE MAZOLA,"Mazola, Jose",1969,Lista de Unidad,Comisión Directiva,,SI
ANGEL HECTOR MAZZENA,"MAZZENA, HECTOR ANGEL",2016,Cruzada por San Lorenzo,Comisión Directiva,,NO
JOSE MAZZOLA,"Mazzola, Jose",1957,Fraccion Tradicional,Comisión Directiva,,SI
MENDEZ RUBEN,"MENDEZ, RUBEN",2013,Cruzada por San Lorenzo,Comisión Directiva,,NO
MEOLI ROBERTO,"Meoli, Roberto",1971,Resurgimiento Sanlorencista,Comisión Directiva,,SI
MICELI NORBERTO,"Miceli, Norberto",1969,Lista de Unidad,Comisión Directiva,,SI
ADRIANO MANUEL MIRANDA,"MIRANDA, ADRIANO MANUEL",2012 (EXTRAORDINARIA),Por San Lorenzo,Comisión Directiva,,NO
ADRIANO MANUEL MIRANDA,"MIRANDA, ADRIANO MANUEL",2010,Mas San Lorenzo,Fiscalizadora,,NO
MIRANDA VICENTE,"Miranda, Vicente",1957,Fraccion Tradicional,Comisión Directiva,,SI
GUSTAVO MIYAR,"MIYAR, GUSTAVO",2004,Unidos por San Lorenzo,Comisión Directiva,,SI
ARMANDO MOCIOLO,"Mociolo, Armando",1937,Orden y Progreso,Comisión Directiva,,SI
ARMANDO MOCIOLO,"Mociolo, Armando",1933,Orden y Progreso,Comisión Directiva,,SI
EVARISTO MOLINA,"Molina, Evaristo",1957,Fraccion Tradicional,Comisión Directiva,,SI
MOLINA PUBLIO TOMAS,"Molina, Publio Tomas",1937,Orden y Progreso,Comisión Directiva,,SI
MOLINA PUBLIO TOMAS,"Molina, Publio Tomas",1935,Orden y Progreso,Comisión Directiva,,SI
MOLINA PUBLIO TOMAS,"Molina, Publio Tomas",1933,Orden y Progreso,Comisión Directiva,,SI
MOLINA PUBLIO TOMAS,"Molina, Publio Tomas",1926,Lista Popular,Comisión Directiva,,SI
MOLINA PUBLIO TOMAS,"Molina, Publio Tomas",1927,Lista Popular,Comisión Directiva,,SI
CAYETANO MOLTENI,"Molteni, Cayetano",1947,Fraccion Tradicional,Comisión Directiva,,SI
EMILIO MONTERO,"Montero, Emilio",1941,Orden y Progreso,Comisión Directiva,,SI
EMILIO MONTERO,"Montero, Emilio",1939,Orden y Progreso,Comisión Directiva,,SI
JOSE JULIO MONTERO,"Montero, Julio Jose",1926,Lista Popular,Comisión Directiva,,SI
JOSE JULIO MONTERO,"Montero, Julio Jose",1927,Lista Popular,Comisión Directiva,,SI
JULIO MONTEROS,"Monteros, Julio",1933,Lista Popular,Comisión Directiva,,NO
CARLOS MONTI NORBERTO,"Monti, Carlos Norberto",1983 (LISTA DE UNIDAD),Lista de Unidad,Comisión Directiva,,SI
JUAN MONTI,"Monti, Juan",1951,Fraccion Tradicional,Comisión Directiva,,SI
CANTILO JOSE LUIS MOREA,"Morea Cantilo, Jose Luis",1971,Resurgimiento Sanlorencista,Comisión Directiva,,NO
JORGE MORENO RUBEN,"Moreno, Ruben Jorge",1974,Frente de Reconstruccion Sanlorencista,Comisión Directiva,,NO
DOMINGO MORINELLI,"Morinelli, Domingo",1943,Orden y Progreso,Comisión Directiva,,SI
DOMINGO MORINELLI,"Morinelli, Domingo",1941,Orden y Progreso,Comisión Directiva,,SI
DOMINGO MORINELLI,"Morinelli, Domingo",1937,Orden y Progreso,Comisión Directiva,,SI
DOMINGO MORINELLI,"Morinelli, Domingo",1935,Orden y Progreso,Comisión Directiva,,NO
DOMINGO MORINELLI,"Morinelli, Domingo",1933,Orden y Progreso,Comisión Directiva,,SI
MARIANO MORIONES,"Moriones, Mariano",1982 (LISTA DE UNIDAD),Lista de Unidad,Comisión Directiva,,SI
H MODESTO MOTESINOS,"Motesinos (H), Modesto",1933,Lista Popular,Comisión Directiva,,NO
H MODESTO MOTESINOS,"Motesinos (H), Modesto",1931,Lista Popular,Comisión Directiva,,NO
AGLIBERT MULET,"Mulet, Aglibert",1939,Orden y Progreso,Comisión Directiva,,SI
CARLOS JUAN MUNOZ,"Muñoz, Juan Carlos",1974,Frente de Reconstruccion Sanlorencista,Comisión Directiva,,NO
LUIS NARDELLI,"Nardelli, Luis",1947,Fraccion Tradicional,Comisión Directiva,,SI
NAVARRO ROBERTO,"Navarro, Roberto",1986,Nuevo Rumbo Sanlorencista,Comisión Directiva,,SI
MIGUEL NERCESIAN,"Nercesian, Miguel",1960,Fraccion Tradicional,Comisión Directiva,,NO
MIGUEL NERCESIAN,"Nercesian, Miguel",1954,Fraccion Tradicional,Comisión Directiva,,SI
DOMINGO NIGRO,"Nigro, Domingo",1974,Resurgimiento Sanlorencista,Comisión Directiva,,SI
DOMINGO NIGRO,"Nigro, Domingo",1963,Orden y Progreso,Comisión Directiva,,SI
FRANCISCO NIGRO,"Nigro, Francisco",1983 (LISTA DE UNIDAD),Lista de Unidad,Comisión Directiva,,SI
FRANCISCO NIGRO,"Nigro, Francisco",1982 (LISTA DE UNIDAD),Lista de Unidad,Comisión Directiva,,SI
FRANCISCO NIGRO,"Nigro, Francisco",1971,Resurgimiento Sanlorencista,Comisión Directiva,,SI
FRANCISCO NIGRO,"Nigro, Francisco",1969,Lista de Unidad,Comisión Directiva,,SI
FRANCISCO NIGRO,"Nigro, Francisco",1966 (LISTA DE UNIDAD),Lista de Unidad,Comisión Directiva,,SI
NIGRO PASCUAL,"Nigro, Pascual",1949,Unidad Sanlorencista,Comisión Directiva,,SI
IGNACIO NOLASCO,"Nolasco, Ignacio",1992 (NO HUBO),Nuevo Rumbo Sanlorencista,Comisión Directiva,,SI
JUAN NOLI,"Noli, Juan",1954,Fraccion Tradicional,Comisión Directiva,,SI
JUAN NOLI,"Noli, Juan",1927,Lista Popular,Comisión Directiva,,SI
JOSE NOVELLINO,"Novellino, Jose",1945,Orden y Progreso,Comisión Directiva,,SI
JOSE NOVELLINO,"Novellino, Jose",1943,Orden y Progreso,Comisión Directiva,,SI
JOSE NOVELLINO,"Novellino, Jose",1941,Orden y Progreso,Comisión Directiva,,SI
LUIS NOVELLINO R,"Novellino, Luis R",1949,Unidad Sanlorencista,Comisión Directiva,,SI
LUIS NOVELLINO R,"Novellino, Luis R",1947,Orden y Progreso,Comisión Directiva,,NO
LUIS NOVELLINO R,"Novellino, Luis R",1945,Orden y Progreso,Comisión Directiva,,SI
OJAGAN RUBEN,"OJAGAN, RUBEN",2010,Grandeza Azulgrana,Comisión Directiva,,NO
ALFREDO OLIGATI,"Oligati, Alfredo",1963,Orden y Progreso,Comisión Directiva,,SI
JOSE OLIVETO,"Oliveto, Jose",1931,Lista Popular,Comisión Directiva,,SI
JOSE OLIVETO,"Oliveto, Jose",1926,Lista Popular,Comisión Directiva,,SI
NICOLAS OLIVETO,"Oliveto, Nicolas",1974,Frente de Reconstruccion Sanlorencista,Comisión Directiva,,SI
NICOLAS OLIVETO,"Oliveto, Nicolas",1969,Lista de Unidad,Comisión Directiva,,SI
OMAR PEDRO,"Omar, Pedro",1933,Lista Popular,Comisión Directiva,,NO
JAVIER ONEDERRA,"Oñederra, Javier",1978,Lista de Unidad,Comisión Directiva,,SI
FRANCISCO IPARRAGUIRRE ORTEGA,"Ortega Iparraguirre, Francisco",1971,Resurgimiento Sanlorencista,Comisión Directiva,,SI
CARRA FRANCISCO OSVALDO,"Osvaldo Carra, Francisco",1982 (LISTA DE UNIDAD),Lista de Unidad,Comisión Directiva,,SI
CARLOS JUAN OTERO,"Otero, Juan Carlos",1974,Frente de Reconstruccion Sanlorencista,Comisión Directiva,,NO
CARLOS JUAN OTERO,"Otero, Juan Carlos",1971,Resurgimiento Sanlorencista,Comisión Directiva,,SI
CARLOS JUAN OTERO,"Otero, Juan Carlos",1969,Lista de Unidad,Comisión Directiva,,SI
CARLOS JUAN OTERO,"Otero, Juan Carlos",1966 (LISTA DE UNIDAD),Lista de Unidad,Comisión Directiva,,SI
JOSE OYON,"Oyon, Jose",1963,Orden y Progreso,Comisión Directiva,,SI
ANTONIO PAGANO,"Pagano, Antonio",1978,Lista de Unidad,Comisión Directiva,,SI
CAYETANO PAGLIONE,"Paglione, Cayetano",1957,Fraccion Tradicional,Comisión Directiva,,SI
JUAN PAGLIONE,"Paglione, Juan",1939,Orden y Progreso,Comisión Directiva,,SI
JUAN PALADINO,"Paladino, Juan",1933,Lista Popular,Comisión Directiva,,NO
ALBERTO PALMA ROLANDO,"Palma, Rolando Alberto",1974,Frente de Reconstruccion Sanlorencista,Comisión Directiva,,SI
GIULIANO PANTALEON,"Pantaleon, Giuliano",1982 (LISTA DE UNIDAD),Lista de Unidad,Comisión Directiva,,SI
ALFONSO PARADISO,"Paradiso, Alfonso",1974,Resurgimiento Sanlorencista,Comisión Directiva,,SI
GUILLERMO PARADISO,"Paradiso, Guillermo",1954,Fraccion Tradicional,Comisión Directiva,,SI
PARADISO SALVADOR,"Paradiso, Salvador",1929,Fraccion Opositora,Comisión Directiva,,SI
JOSE JUAN PASO,"Paso, Juan Jose",1978,Lista de Unidad,Comisión Directiva,,SI
AGUSTIN PECORARO,"Pecoraro, Agustin",1960,Fraccion Tradicional,Comisión Directiva,,SI
AGUSTIN PECORARO,"Pecoraro, Agustin",1935,Orden y Progreso,Comisión Directiva,,SI
CARLOS DANTE PELLEGRINI,"Pellegrini, Dante Carlos",1974,Frente de Reconstruccion Sanlorencista,Comisión Directiva,,NO
DOMINGO PELUFFO,"Peluffo, Domingo",1947,Circuito Azulgrana,Comisión Directiva,,NO
DOMINGO PELUFFO,"Peluffo, Domingo",1945,Orden y Progreso,Comisión Directiva,,SI
DOMINGO PELUFFO,"Peluffo, Domingo",1943,Orden y Progreso,Comisión Directiva,,SI
DOMINGO PELUFFO,"Peluffo, Domingo",1941,Orden y Progreso,Comisión Directiva,,SI
ALBERTO PERA,"Pera, Alberto",1933,Fraccion Opositora,Comisión Directiva,,SI
DOMINGO PERAZZO,"Perazzo, Domingo",1935,Lista Popular,Comisión Directiva,,NO
MARIANO PERAZZO,"Perazzo, Mariano",1945,Orden y Progreso,Comisión Directiva,,SI
MARIANO PERAZZO,"Perazzo, Mariano",1937,Lista Popular,Comisión Directiva,,NO
MARIANO PERAZZO,"Perazzo, Mariano",1935,Lista Popular,Comisión Directiva,,NO
MARIANO PERAZZO,"Perazzo, Mariano",1926,Lista Popular,Comisión Directiva,,SI
JUAN LEZICA PEREYRA,"Pereyra Lezica, Juan",1960,Fraccion Tradicional,Comisión Directiva,,SI
JUAN LEZICA PEREYRA,"Pereyra Lezica, Juan",1957,Fraccion Tradicional,Comisión Directiva,,SI
JUAN PEREZ ROVIRA,"Perez Rovira, Juan",1954,Fraccion Tradicional,Comisión Directiva,Vocal,SI
JESUS NORBERTO PEREZ,"Perez, Jesus Norberto",1983 (LISTA DE UNIDAD),Lista de Unidad,Comisión Directiva,,SI
JORGE PEREZ RAUL,"Perez, Jorge Raul",1978,Lista de Unidad,Comisión Directiva,,SI
JORGE PEREZ RAUL,"Perez, Jorge Raul",1960,Fraccion Tradicional,Comisión Directiva,,SI
JULIO PEREZ,"Perez, Julio",1974,Frente de Reconstruccion Sanlorencista,Comisión Directiva,,NO
ELPIDIO PERTUZZO,"Pertuzzo, Elpidio",1933,Lista Popular,Comisión Directiva,,NO
NICOLAS PIERRO,"Pierro, Nicolas",1960,Fraccion Tradicional,Comisión Directiva,,SI
NICOLAS PIERRO,"Pierro, Nicolas",1957,Fraccion Tradicional,Comisión Directiva,,SI
ENRIQUE PINTO,"Pinto, Enrique",1966 (LISTA DE UNIDAD),Lista de Unidad,Comisión Directiva,,SI
ENRIQUE PINTO,"Pinto, Enrique",1954,Orden y Progreso,Comisión Directiva,,NO
ENRIQUE PINTO,"Pinto, Enrique",1945,Orden y Progreso,Comisión Directiva,,SI
ENRIQUE PINTO,"Pinto, Enrique",1943,Orden y Progreso,Comisión Directiva,,SI
ENRIQUE PINTO,"Pinto, Enrique",1941,Orden y Progreso,Comisión Directiva,,SI
ENRIQUE PINTO,"Pinto, Enrique",1939,Orden y Progreso,Comisión Directiva,,SI
ENRIQUE PINTO,"Pinto, Enrique",1937,Orden y Progreso,Comisión Directiva,,SI
ENRIQUE PINTO,"Pinto, Enrique",1935,Orden y Progreso,Comisión Directiva,,SI
ENRIQUE PINTO,"Pinto, Enrique",1933,Orden y Progreso,Comisión Directiva,,SI
MIGUEL POLINENO,"Miguel, Polineno",1949,Unidad Sanlorencista,Comisión Directiva,,SI
PONCET ZOILO,"Poncet, Zoilo",1951,Fraccion Tradicional,Comisión Directiva,,SI
JORGE PROPATO,"Propato, Jorge",1969,Lista de Unidad,Comisión Directiva,,SI
JORGE PROPATO,"Propato, Jorge",1966 (LISTA DE UNIDAD),Lista de Unidad,Comisión Directiva,,SI
JORGE PROPATO,"Propato, Jorge",1963,Orden y Progreso,Comisión Directiva,,SI
JUAN PUJOLAR,"Pujolar, Juan",1931,Lista Popular,Comisión Directiva,,SI
JUAN PUJOLAR,"Pujolar, Juan",1926,Lista Popular,Comisión Directiva,,SI
JUAN PUJOLAR,"Pujolar, Juan",1927,Lista Popular,Comisión Directiva,,SI
LIBORIO PUPILIO,"Pupilio, Liborio",1957,Fraccion Tradicional,Comisión Directiva,,SI
EDUARDO RAGUCCI,"Ragucci, Eduardo",1929,Fraccion Opositora,Comisión Directiva,,SI
JOSE RAMA,"Rama, Jose",1947,Fraccion Tradicional,Comisión Directiva,,SI
EUGENIO RAMADE,"RAMADE, EUGENIO",2022,Renovación Sanlorencista,Comisión Directiva,,NO
CARLOS RANONE,"Ranone, Carlos",1937,Orden y Progreso,Comisión Directiva,,SI
CARLOS RANONE,"Ranone, Carlos",1933,Orden y Progreso,Comisión Directiva,,SI
CARLOS RANONE,"Ranone, Carlos",1929,Fraccion Opositora,Comisión Directiva,,SI
PEDRO RAVAGNATTI,"Ravagnatti, Pedro",1931,Lista Popular,Comisión Directiva,,SI
PEDRO RAVAGNATTI,"Ravagnatti, Pedro",1926,Lista Popular,Comisión Directiva,,SI
PEDRO RAVAGNATTI,"Ravagnatti, Pedro",1927,Lista Popular,Comisión Directiva,,SI
OSCAR RENDO,"Rendo, Oscar",1978,Lista de Unidad,Comisión Directiva,,SI
ESPINA RESCESVINTO,"Rescesvinto, Espina",1947,Fraccion Tradicional,Comisión Directiva,,SI
LORENZO REVETRIA,"Revetria, Lorenzo",1943,Orden y Progreso,Comisión Directiva,,SI
LORENZO REVETRIA,"Revetria, Lorenzo",1933,Orden y Progreso,Comisión Directiva,,SI
LEANDRO REY,"Rey, Leandro",1983 (LISTA DE UNIDAD),Lista de Unidad,Comisión Directiva,,SI
LEANDRO REY,"Rey, Leandro",1982 (LISTA DE UNIDAD),Lista de Unidad,Comisión Directiva,,SI
LEANDRO REY,"Rey, Leandro",1980,Lista Blanca Opositora,Comisión Directiva,,SI
LEANDRO REY,"Rey, Leandro",1974,Resurgimiento Sanlorencista,Comisión Directiva,,SI
MANUEL REY,"Rey, Manuel",1945,Orden y Progreso,Comisión Directiva,,SI
JOSE RIAL SEIJO,"Rial Seijo, Jose",1937,Orden y Progreso,Comisión Directiva,,SI
JOSE RIAL SEIJO,"Rial Seijo, Jose",1933,Orden y Progreso,Comisión Directiva,,SI
RICCHINI SANTIAGO,"Ricchini, Santiago",1933,Lista Popular,Comisión Directiva,,NO
RICCHINI SANTIAGO,"Ricchini, Santiago",1929,Fraccion Opositora,Comisión Directiva,,SI
ALICIA RILO,"RILO, ALICIA",2022,Boedo en Accion,Comisión Directiva,,NO
RAFAEL RIPEPPE,"Ripeppe, Rafael",1933,Lista Popular,Comisión Directiva,,NO
FERNANDO RIVA ZUCHELLI,"RIVA ZUCHELLI, FERNANDO",2022,Renovación Sanlorencista,Comisión Directiva,,NO
ADOLFO RIVERO,"Rivero, Adolfo",1969,Lista de Unidad,Comisión Directiva,,SI
ADOLFO RIVERO,"Rivero, Adolfo",1966 (LISTA DE UNIDAD),Lista de Unidad,Comisión Directiva,,SI
ADOLFO RIVERO,"Rivero, Adolfo",1949,Unidad Sanlorencista,Comisión Directiva,,SI
MIGUEL RIZZO,"Rizzo, Miguel",1966 (LISTA DE UNIDAD),Lista de Unidad,Comisión Directiva,,SI
MIGUEL RIZZO,"Rizzo, Miguel",1963,Orden y Progreso,Comisión Directiva,,NO
ALDO RODRIGUEZ,"Rodriguez, Aldo",1980,Lista Blanca Opositora,Comisión Directiva,,SI
ANTONIO LUIS RODRIGUEZ,"Rodriguez, Antonio Luis",1971,Resurgimiento Sanlorencista,Comisión Directiva,,SI
CARLA ROSAS SABRINA,"ROSAS, SABRINA CARLA",2016,Cruzada por San Lorenzo,Comisión Directiva,,NO
JUAN ROTUNNO,"Rotunno, Juan",1960,Fraccion Tradicional,Comisión Directiva,,SI
CARLOS RUSSO,"Russo, Carlos",1971,Resurgimiento Sanlorencista,Comisión Directiva,,SI
CARLOS SACAAN,"Sacaan, Carlos",1986,Movimiento de Reconstruccion Sanlorencista,Comisión Directiva,,NO
JORGE SALINAS,"Salinas, Jorge",1978,Lista de Unidad,Comisión Directiva,,SI
HECTOR MARTIN SAN,"San Martin, Hector",1980,Lista Blanca Opositora,Comisión Directiva,,SI
HECTOR MARTIN SAN,"San Martin, Hector",1974,Resurgimiento Sanlorencista,Comisión Directiva,,SI
HECTOR MARTIN SAN,"San Martin, Hector",2004,(Sin datos),Junta Electoral,Vocal Junta Electoral,SI
HECTOR MARTIN SAN,"San Martin, Hector",Tribunal de Honor 2008 - 2011,(Sin datos),Tribunal de Ética,Miembro,SI
ITUARTE JULIO RAFAEL SANCHEZ,"SANCHEZ ITUARTE, JULIO RAFAEL",2019,Cruzada por San Lorenzo,Comisión Directiva,,NO
JACINTO SANCHEZ,"Sanchez, Jacinto",1937,Orden y Progreso,Comisión Directiva,,SI
HORACIO SANTISO,"SANTISO, HORACIO",2001,Unidos por San Lorenzo,Comisión Directiva,,SI
NICOLAS SANTORO,"Santoro, Nicolas",1937,Lista Popular,Comisión Directiva,,NO
JORGE SANZ,"Sanz, Jorge",1978,Lista de Unidad,Comisión Directiva,Vocal,SI
JORGE SANZ,"Sanz, Jorge",1974,Resurgimiento Sanlorencista,Comisión Directiva,,SI
RAFAEL SARANDO,"Sarando, Rafael",1949,Unidad Sanlorencista,Comisión Directiva,,SI
LUIS SARSA,"Sarsa, Luis",1974,Resurgimiento Sanlorencista,Comisión Directiva,,SI
ANGEL LUIS SARSO,"Sarso, Luis Angel",1974,Frente de Reconstruccion Sanlorencista,Comisión Directiva,,NO
CARLOS JUAN SCALA,"Scala, Juan Carlos",1935,Orden y Progreso,Comisión Directiva,,SI
CARLOS JUAN SCALA,"Scala, Juan Carlos",1929,Fraccion Opositora,Comisión Directiva,,SI
ANTONIO SCALONE,"Scalone, Antonio",1966 (LISTA DE UNIDAD),Lista de Unidad,Comisión Directiva,,SI
ANTONIO SCALONE,"Scalone, Antonio",1957,Fraccion Tradicional,Comisión Directiva,,SI
FRANCISCO SCORZELLI,"Scorzelli, Francisco",1971,Resurgimiento Sanlorencista,Comisión Directiva,,SI
FRANCISCO SCORZELLI,"Scorzelli, Francisco",1963,Orden y Progreso,Comisión Directiva,,SI
CESAR SEOANE,"Seoane, Cesar",1949,Unidad Sanlorencista,Comisión Directiva,,SI
CESAR SEOANE,"Seoane, Cesar",1945,Orden y Progreso,Comisión Directiva,,SI
CESAR SEOANE,"Seoane, Cesar",1943,Orden y Progreso,Comisión Directiva,,SI
JESUS SERRANTES,"Serrantes, Jesus",1957,Fraccion Tradicional,Comisión Directiva,,SI
JOSE SETUAIN,"Setuain, Jose",1963,Orden y Progreso,Comisión Directiva,,SI
2 DAMASO SIERRA,"Sierra (2), Damaso",1937,Orden y Progreso,Comisión Directiva,,SI
GERARDO SIMON,"Simon, Gerardo",1937,Orden y Progreso,Comisión Directiva,,SI
GERARDO SIMON,"Simon, Gerardo",1933,Orden y Progreso,Comisión Directiva,,SI
JULIAN SIMON,"Simon, Julian",1960,Fraccion Tradicional,Comisión Directiva,,SI
ATILIO SOMAZZI,"Somazzi, Atilio",1971,Resurgimiento Sanlorencista,Comisión Directiva,,SI
ANGEL SOMMA,"Somma, Angel",1954,Fraccion Tradicional,Comisión Directiva,,SI
ANGEL SOMMA,"Somma, Angel",1951,Fraccion Tradicional,Comisión Directiva,,SI
LICINIO SONCINI,"Soncini, Licinio",1974,Frente de Reconstruccion Sanlorencista,Comisión Directiva,,NO
RICARDO SORIVA,"Soriva, Ricardo",1963,Orden y Progreso,Comisión Directiva,,SI
RICARDO SORIVA,"Soriva, Ricardo",1960,Orden y Progreso,Comisión Directiva,,NO
RICARDO SORIVA,"Soriva, Ricardo",1951,Unidad Sanlorencista,Comisión Directiva,,NO
RICARDO SORIVA,"Soriva, Ricardo",1949,Unidad Sanlorencista,Comisión Directiva,,SI
RICARDO SORIVA,"Soriva, Ricardo",1945,Orden y Progreso,Comisión Directiva,,SI
CARLOS JUAN SOTTILE,"Sottile, Juan Carlos",1983 (LISTA DE UNIDAD),Lista de Unidad,Comisión Directiva,,SI
JOSE SPERA,"Spera, Jose",1969,Lista de Unidad,Comisión Directiva,,SI
JOSE SPERA,"Spera, Jose",1966 (LISTA DE UNIDAD),Lista de Unidad,Comisión Directiva,,SI
JOSE SPERA,"Spera, Jose",1960,Unidad,Comisión Directiva,,NO
EDELMIRO SPINELLI,"Spinelli, Edelmiro",1949,Unidad Sanlorencista,Comisión Directiva,,SI
ROBERTO STERIA,"Steria, Roberto",1980,Lista Blanca Opositora,Comisión Directiva,,SI
STONI VALENTIN,"Stoni, Valentin",1933,Lista Popular,Comisión Directiva,,NO
MANUEL NOVO ROBERTO SUAREZ,"Suarez Novo, Manuel Roberto",1971,Resurgimiento Sanlorencista,Comisión Directiva,,SI
BARTOLOME SUAREZ,"Suarez, Bartolome",1937,Lista Popular,Comisión Directiva,,NO
BARTOLOME SUAREZ,"Suarez, Bartolome",1929,Fraccion Opositora,Comisión Directiva,,SI
GUSTAVO SUAREZ,"SUAREZ, GUSTAVO",2022,San Lorenzo Querido,Comisión Directiva,,NO
GUMERSINDO TABOADA,"Taboada, Gumersindo",1933,Lista Popular,Comisión Directiva,,NO
GUMERSINDO TABOADA,"Taboada, Gumersindo",1929,Fraccion Opositora,Comisión Directiva,,SI
CESAR TAGLIANI,"Tagliani, Cesar",1957,Fraccion Tradicional,Comisión Directiva,,SI
JOSE TAMI,"Tami, Jose",1960,Fraccion Tradicional,Comisión Directiva,,SI
JOSE TAMI,"Tami, Jose",1954,Fraccion Tradicional,Comisión Directiva,,SI
RICARDO TEMI,"Temi, Ricardo",1982 (LISTA DE UNIDAD),Lista de Unidad,Comisión Directiva,,SI
TEOFILO THEODORE,"Theodore, Teofilo",1933,Lista Popular,Comisión Directiva,,NO
TEOFILO THEODORE,"Theodore, Teofilo",1931,Lista Popular,Comisión Directiva,,NO
JAVIER TOLEDO,"Toledo, Javier",1974,Resurgimiento Sanlorencista,Comisión Directiva,,SI
DARIO TORREGROSA,"TORREGROSA, DARIO",2022,Boedo en Accion,Comisión Directiva,,NO
ANTONIO TORTORELLI,"Tortorelli, Antonio",1966 (LISTA DE UNIDAD),Lista de Unidad,Comisión Directiva,,SI
LUIS TRAVERSO,"Traverso, Luis",1954,Fraccion Tradicional,Comisión Directiva,,SI
LUIS TRAVERSO,"Traverso, Luis",1951,Fraccion Tradicional,Comisión Directiva,,SI
LUIS TRAVERSO,"Traverso, Luis",1947,Fraccion Tradicional,Comisión Directiva,,SI
ROBERTO TRIGO,"Trigo, Roberto",1971,Resurgimiento Sanlorencista,Comisión Directiva,,SI
ADRIAN TRIPODI,"TRIPODI, ADRIAN",2022,Renovación Sanlorencista,Comisión Directiva,,NO
ANTONIO MARIO TRIPODI,"Tripodi, Antonio Mario",1974,Frente de Reconstruccion Sanlorencista,Comisión Directiva,,NO
JOSE TROGLIO,"Troglio, Jose",1935,Orden y Progreso,Comisión Directiva,,SI
JOSE TROGLIO,"Troglio, Jose",1933,Orden y Progreso,Comisión Directiva,,SI
RAMON URBICAIN,"Urbicain, Ramon",1960,Fraccion Tradicional,Comisión Directiva,,SI
ANTONIO URSO,"Urso, Antonio",1960,Fraccion Tradicional,Comisión Directiva,,SI
HECTOR VALAZZA,"Valazza, Hector",1933,Lista Popular,Comisión Directiva,,NO
HECTOR VALAZZA,"Valazza, Hector",1931,Lista Popular,Comisión Directiva,,NO
DAVID VALDES,"Valdes, David",1949,Unidad Sanlorencista,Comisión Directiva,,SI
DAVID VALDES,"Valdes, David",1945,Orden y Progreso,Comisión Directiva,,SI
MIGUEL VALINO,"Valino, Miguel",1974,Frente de Reconstruccion Sanlorencista,Comisión Directiva,,NO
OSVALDO VALINO,"Valiño, Osvaldo",1980,Lista Blanca Opositora,Comisión Directiva,,SI
OSVALDO VALINO,"Valiño, Osvaldo",1974,Resurgimiento Sanlorencista,Comisión Directiva,,SI
OSVALDO VALINO,"Valiño, Osvaldo",1971,Resurgimiento Sanlorencista,Comisión Directiva,,SI
OSCAR VAQUERO,"Vaquero, Oscar",1980,Nueva Lista Sanlorencista,Comisión Directiva,,SI
JOSE VARDE,"Varde, Jose",1957,Fraccion Tradicional,Comisión Directiva,,SI
TOMAS VARELA,"Varela, Tomas",1931,Lista Popular,Comisión Directiva,,NO
TOMAS VARELA,"Varela, Tomas",1929,Fraccion Opositora,Comisión Directiva,,SI
HECTOR VAZQUEZ,"Vazquez, Hector",1974,Resurgimiento Sanlorencista,Comisión Directiva,,SI
M R VAZQUEZ,"Vazquez, R. M",1935,Orden y Progreso,Comisión Directiva,,SI
JUAN VERGER,"Verger, Juan",1939,Orden y Progreso,Comisión Directiva,,SI
ALBERTO VIGLECCA,"Viglecca, Alberto",1939,Orden y Progreso,Comisión Directiva,,SI
JUAN VILLAMIL,"Villamil, Juan",1947,Fraccion Tradicional,Comisión Directiva,,SI
PEDRO VILLEMUR,"Villemur, Pedro",1929,Fraccion Opositora,Comisión Directiva,,SI
PEDRO VILLEMUR,"Villemur, Pedro",1927,Lista Popular,Comisión Directiva,,SI
JOSE VITA,"Vita, Jose",1960,Fraccion Tradicional,Comisión Directiva,,SI
JOSE VITA,"Vita, Jose",1951,Fraccion Tradicional,Comisión Directiva,,SI
HUGO WENCENBLEUN,"Wencenbleun, Hugo",1980,Lista Blanca Opositora,Comisión Directiva,,SI
ALBERTO YAPUR,"Yapur, Alberto",1957,Fraccion Tradicional,Comisión Directiva,,SI
JUAN ZANARDO,"Zanardo, Juan",1937,Orden y Progreso,Comisión Directiva,,SI
JUAN ZANARDO,"Zanardo, Juan",1935,Orden y Progreso,Comisión Directiva,,SI
JUAN ZANARDO,"Zanardo, Juan",1933,Orden y Progreso,Comisión Directiva,,SI
MIGUEL ZAPPINO,"Zappino, Miguel",1963,Orden y Progreso,Comisión Directiva,,SI
JOSE ZUPPI,"Zuppi, Jose",1957,Fraccion Tradicional,Comisión Directiva,,SI
ROQUE SCOTELLARO,"Scotellaro, Roque",1957,Fraccion Tradicional,Comisión Directiva,,SI
PETENELLO RODOLFO,"Petenello, Rodolfo",1943,Orden y Progreso,Comisión Directiva,,SI
PETENELLO RODOLFO,"Petenello, Rodolfo",1941,Orden y Progreso,Comisión Directiva,,SI
RIGGIO ROBERTO,"Riggio, roberto",1943,Orden y Progreso,Comisión Directiva,,SI
EUGENIO SPINELLI,"Spinelli, Eugenio",1943,Orden y Progreso,Comisión Directiva,,SI
EUGENIO SPINELLI,"Spinelli, Eugenio",1941,Orden y Progreso,Comisión Directiva,,SI
PASCUAL TRAPANI,"Trapani, Pascual",1943,Orden y Progreso,Comisión Directiva,,SI
PASCUAL TRAPANI,"Trapani, Pascual",1941,Orden y Progreso,Comisión Directiva,,SI
CARLOS JUAN NOODT,"Noodt, Juan Carlos",1943,Orden y Progreso,Comisión Directiva,,SI
CARLOS JUAN NOODT,"Noodt, Juan Carlos",1941,Orden y Progreso,Comisión Directiva,,SI
GREY MANUEL,"Grey, Manuel",1943,Orden y Progreso,Comisión Directiva,,SI
EDUARDO VULETICH,"Vuletich, Eduardo",1943,Orden y Progreso,Comisión Directiva,,SI
GARCIA MATIAS,"Garcia, Matias",1943,Orden y Progreso,Comisión Directiva,,SI
BUSTAMANTE JOSE,"Bustamante, Jose",1943,Orden y Progreso,Comisión Directiva,,SI
VATTUONE VICTOR,"Vattuone, Victor",1943,Orden y Progreso,Comisión Directiva,,SI
VATTUONE VICTOR,"Vattuone, Victor",1941,Orden y Progreso,Comisión Directiva,,SI
ANGEL BARBONE MIGUEL,"Angel Barbone, Miguel",1941,Orden y Progreso,Comisión Directiva,,SI
LANDA PEDRO,"Landa, Pedro",1941,Orden y Progreso,Comisión Directiva,,SI
ENRIQUE UBOLDI,"Uboldi, Enrique",1941,Orden y Progreso,Comisión Directiva,,SI
GALAND JUAN,"Galand, Juan",1941,Orden y Progreso,Comisión Directiva,,SI
ESTEBAN PODIO,"Podio, Esteban",1941,Orden y Progreso,Comisión Directiva,,SI
FRADUSCO FRANCISCO,"Fradusco, Francisco",1941,Orden y Progreso,Comisión Directiva,,SI
LUIS RODRIGUEZ,"Rodriguez, Luis",1941,Orden y Progreso,Comisión Directiva,,SI
GALVEZ GOMEZ JERONIMO,"Gomez Galvez, Jeronimo",1939,Orden y Progreso,Comisión Directiva,,SI
CARLOS PRIM,"Prim, Carlos",1939,Orden y Progreso,Comisión Directiva,,SI
JOSE TEDESCHI,"Tedeschi, Jose",1927,Lista Popular,Comisión Directiva,,SI
BOTINELLI CEFERINO,"Botinelli, Ceferino",1927,Lista Popular,Comisión Directiva,,SI
BARZANA RAMON,"Barzana, Ramon",1927,Lista Popular,Comisión Directiva,,SI
GOLDISTEYN ISAAC,"Goldisteyn, Isaac",1927,Lista Popular,Comisión Directiva,,SI
COLUCCIO MARIO,"Coluccio, Mario",1969,Lista de Unidad,Comisión Directiva,,SI
LUCCHINI OSCAR,"Lucchini, Oscar",1969,Lista de Unidad,Comisión Directiva,,SI
LUCCHINI OSCAR,"Lucchini, Oscar",1966 (LISTA DE UNIDAD),Lista de Unidad,Comisión Directiva,,SI
LUCCHINI OSCAR,"Lucchini, Oscar",2004,(Sin datos),Junta Electoral,Vocal Junta Electoral,SI
CANDIDO MASSEO,"Masseo, Candido",1969,Lista de Unidad,Comisión Directiva,,SI
ALFREDO MIRANDA,"Miranda, Alfredo",1969,Lista de Unidad,Comisión Directiva,,SI
ORFEO OSVALDO,"Orfeo, Osvaldo",1969,Lista de Unidad,Comisión Directiva,,SI
ORFEO OSVALDO,"Orfeo, Osvaldo",1966 (LISTA DE UNIDAD),Lista de Unidad,Comisión Directiva,,SI
OBDULIO PATRONE,"Patrone, Obdulio",1971,Resurgimiento Sanlorencista,Comisión Directiva,,SI
OBDULIO PATRONE,"Patrone, Obdulio",1969,Lista de Unidad,Comisión Directiva,,SI
OBDULIO PATRONE,"Patrone, Obdulio",1966 (LISTA DE UNIDAD),Lista de Unidad,Comisión Directiva,,SI
RODOLFO SANTOS,"Santos, Rodolfo",1969,Lista de Unidad,Comisión Directiva,,SI
RODOLFO SANTOS,"Santos, Rodolfo",1966 (LISTA DE UNIDAD),Lista de Unidad,Comisión Directiva,,SI
RICARDO SCHILLER,"Schiller, Ricardo",1969,Lista de Unidad,Comisión Directiva,,SI
ANGEL DOMINGO GERINO,"Gerino, Angel Domingo",1969,Lista de Unidad,Comisión Directiva,,NO
HABIB OSCAR,"Habib, Oscar",1969,Lista de Unidad,Comisión Directiva,,NO
LARGENTE ROBERTO,"Largente, Roberto",1969,Lista de Unidad,Comisión Directiva,,NO
JUAN MORELLO,"Morello, Juan",1969,Lista de Unidad,Comisión Directiva,,NO
JORGE PARODI VICENTE,"Parodi, Vicente Jorge",1969,Lista de Unidad,Comisión Directiva,,NO
PASCUAL RAMONDINO,"Ramondino, Pascual",1969,Lista de Unidad,Comisión Directiva,,NO
LUIS RAFAEL TRIPOLI,"Tripoli, Rafael Luis",1969,Lista de Unidad,Comisión Directiva,,NO
DOMINGO TUNNO,"Tunno, Domingo",1969,Lista de Unidad,Comisión Directiva,,NO
JUAN POU,"Pou, Juan",1966 (LISTA DE UNIDAD),Lista de Unidad,Comisión Directiva,,SI
JOSE LOFREDO,"Lofredo, Jose",1963,Orden y Progreso,Comisión Directiva,,SI
MIGUEL NERGESIAN,"Nergesian, Miguel",1960,Fraccion Tradicional,Comisión Directiva,,SI
FELIPE ORFEO,"Orfeo, Felipe",1960,Fraccion Tradicional,Comisión Directiva,,SI
JOSE MAGARINOS,"Magariños, Jose",1960,Fraccion Tradicional,Comisión Directiva,,SI
JOSE MAGARINOS,"Magariños, Jose",1971,Orden y Progreso,Fiscalizadora,,SI
ANTONIO COLACE,"Colace, Antonio",1960,Fraccion Tradicional,Comisión Directiva,,SI
FRANCISCO GUIDA,"Guida, Francisco",1960,Fraccion Tradicional,Comisión Directiva,,SI
GONZALEZ PAULINO,"Gonzalez, Paulino",1960,Fraccion Tradicional,Comisión Directiva,,SI
BARBIERI RODOLFO,"Barbieri, Rodolfo",1971,Resurgimiento Sanlorencista,Comisión Directiva,,SI
DOMINGO MALGIAVALORI,"Malgiavalori, Domingo",1971,Resurgimiento Sanlorencista,Comisión Directiva,,SI
BENNASAR PEDRO,"Bennasar, Pedro",1954,Fraccion Tradicional,Comisión Directiva,,SI
ANTONIO BARBATO,"Barbato, Antonio",1954,Fraccion Tradicional,Comisión Directiva,,SI
ANTONIO SANCHEZ,"Sanchez, Antonio",1954,Fraccion Tradicional,Comisión Directiva,,SI
ANTONIO SANCHEZ,"Sanchez, Antonio",1951,Fraccion Tradicional,Comisión Directiva,,SI
JOSE MONTESANO,"Montesano, Jose",1951,Fraccion Tradicional,Comisión Directiva,,SI
A M ORFILA,"Orfila, A. M",1951,Fraccion Tradicional,Comisión Directiva,,SI
CARLOS PEPE,"Pepe, Carlos",1951,Fraccion Tradicional,Comisión Directiva,,SI
CARLOS PEPE,"Pepe, Carlos",1947,Fraccion Tradicional,Comisión Directiva,,SI
EUGENIO POLLONE,"Pollone, Eugenio",1951,Fraccion Tradicional,Comisión Directiva,,SI
ANTONIO SCARCELLA,"Scarcella, Antonio",1951,Fraccion Tradicional,Comisión Directiva,,SI
ANTONIO SCARCELLA,"Scarcella, Antonio",1947,Fraccion Tradicional,Comisión Directiva,,SI
HERNANDO SAUMELL,"Saumell, Hernando",1951,Fraccion Tradicional,Comisión Directiva,,SI
ALFREDO CARBONE,"Carbone, Alfredo",1951,Fraccion Tradicional,Comisión Directiva,,SI
JOSE ROMERO,"Romero, Jose",1947,Fraccion Tradicional,Comisión Directiva,,SI
PEREZ RAUL,"Perez, Raul",1947,Fraccion Tradicional,Comisión Directiva,,SI
MERZARIO REYNALDO,"Merzario, Reynaldo",1947,Fraccion Tradicional,Comisión Directiva,,SI
RICARDO RUGNA,"Rugna, Ricardo",1947,Fraccion Tradicional,Comisión Directiva,,SI
FELIPE PETINICCHIO,"Petinicchio, Felipe",1947,Fraccion Tradicional,Comisión Directiva,,SI
ALBINO VERDINI,"Verdini, Albino",1947,Fraccion Tradicional,Comisión Directiva,,SI
DONATO LEPORE,"Lepore, Donato",1949,Unidad Sanlorencista,Comisión Directiva,,SI
JUAN RAVALLI,"Ravalli, Juan",1949,Unidad Sanlorencista,Comisión Directiva,,SI
LUCIANO PETERONE,"Peterone, Luciano",1949,Unidad Sanlorencista,Comisión Directiva,,SI
LUCIANO PETERONE,"Peterone, Luciano",1966,Lista de Unidad,Fiscalizadora,,SI
ABRITTA LUIS,"Abritta, Luis",1949,Unidad Sanlorencista,Comisión Directiva,,SI
JUAN SCHIAFFINO,"Schiaffino, Juan",1949,Unidad Sanlorencista,Comisión Directiva,,SI
BAYON QUINTIN,"Bayon, Quintin",1949,Unidad Sanlorencista,Comisión Directiva,,SI
ARMANDO OLIVIERI,"Olivieri, Armando",1949,Unidad Sanlorencista,Comisión Directiva,,SI
ABDALA HECTOR,"Abdala, Hector",2022,Renovación Sanlorencista,Asamblea,,NO
ACEVEDO MABEL,"Acevedo, Mabel",2022,Siempre San Lorenzo,Asamblea,,NO
ALFANO DAMIAN,"Alfano, Damian",2022,Renovación Sanlorencista,Asamblea,,NO
ALLARIA GERARDO,"Allaria, Gerardo",2022,Renovación Sanlorencista,Asamblea,,NO
ANGIO RICARDO,"Angio, Ricardo",2022,San Lorenzo Querido,Asamblea,,NO
APUZZO VALERIA,"Apuzzo, Valeria",2022,San Lorenzo Querido,Asamblea,,NO
ARCOGLIANO NICOLAS,"Arcogliano, Nicolas",2022,Renovación Sanlorencista,Asamblea,,NO
ARRIETA MARCOS,"Arrieta, Marcos",2022,Boedo en Accion,Asamblea,,NO
AYUDE KARINA,"Ayude, Karina",2022,Renovación Sanlorencista,Asamblea,,NO
BALASINI LEANDRO,"Balasini, Leandro",2022,San Lorenzo Querido,Asamblea,,NO
BARBALACE BRIAN,"Barbalace, Brian",2022,Renovación Sanlorencista,Asamblea,,NO
BARROS NICOLAS,"Barros, Nicolas",2022,Boedo en Accion,Asamblea,,NO
BATTIPAGLIA LEANDRO,"Battipaglia, Leandro",2023,Boedo en Accion,Asamblea,,NO
BATTIPAGLIA LEANDRO,"Battipaglia, Leandro",2022,Boedo en Accion,Asamblea,,NO
BERGERO PABLO,"Bergero, Pablo",2022,San Lorenzo Querido,Asamblea,,NO
BERTULIO CESAR JULIO,"Bertulio, Julio Cesar",2022,Volver a San Lorenzo,Asamblea,,NO
BEVACQUA DANIEL,"Bevacqua, Daniel",2022,Boedo en Accion,Asamblea,,NO
BOCCHI DULIO,"Bocchi, Dulio",2022,Siempre San Lorenzo,Asamblea,,NO
ARIEL BONINA,"Bonina, Ariel",2022,Siempre San Lorenzo,Asamblea,,NO
BORGHETTI IGNACIO,"Borghetti, Ignacio",2022,Renovación Sanlorencista,Asamblea,,NO
BOUZON NATALIA,"Bouzon, Natalia",2022,Volver a San Lorenzo,Asamblea,,NO
BRAVO VALENTIN,"Bravo, Valentin",2022,Boedo en Accion,Asamblea,,NO
BRITOS DIEGO EZEQUIEL,"Britos, Diego Ezequiel",2022,Renovación Sanlorencista,Asamblea,,NO
BRIUOLI HERNAN,"Briuoli, Hernan",2013,San Lorenzo Siglo XXI,Asamblea,,NO
BUSTOS GLADYS,"Bustos, Gladys",2022,Boedo en Accion,Asamblea,,NO
CALEGARI ENRIQUE,"Calegari, Enrique",2022,Siempre San Lorenzo,Asamblea,,NO
CAMBAS LUCAS,"Cambas, Lucas",2022,Siempre San Lorenzo,Asamblea,,NO
CAMPOS ROMINA,"Campos, Romina",2022,Boedo en Accion,Asamblea,,NO
CANDI DANIEL,"Candi, Daniel",2022,Renovación Sanlorencista,Asamblea,,NO
CARDOZO ROSANA,"Cardozo, Rosana",2022,Boedo en Accion,Asamblea,,NO
CAMILA CARESTIA COLQUE,"Carestia Colque, Camila",2022,Volver a San Lorenzo,Asamblea,,NO
CARRIZO JORGE,"Carrizo, Jorge",2022,Boedo en Accion,Asamblea,,NO
2 CARLOS CASAS JUAN,"Casas, Juan Carlos (2)",2013,Volver a San Lorenzo,Asamblea,,NO
CATERA DANIEL,"Catera, Daniel",2022,Siempre San Lorenzo,Asamblea,,NO
CENTURION LEANDRO LEZCANO,"Centurion Lezcano, Leandro",2022,Siempre San Lorenzo,Asamblea,,NO
BELEN CENTURION LEZCANO M,"Centurion Lezcano, M Belen",2022,Siempre San Lorenzo,Asamblea,,NO
CERMINARA RODOLFO,"Cerminara, Rodolfo",2022,Boedo en Accion,Asamblea,,NO
CERVETTO GRACIELA,"Cervetto, Graciela",2022,Renovación Sanlorencista,Asamblea,,NO
CIBIERA JAVIER,"Cibiera, Javier",2022,San Lorenzo Querido,Asamblea,,NO
CISNEROS WALTER,"Cisneros, Walter",2022,San Lorenzo Querido,Asamblea,,NO
CIVIT MARTIN,"Civit, Martin",2022,Renovación Sanlorencista,Asamblea,,NO
CLAUT NATALI,"Claut, Natali",2022,Boedo en Accion,Asamblea,,NO
COLMAN DARIO,"Colman, Dario",2022,Siempre San Lorenzo,Asamblea,,NO
COLOMBO NANCY,"Colombo, Nancy",2022,Renovación Sanlorencista,Asamblea,,NO
COLONNO GONZALO,"Colonno, Gonzalo",2022,Siempre San Lorenzo,Asamblea,,NO
BELEN CONTE MARIA,"Conte, Maria Belen",2022,Volver a San Lorenzo,Asamblea,,NO
CORIA FEDERICO LUIS,"Coria, Luis Federico",2022,San Lorenzo Querido,Asamblea,,NO
CORIGLIANO DOMINGO,"Corigliano, Domingo",2022,Siempre San Lorenzo,Asamblea,,NO
ARIEL COUSO,"Couso, Ariel",2022,Boedo en Accion,Asamblea,,NO
CUBERLI DIEGO,"Cuberli, Diego",2022,San Lorenzo Querido,Asamblea,,NO
CUCELI MALVINA,"Cuceli, Malvina",2022,Siempre San Lorenzo,Asamblea,,NO
AMBROSIO D MARCELO,"D'ambrosio, Marcelo",2022,Siempre San Lorenzo,Asamblea,,NO
DANIELE MARTIN,"Daniele, Martin",2022,Boedo en Accion,Asamblea,,NO
ARMANDO DARAKDJIAN,"Armando, Darakdjian.",2022,Siempre San Lorenzo,Asamblea,,NO
DE MARCO MICAELA,"De Marco, Micaela",2022,Volver a San Lorenzo,Asamblea,,NO
CARLOS DE MATTEO,"De Matteo, Carlos",2022,Boedo en Accion,Asamblea,,NO
DE JOSE LEONARDO SAMPEDRO,"De Sampedro, Leonardo Jose",2022,Renovación Sanlorencista,Asamblea,,NO
DE LEONARDO MANUEL SAMPEDRO,"De Sampedro, Manuel Leonardo",2022,Renovación Sanlorencista,Asamblea,,NO
DE FERNANDO VITO,"De Vito, Fernando",2022,Boedo en Accion,Asamblea,,NO
DEL GABRIEL GROSSO,"Del Grosso, Gabriel",2022,Boedo en Accion,Asamblea,,NO
ALEJANDRA DELGADO MARIA,"Delgado, Maria Alejandra",2022,Boedo en Accion,Asamblea,,NO
DI LORENZO SILVESTRO,"Di Silvestro, Lorenzo",2022,Renovación Sanlorencista,Asamblea,,NO
COCO DIAZ FLORENCIA MARIA,"Diaz Coco, Maria Florencia",2022,Boedo en Accion,Asamblea,,NO
AZUL DIAZ MARIA,"Diaz, Maria Azul",2022,Siempre San Lorenzo,Asamblea,,NO
DODERO FRANCO,"Dodero, Franco",2022,San Lorenzo Querido,Asamblea,,NO
ADRIAN DOMINGUEZ SERGIO,"Dominguez, Sergio Adrian",2022,Siempre San Lorenzo,Asamblea,,NO
CESAR ESCOBAR JULIO,"Escobar, Julio Cesar",2022,San Lorenzo Querido,Asamblea,,NO
CONRADO DIEGO ESTEVEZ,"Estevez, Diego Conrado",2022,San Lorenzo Querido,Asamblea,,NO
CONRADO DIEGO ESTEVEZ,"Estevez, Diego Conrado",2010,Mas San Lorenzo,Fiscalizadora,,SI
CONRADO DIEGO ESTEVEZ,"Estevez, Diego Conrado",2007,Progreso Azulgrana,Fiscalizadora,,NO
ESTRUCH GUILLERMO,"Estruch, Guillermo",2022,Siempre San Lorenzo,Asamblea,,NO
DANIEL FALABELLA,"Falabella, Daniel",2022,Renovación Sanlorencista,Asamblea,,NO
EMILIO FALBO,"Falbo, Emilio",2022,Volver a San Lorenzo,Asamblea,,NO
EMILIO FALBO,"Falbo, Emilio",2019,Volver a San Lorenzo,Fiscalizadora,,NO
EMILIO FALBO,"Falbo, Emilio",2016,Volver a San Lorenzo,Fiscalizadora,,NO
EMMANUEL FARINA,"Farina, Emmanuel",2022,Siempre San Lorenzo,Asamblea,,NO
FARRE JUAN PABLO,"Farre, Juan Pablo",2022,Boedo en Accion,Asamblea,,NO
DIEGO ELBIO FERNANDEZ,"Fernandez, Diego Elbio",2022,Renovación Sanlorencista,Asamblea,,NO
FERNANDEZ FLORENCIA MARIA,"Fernandez, Maria Florencia",2022,Renovación Sanlorencista,Asamblea,,NO
AGOSTINA FERRANTE,"Ferrante, Agostina",2022,Boedo en Accion,Asamblea,,NO
FIGUEIRA PATRICIA,"Figueira, Patricia",2022,Renovación Sanlorencista,Asamblea,,NO
CLAUDIA FIGUEROA,"Figueroa, Claudia",2022,Renovación Sanlorencista,Asamblea,,NO
FIONDA ROMINA,"Fionda, Romina",2022,Renovación Sanlorencista,Asamblea,,NO
FIURATTI LUIS,"Fiuratti, Luis",2022,Siempre San Lorenzo,Asamblea,,NO
ANTONIO FLIPPETTI JORGE,"Flippetti, Jorge Antonio",2022,Boedo en Accion,Asamblea,,NO
FONTANELLA VANESA,"Fontanella, Vanesa",2022,Boedo en Accion,Asamblea,,NO
EDUARDO FORNERO,"Fornero, Eduardo",2022,San Lorenzo Querido,Asamblea,,NO
FIORELLA FULLE,"Fulle, Fiorella",2022,San Lorenzo Querido,Asamblea,,NO
DANIEL GALLEGO,"Gallego, Daniel",2022,Siempre San Lorenzo,Asamblea,,NO
GAMALLO GONZALO,"Gamallo, Gonzalo",2022,San Lorenzo Querido,Asamblea,,NO
GAMALLO LEANDRO,"Gamallo, Leandro",2022,San Lorenzo Querido,Asamblea,,NO
CASERTA GARCIA JOSE,"Garcia Caserta, Jose",2023,Boedo en Accion,Asamblea,,NO
CASERTA GARCIA JOSE,"Garcia Caserta, Jose",2022,Boedo en Accion,Asamblea,,NO
ARTURO GARCIA ORESTE,"Garcia, Arturo Oreste",2022,San Lorenzo Querido,Asamblea,,NO
GARCIA MATIAS MIGUEL,"Garcia, Matias Miguel",2022,Siempre San Lorenzo,Asamblea,,NO
GAZZA SEBASTIAN,"Gazza, Sebastian",2022,Renovación Sanlorencista,Asamblea,,NO
CARLOS GENOESE OSVALDO,"Genoese, Carlos Osvaldo",2022,Renovación Sanlorencista,Asamblea,,NO
FERNANDO GIANNONI,"Giannoni, Fernando",2022,Renovación Sanlorencista,Asamblea,,NO
ALICIA GIGENA,"Gigena, Alicia",2022,Siempre San Lorenzo,Asamblea,,NO
GORENSTEIN MARTIN,"Gorenstein, Martin",2022,Boedo en Accion,Asamblea,,NO
GRISOLIA SEBASTIAN,"Grisolia, Sebastian",2022,Siempre San Lorenzo,Asamblea,,NO
GRONDONA JULIETA,"Grondona, Julieta",2022,Volver a San Lorenzo,Asamblea,,NO
GUTIERREZ SEBASTIAN,"Gutierrez, Sebastian",2022,Boedo en Accion,Asamblea,,NO
HERMO WALTER,"Hermo, Walter",2022,San Lorenzo Querido,Asamblea,,NO
ALBERTO FERNANDO HERNANDEZ,"Hernandez, Fernando Alberto",2022,Renovación Sanlorencista,Asamblea,,NO
HERRERO MARIA,"Herrero, Maria",2022,Volver a San Lorenzo,Asamblea,,NO
DAMIAN IERACI LEONARDO,"Ieraci, Damian Leonardo",2022,Volver a San Lorenzo,Asamblea,,NO
IRACHETA JUAN,"Iracheta, Juan",2022,Boedo en Accion,Asamblea,,NO
ISNARDI MAURO,"Isnardi, Mauro",2022,Renovación Sanlorencista,Asamblea,,NO
EMILIANO LANDESMAN,"Landesman, Emiliano",2022,Renovación Sanlorencista,Asamblea,,NO
GUSTAVO LANZIANO,"Lanziano, Gustavo",2022,Boedo en Accion,Asamblea,,NO
LATTANZI SILVIA,"Lattanzi, Silvia",2022,Siempre San Lorenzo,Asamblea,,NO
GUILLERMO LAVEGLIA,"Laveglia, Guillermo",2022,Siempre San Lorenzo,Asamblea,,NO
ERNESTO LAVIERI,"Lavieri, Ernesto",2022,Renovación Sanlorencista,Asamblea,,NO
ALAN LIROSI,"Lirosi, Alan",2022,Boedo en Accion,Asamblea,,NO
FEDERICO LIVORA,"Livora, Federico",2022,Volver a San Lorenzo,Asamblea,,NO
EDUARDO LOIS,"Lois, Eduardo",2022,Renovación Sanlorencista,Asamblea,,NO
GRACIANO LOPEZ MARIA,"Lopez Graciano, Maria",2022,Siempre San Lorenzo,Asamblea,,NO
BELKIS MACIEL NELIDA,"Maciel, Belkis Nelida",2022,San Lorenzo Querido,Asamblea,,NO
CARLOS MANGIAROTTI,"Mangiarotti, Carlos",2022,Boedo en Accion,Asamblea,,NO
ANDRES HORACIO MANGONE,"Mangone, Andres Horacio",2022,Renovación Sanlorencista,Asamblea,,NO
GASTON MANOLI,"Manoli, Gaston",2022,San Lorenzo Querido,Asamblea,,NO
DANIEL MANZANO,"Manzano, Daniel",2022,Volver a San Lorenzo,Asamblea,,NO
DANIEL MANZANO,"Manzano, Daniel",2019,Volver a San Lorenzo,Asamblea,,NO
MARCHESE NESTOR,"Marchese, Nestor",2022,Boedo en Accion,Asamblea,,NO
IMAZ MARIANI ULISES,"Mariani Imaz, Ulises",2022,Renovación Sanlorencista,Asamblea,,NO
DANISA MARINOVICH,"Marinovich, Danisa",2022,San Lorenzo Querido,Asamblea,,NO
HERNAN MARRO,"Marro, Hernan",2022,Siempre San Lorenzo,Asamblea,,NO
DOMINGO HORACIO MARTIN,"Martin, Horacio Domingo",2022,Renovación Sanlorencista,Asamblea,,NO
AGUSTIN ANTES MARTINEZ,"Martinez Antes, Agustin",2022,San Lorenzo Querido,Asamblea,,NO
CARLOS MAYOCHI,"Mayochi, Carlos",2022,San Lorenzo Querido,Asamblea,,NO
MATIAS MERCADAL,"Mercadal, Matias",2022,Renovación Sanlorencista,Asamblea,,NO
MERCADO RODRIGO,"Mercado, Rodrigo",2022,Renovación Sanlorencista,Asamblea,,NO
GIULIANO MICELI,"Miceli, Giuliano",2022,Siempre San Lorenzo,Asamblea,,NO
LUCIANA MICELI,"Miceli, Luciana",2022,Renovación Sanlorencista,Asamblea,,NO
CARLOS MILBERG,"Milberg, Carlos",2022,Renovación Sanlorencista,Asamblea,,NO
JAVIER MILBERG,"Milberg, Javier",2022,Renovación Sanlorencista,Asamblea,,NO
LUCAS MOLA SALVADOR,"Mola, Lucas Salvador",2022,San Lorenzo Querido,Asamblea,,NO
LUCA MOREL,"Morel, Luca",2022,Siempre San Lorenzo,Asamblea,,NO
BRIAN MULET,"Mulet, Brian",2022,Renovación Sanlorencista,Asamblea,,NO
HERNAN MUNDO,"MUNDO, HERNAN",2010,Nuevo San Lorenzo,Asamblea,,NO
NANTON SUSANA,"Nanton, Susana",2022,Renovación Sanlorencista,Asamblea,,NO
FLAVIO NESSI REYNALDO,"NESSI, Flavio Reynaldo",2010,Cruzada por San Lorenzo,Asamblea,,NO
FELIX IVAN NORDENSTROM,"Nordenstrom, Ivan Felix",2023,Volver a San Lorenzo,Asamblea,,NO
FELIX IVAN NORDENSTROM,"Nordenstrom, Ivan Felix",2022,Volver a San Lorenzo,Asamblea,,NO
JULIA NORIEGA,"Noriega, Julia",2022,Boedo en Accion,Asamblea,,NO
ADRIANA NOVAIS VICTORIA,"Novais, Adriana Victoria",2019,Cruzada por San Lorenzo,Asamblea,,NO
MANUEL NUNEZ,"Nuñez, Manuel",2022,Siempre San Lorenzo,Asamblea,,NO
GUILLERMO OSHIRO,"Oshiro, Guillermo",2022,Siempre San Lorenzo,Asamblea,,NO
EDUARDO OVIEDO,"Oviedo, Eduardo",2022,Boedo en Accion,Asamblea,,NO
CLAUS GUIDO PALADINO,"Paladino Claus, Guido",2022,Boedo en Accion,Asamblea,,NO
NORBERTO PALISI,"Palisi, Norberto",2022,Volver a San Lorenzo,Asamblea,,NO
EXEQUIEL PALLARES,"Pallares, Exequiel",2022,Boedo en Accion,Asamblea,,NO
CARBALLO ERIKA PALOU,"Palou Carballo, Erika",2022,Siempre San Lorenzo,Asamblea,,NO
EDUARDO PANDELO,"Pandelo, Eduardo",2022,Volver a San Lorenzo,Asamblea,,NO
CLAUDIO PANDO ROBERTO,"Pando, Claudio Roberto",2022,San Lorenzo Querido,Asamblea,,NO
MIGUEL PAPACCENA RUBEN,"Papaccena, Ruben Miguel",2023,Volver a San Lorenzo,Asamblea,,NO
MIGUEL PAPACCENA RUBEN,"Papaccena, Ruben Miguel",2022,Volver a San Lorenzo,Fiscalizadora,,NO
PARENGO SERGIO,"Parengo, Sergio",2022,Boedo en Accion,Asamblea,,NO
NICOLAS PAZ POLITO,"Paz Polito, Nicolas",2022,Siempre San Lorenzo,Asamblea,,NO
BRIAN JORGE PEDRA,"Pedra, Jorge Brian",2022,Renovación Sanlorencista,Asamblea,,NO
AGUSTIN MATIAS PEREYRA,"Pereyra, Agustin Matias",2022,Renovación Sanlorencista,Asamblea,,NO
FLORENCIA PEREYRA,"Pereyra, Florencia",2022,Boedo en Accion,Asamblea,,NO
HORACIO PEREZ RUBINO,"Perez Rubino, Horacio",2022,Siempre San Lorenzo,Asamblea,,NO
JUAN PERRONE,"Perrone, Juan",2022,Boedo en Accion,Asamblea,,NO
DANIEL PISTOIA,"Pistoia, Daniel",2022,Boedo en Accion,Asamblea,,NO
FEDERICO PISTOIA,"Pistoia, Federico",2022,San Lorenzo Querido,Asamblea,,NO
JAVIER POUSTIS RUBEN,"Poustis, Ruben Javier",2022,Renovación Sanlorencista,Asamblea,,NO
MATIAS RAMIREZ,"Ramirez, Matias",2022,San Lorenzo Querido,Asamblea,,NO
ALEJANDRO RASCOVAN,"Rascovan, Alejandro",2022,Volver a San Lorenzo,Asamblea,,NO
GUILLERMO RIAL,"Rial, Guillermo",2022,Renovación Sanlorencista,Asamblea,,NO
GONZALO RICCA,"Ricca, Gonzalo",2022,Siempre San Lorenzo,Asamblea,,NO
ALDO RIOLFI,"Riolfi, Aldo",2004,Grandeza Azulgrana,Asamblea,,NO
ROCCHIA ROQUE,"Rocchia, Roque",2022,Siempre San Lorenzo,Asamblea,,NO
ALBERTO CARLOS RODOGNO,"Rodogno, Carlos Alberto",2022,Renovación Sanlorencista,Asamblea,,NO
MARINA RODOGNO,"Rodogno, Marina",2022,Renovación Sanlorencista,Asamblea,,NO
ALEJANDRO MIGUEL RODRIGUEZ,"Rodriguez, Alejandro Miguel",2022,Renovación Sanlorencista,Asamblea,,NO
DAMIAN MARIANO RODRIGUEZ,"Rodriguez, Mariano Damian",2022,Renovación Sanlorencista,Asamblea,,NO
MARTIN RODRIGUEZ,"Rodriguez, Martin",2023,X Amor a San Lorenzo,Asamblea,,NO
MARTIN RODRIGUEZ,"Rodriguez, Martin",2022,Boedo en Accion,Asamblea,,NO
ARIEL GASTON ROMERO,"Romero, Gaston Ariel",2022,San Lorenzo Querido,Asamblea,,NO
MARIANO ROVATTI,"Rovatti, Mariano",2022,Boedo en Accion,Asamblea,,NO
GONZALEZ MARIELA RUIZ,"Ruiz Gonzalez, Mariela",2022,Renovación Sanlorencista,Asamblea,,NO
DE DIEGO SAENZ TEJADA,"Saenz de Tejada, diego",2022,Siempre San Lorenzo,Asamblea,,NO
ANGEL SCHIAFFINO,"Schiaffino, Angel",2022,Renovación Sanlorencista,Asamblea,,NO
EZEQUIEL MARCELO SCIGLIANO,"Scigliano, Marcelo Ezequiel",2022,Siempre San Lorenzo,Asamblea,,NO
SEOANE SILVIA,"Seoane, Silvia",2022,Boedo en Accion,Asamblea,,NO
OSVALDO SEPULVEDA,"Sepulveda, Osvaldo",2022,Siempre San Lorenzo,Asamblea,,NO
CRISTIAN SGRO,"Sgro, Cristian",2022,San Lorenzo Querido,Asamblea,,NO
CRISTIAN SGUT,"Sgut, Cristian",2022,Renovación Sanlorencista,Asamblea,,NO
MARCOS SHEINKMAN,"Sheinkman, Marcos",2004,Dignidad por San Lorenzo,Asamblea,,NO
MARCELO SHOKIDA,"Shokida, Marcelo",2022,Renovación Sanlorencista,Asamblea,,NO
ALBERTO CARLOS SILVA,"Silva, Carlos Alberto",2022,Renovación Sanlorencista,Asamblea,,NO
ALICIA SIMONELLI,"Simonelli, Alicia",2022,Volver a San Lorenzo,Asamblea,,NO
GABRIEL SINGH,"Singh, Gabriel",2022,Boedo en Accion,Asamblea,,NO
FEDERICO JOSE STASI,"Stasi, Federico Jose",2019,Cruzada por San Lorenzo,Asamblea,,NO
ANGELES DE LOS MARIA SUAREZ,"Suarez, Maria de Los Angeles",2022,San Lorenzo Querido,Asamblea,,NO
SABRINA SUAREZ,"Suarez, Sabrina",2022,San Lorenzo Querido,Asamblea,,NO
FACUNDO TORRETA,"Torreta, Facundo",2022,Siempre San Lorenzo,Asamblea,,NO
DOMINGO PEDRO VALLE,"Valle, Pedro Domingo",2022,Renovación Sanlorencista,Asamblea,,NO
ALEJANDRO VALLONE,"Vallone, Alejandro",2022,Boedo en Accion,Asamblea,,NO
MARTIN VARAS,"Varas, Martin",2022,Boedo en Accion,Asamblea,,NO
ERNESTO VERA,"Vera, Ernesto",2022,Renovación Sanlorencista,Asamblea,,NO
HECTOR JORGE VIDAL,"Vidal, Hector Jorge",2022,Renovación Sanlorencista,Asamblea,,NO
RAMON VIDAL,"Vidal, Ramon",2022,San Lorenzo Querido,Asamblea,,NO
VERONICA VIGIL,"Vigil, Veronica",2022,San Lorenzo Querido,Asamblea,,NO
GUILLERMO VISCARDI,"Viscardi, Guillermo",2022,Renovación Sanlorencista,Asamblea,,NO
PATRICIO WALSH,"Walsh, Patricio",2022,San Lorenzo Querido,Asamblea,,NO
FERNANDO ZARAUZA,"Zarauza, Fernando",2022,Renovación Sanlorencista,Asamblea,,NO
FRANCO ZARZA,"Zarza, Franco",2022,Siempre San Lorenzo,Asamblea,,NO
HORACIO ZARZA,"Zarza, Horacio",2022,Siempre San Lorenzo,Asamblea,,NO
VICTORIA ZARZA,"Zarza, Victoria",2022,Siempre San Lorenzo,Asamblea,,NO
NICOLAS ZUCCHET,"Zucchet, Nicolas",2022,Boedo en Accion,Asamblea,,NO
CARLOS DEMARCO JUAN NAZARENO,"Demarco, Juan Carlos Nazareno",1986,Nuevo Rumbo Sanlorencista,Asamblea,,SI
CARLOS DEMARCO JUAN NAZARENO,"Demarco, Juan Carlos Nazareno",1989,Nuevo Rumbo Sanlorencista,Fiscalizadora,,NO
BALDIZZONE MARCELO,"Baldizzone, Marcelo",2004,Dignidad por San Lorenzo,Fiscalizadora,,NO
BALDIZZONE MARCELO,"Baldizzone, Marcelo",2001,Unidad Azulgrana,Fiscalizadora,,NO
BELLOTTI MARIO,"Bellotti, Mario",2004,San Lorenzo para Todos,Fiscalizadora,,NO
BELLOTTI MARIO,"Bellotti, Mario",2001,Unidad Azulgrana,Fiscalizadora,,NO
ALBERTO CAPALBO JULIO,"CAPALBO, Julio Alberto",2010,Mas San Lorenzo,Fiscalizadora,,NO
CIVLIE DIEGO,"Civlie, Diego",2019,Frente Pasión Azulgrana,Fiscalizadora,,NO
DAVERIO EVARISTO JUAN,"Daverio, Juan Evaristo",2022,Boedo en Accion,Fiscalizadora,,NO
DAVERIO EVARISTO JUAN,"Daverio, Juan Evaristo",2010,Grandeza Azulgrana,Fiscalizadora,,NO
DAVERIO EVARISTO JUAN,"Daverio, Juan Evaristo",2001,Nuevo Rumbo Sanlorencista,Fiscalizadora,,NO
DAVERIO EVARISTO JUAN,"Daverio, Juan Evaristo",1998,Nuevo Rumbo Sanlorencista,Fiscalizadora,,SI
DE JOSE LUCIANO VICTOR,"De Luciano, Victor Jose",2013,Cruzada por San Lorenzo,Fiscalizadora,,NO
DE JOSE LUCIANO VICTOR,"De Luciano, Victor Jose",2010,Cruzada por San Lorenzo,Fiscalizadora,,NO
CARLOS DELMORO JUAN,"Delmoro, Juan Carlos",2004,Unidos por San Lorenzo,Fiscalizadora,,NO
DIAZ GERARDO,"Diaz, Gerardo",2022,Volver a San Lorenzo,Fiscalizadora,,NO
AGUSTIN DIAZ MARIANO,"Diaz, Mariano Agustin",2019,Frente Pasión Azulgrana,Fiscalizadora,,NO
FELIPPE LEANDRO RAUL,"FELIPPE, Leandro Raul",2010,Boedo en Accion,Fiscalizadora,,NO
FERRO MARCELO NICOLAS,"Ferro, Nicolas Marcelo",2022,San Lorenzo Querido,Fiscalizadora,,NO
ALBERTO CARLOS FONTANA,"FONTANA, Carlos Alberto",2010,Boedo en Accion,Fiscalizadora,,NO
FRAIMAN JORGE LUIS,"Fraiman, Jorge Luis",2004,San Lorenzo para Todos,Fiscalizadora,,NO
GARRIDO NOBERTO,"Garrido, Noberto",2022,San Lorenzo Querido,Fiscalizadora,,NO
GONZALEZ LUIS POO REINALDO,"GONZALEZ POO, Reinaldo Luis",2010,Boedo en Accion,Fiscalizadora,,NO
ELBA HERNANDO MARGARITA,"HERNANDO, Elba Margarita",2010,Grandeza Azulgrana,Fiscalizadora,,NO
ELBA HERNANDO MARGARITA,"HERNANDO, Elba Margarita",2004,De Nuevo San Lorenzo,Fiscalizadora,,NO
CARLOS EDUARDO MANGIAROTTI,"MANGIAROTTI, Carlos Eduardo",2010,Grandeza Azulgrana,Fiscalizadora,,NO
CARLOS EDUARDO MANGIAROTTI,"MANGIAROTTI, Carlos Eduardo",2001,Nuevo Rumbo Sanlorencista,Fiscalizadora,,NO
CARLOS MANGIORATTI,"Mangioratti, Carlos",2004,Grandeza Azulgrana,Fiscalizadora,,NO
MARIANO MARTIN MERLO,"Merlo, Mariano Martin",2022,Siempre San Lorenzo,Fiscalizadora,,NO
MARIANO MARTIN MERLO,"Merlo, Mariano Martin",2019,Frente Pasión Azulgrana,Fiscalizadora,,NO
MIGUEL MOSQUERA OSCAR,"Mosquera, Oscar Miguel",2007,Unidos por San Lorenzo,Fiscalizadora,,NO
EDUARDO NOGUEIRA,"Nogueira, Eduardo",2004,De Nuevo San Lorenzo,Fiscalizadora,,NO
ALEJANDRO JORGE NUNEZ,"Nuñez, Jorge Alejandro",2022,Renovación Sanlorencista,Fiscalizadora,,NO
HERMOSILLA MIRTHA PARODI,"Parodi Hermosilla, Mirtha",2022,Siempre San Lorenzo,Fiscalizadora,,NO
CORNEJO EDUARDO PAULUCCI,"Paulucci Cornejo, Eduardo",2004,San Lorenzo para Todos,Fiscalizadora,,SI
CORNEJO EDUARDO PAULUCCI,"Paulucci Cornejo, Eduardo",2001,Unidad Azulgrana,Fiscalizadora,,NO
CORNEJO EDUARDO PAULUCCI,"Paulucci Cornejo, Eduardo",1998,San Lorenzo para Todos,Fiscalizadora,,SI
ANGEL MIGUEL PEREZ,"PEREZ, Miguel Angel",2010,Nuevo San Lorenzo,Fiscalizadora,,SI
MARIANO PETRALLI,"Petralli, Mariano",2013,San Lorenzo Siglo XXI,Fiscalizadora,,NO
HUGO PIPARUOLO,"Piparuolo, Hugo",2019,Volver a San Lorenzo,Fiscalizadora,,NO
DANIEL OSVALDO PISERA,"Pisera, Daniel Osvaldo",2019,Frente Pasión Azulgrana,Fiscalizadora,,NO
MANUEL ROCCHIA ROQUE,"Rocchia, Roque Manuel",2019,Cruzada por San Lorenzo,Fiscalizadora,,NO
MANUEL ROCCHIA ROQUE,"Rocchia, Roque Manuel",2016,Cruzada por San Lorenzo,Fiscalizadora,,NO
FRANCISCO RODI,"Rodi, Francisco",2004,Grandeza Azulgrana,Fiscalizadora,,NO
GUSTAVO RAMON RODRIGUEZ,"Rodriguez, Gustavo Ramon",2019,Frente Pasión Azulgrana,Fiscalizadora,,NO
GUSTAVO RAMON RODRIGUEZ,"Rodriguez, Gustavo Ramon",2007,Unidos por San Lorenzo,Fiscalizadora,,SI
JORGE RODRIGUEZ,"Rodriguez, Jorge",2004,De Nuevo San Lorenzo,Fiscalizadora,,NO
HECTOR RICARDO SABOR,"SABOR, Hector Ricardo",2010,Boedo en Accion,Fiscalizadora,,SI
HECTOR RICARDO SABOR,"SABOR, Hector Ricardo",2004,Dignidad por San Lorenzo,Fiscalizadora,,NO
HILDA SAPONARE,"Saponare, Hilda",2019,Frente Pasión Azulgrana,Fiscalizadora,,NO
MARCELO REINALDO SOLUCIO,"SOLUCIO, Reinaldo Marcelo",2010,Nuevo San Lorenzo,Fiscalizadora,,NO
DOMINGO TALLARICO,"Tallarico, Domingo",2004,Dignidad por San Lorenzo,Fiscalizadora,,NO
FRANCO TESTINO,"Testino, Franco",2022,Siempre San Lorenzo,Fiscalizadora,,NO
CLAUDIO TOLOSA,"Tolosa, Claudio",2007,Progreso Azulgrana,Fiscalizadora,,NO
ANGEL MIGUEL TREGOB,"TREGOB, Miguel Angel",2010,Grandeza Azulgrana,Fiscalizadora,,NO
RICARDO TROIANO,"Troiano, Ricardo",2022,Siempre San Lorenzo,Fiscalizadora,,NO
ARNOLDO DER VAN ZEE,"Van der Zee, Arnoldo",2004,San Lorenzo para Todos,Fiscalizadora,,NO
ARNOLDO DER VAN ZEE,"Van der Zee, Arnoldo",2001,Unidad Azulgrana,Fiscalizadora,,NO
ARNOLDO DER VAN ZEE,"Van der Zee, Arnoldo",1998,San Lorenzo para Todos,Fiscalizadora,,NO
GLADYS VILLANUEVA,"Villanueva, Gladys",2022,Volver a San Lorenzo,Fiscalizadora,,NO
GLADYS VILLANUEVA,"Villanueva, Gladys",2019,Volver a San Lorenzo,Fiscalizadora,,NO
MARCELO ZAIN,"Zain, Marcelo",2004,Grandeza Azulgrana,Fiscalizadora,,NO
GRECO JOSE,"Greco, Jose",2013,Volver a San Lorenzo,Fiscalizadora,,NO
GRECO JOSE,"Greco, Jose",2004,De Nuevo San Lorenzo,Fiscalizadora,,NO
DANIEL EDUARDO PATRISSO,"Patrisso, Daniel Eduardo",2013,Volver a San Lorenzo,Fiscalizadora,,NO
JORGE LAURINO LUIS,"Laurino, Jorge Luis",2001,Unidos por San Lorenzo,Fiscalizadora,,SI
AMILCAR JORGE NAVARRO,"Navarro, Amilcar Jorge",2001,Nuevo Rumbo Sanlorencista,Fiscalizadora,,SI
AMILCAR JORGE NAVARRO,"Navarro, Amilcar Jorge",1998,Nuevo Rumbo Sanlorencista,Fiscalizadora,,SI
HECTOR SABATELLI,"Sabatelli, Hector",1989,Nuevo Rumbo Sanlorencista,Fiscalizadora,,SI
ALBERTO HUMBERTO PEPE,"Pepe, Alberto Humberto",2001,Nuevo Rumbo Sanlorencista,Fiscalizadora,,NO
ALBERTO HUMBERTO PEPE,"Pepe, Alberto Humberto",1998,Nuevo Rumbo Sanlorencista,Fiscalizadora,,NO
HECTOR HORACIO LARROSA,"Larrosa, Hector Horacio",2001,La Casa del Vitalicio,Fiscalizadora,,NO
MUINO NARCISO,"Muiño, Narciso",2001,La Casa del Vitalicio,Fiscalizadora,,NO
ANSELMO DE LORI OSCAR,"De Lori, Oscar Anselmo",2001,La Casa del Vitalicio,Fiscalizadora,,NO
MANUEL SANTOS,"Santos, Manuel",1978,Lista de Unidad,Fiscalizadora,,SI
C JUAN MUNOZ,"Muñoz, Juan C",1978,Lista de Unidad,Fiscalizadora,,SI
NADALE NESTOR,"Nadale, Nestor",1978,Lista de Unidad,Fiscalizadora,,SI
ERNESTO MOHR,"Mohr, Ernesto",1974,Resurgimiento Sanlorencista,Fiscalizadora,,SI
HECTOR LEVIEUX,"Levieux, Hector",1974,Resurgimiento Sanlorencista,Fiscalizadora,,SI
HUMBERTO SCARPA,"Scarpa, Humberto",1974,Frederesa,Fiscalizadora,,SI
HUMBERTO SCARPA,"Scarpa, Humberto",1969,Lista de Unidad,Fiscalizadora,,SI
JOSE MARIA SACCOMANO,"Saccomano, Jose Maria",1974,Frederesa,Fiscalizadora,,NO
JOSE MARIA SACCOMANO,"Saccomano, Jose Maria",1969,Lista de Unidad,Fiscalizadora,,SI
JOSUE MACRI,"Macri, Josue",1974,Frederesa,Fiscalizadora,,NO
JOSUE MACRI,"Macri, Josue",1969,Lista de Unidad,Fiscalizadora,,SI
ANTONIO FARAGO,"Farago, Antonio",1971,Resurgimiento Sanlorencista,Fiscalizadora,,SI
COMPANO MATEO,"Compaño, Mateo",1971,Resurgimiento Sanlorencista,Fiscalizadora,,SI
CICERCHIA HECTOR,"Cicerchia, Hector",1969,Lista de Unidad,Fiscalizadora,,SI
FERREIRO FRANCISCO,"Ferreiro, Francisco",1969,Lista de Unidad,Fiscalizadora,,SI
FERREIRO FRANCISCO,"Ferreiro, Francisco",1966,Lista de Unidad,Fiscalizadora,,SI
JUAN NOTO,"Noto, Juan",1969,Lista de Unidad,Fiscalizadora,,SI
HERCULES PECORARO,"Pecoraro, Hercules",1969,Lista de Unidad,Fiscalizadora,,SI
JOSE TEMI,"Temi, Jose",1966,Lista de Unidad,Fiscalizadora,,SI
AVELLANEDA LEANDRO,"Avellaneda, Leandro",1966,Lista de Unidad,Fiscalizadora,,SI
LUCIO MARIO MARTINELLI,"Martinelli, Mario Lucio",1966,Lista de Unidad,Fiscalizadora,,SI
IBANEZ MARTIN,"Ibañez, Martin",2026,(Sin datos),Junta Electoral,Presidente de la Junta Electoral,SI
GERLERO GUSTAVO LUIS,"Gerlero, Gustavo Luis",2026,(Sin datos),Junta Electoral,Vice Presidente de la Junta Electoral,SI
ALEJANDRO GARCIA LIRA NESTOR,"Lira, Nestor Alejandro Garcia",2026,(Sin datos),Junta Electoral,Secretario Vice Presidente Junta Electoral,SI
LUIS MARIANO ROVATTI,"Rovatti, Mariano Luis",2026,(Sin datos),Junta Electoral,Vocal Junta Electoral,SI
ARRIGAZI GABRIEL,"Arrigazi, Gabriel",2026,(Sin datos),Junta Electoral,Vocal Junta Electoral,SI
GOMEZ HORACIO WALTER,"Gomez, Walter Horacio",2026,(Sin datos),Junta Electoral,Vocal Junta Electoral,SI
GOMEZ HORACIO WALTER,"Gomez, Walter Horacio",2023,(Sin datos),Junta Electoral,Vocal Junta Electoral,SI
GOMEZ HORACIO WALTER,"Gomez, Walter Horacio",2022,(Sin datos),Junta Electoral,Vocal Junta Electoral,SI
GOMEZ HORACIO WALTER,"Gomez, Walter Horacio",2019,(Sin datos),Junta Electoral,Vocal Junta Electoral,SI
GABRIEL GIOSEFFI PEDRO,"Gioseffi, Gabriel Pedro",2026,(Sin datos),Junta Electoral,Vocal Junta Electoral,SI
GABRIEL GIOSEFFI PEDRO,"Gioseffi, Gabriel Pedro",2023,(Sin datos),Junta Electoral,Vice Presidente de la Junta Electoral,SI
GABRIEL GIOSEFFI PEDRO,"Gioseffi, Gabriel Pedro",2022,(Sin datos),Junta Electoral,Secretario Vice Presidente Junta Electoral,SI
GABRIEL GIOSEFFI PEDRO,"Gioseffi, Gabriel Pedro",2019,(Sin datos),Junta Electoral,Secretario Vice Presidente Junta Electoral,SI
ALEJANDRO BIETTI,"Bietti, Alejandro",2023,(Sin datos),Junta Electoral,Presidente de la Junta Electoral,SI
ALEJANDRO BIETTI,"Bietti, Alejandro",2022,(Sin datos),Junta Electoral,Presidente de la Junta Electoral,SI
ALEJANDRO BIETTI,"Bietti, Alejandro",2019,(Sin datos),Junta Electoral,Presidente de la Junta Electoral,SI
GONZALEZ HERNAN MARTIN,"Gonzalez, Hernan Martin",2022,(Sin datos),Junta Electoral,Vice Presidente de la Junta Electoral,SI
GONZALEZ HERNAN MARTIN,"Gonzalez, Hernan Martin",2019,(Sin datos),Junta Electoral,Vice Presidente de la Junta Electoral,SI
JUAN MANUEL MENENDEZ,"Menendez, Juan Manuel",2019,(Sin datos),Junta Electoral,Vocal Junta Electoral,SI
FISZBEIN LUCIANO,"Fiszbein, Luciano",2023,(Sin datos),Junta Electoral,Vocal Junta Electoral,SI
FISZBEIN LUCIANO,"Fiszbein, Luciano",2022,(Sin datos),Junta Electoral,Vocal Junta Electoral,SI
FISZBEIN LUCIANO,"Fiszbein, Luciano",2019,(Sin datos),Junta Electoral,Vocal Junta Electoral,SI
FRANCISCO JOSE SGANGA,"Sganga, Jose Francisco",2023,(Sin datos),Junta Electoral,Secretario Vice Presidente Junta Electoral,SI
FRANCISCO JOSE SGANGA,"Sganga, Jose Francisco",2019,(Sin datos),Junta Electoral,Vocal Junta Electoral,SI
LUCCHINI OMAR,"Lucchini, Omar",2016,(Sin datos),Junta Electoral,Presidente de la Junta Electoral,SI
LUCCHINI OMAR,"Lucchini, Omar",2013,(Sin datos),Junta Electoral,Presidente de la Junta Electoral,SI
LUCCHINI OMAR,"Lucchini, Omar",2010,(Sin datos),Junta Electoral,Presidente de la Junta Electoral,SI
DOMINGO MANGIALAVORI,"Mangialavori, Domingo",2016,(Sin datos),Junta Electoral,Vice Presidente de la Junta Electoral,SI
DOMINGO MANGIALAVORI,"Mangialavori, Domingo",2013,(Sin datos),Junta Electoral,Vice Presidente de la Junta Electoral,SI
DOMINGO MANGIALAVORI,"Mangialavori, Domingo",2010,(Sin datos),Junta Electoral,Vice Presidente de la Junta Electoral,SI
HECTOR LABANCA,"Labanca, Hector",2016,(Sin datos),Junta Electoral,Secretario Vice Presidente Junta Electoral,SI
HECTOR LABANCA,"Labanca, Hector",2013,(Sin datos),Junta Electoral,Secretario Vice Presidente Junta Electoral,SI
HECTOR LABANCA,"Labanca, Hector",2010,(Sin datos),Junta Electoral,Secretario Vice Presidente Junta Electoral,SI
DANIEL RODRIGUEZ,"Rodriguez, Daniel",2016,(Sin datos),Junta Electoral,Vocal Junta Electoral,SI
DANIEL RODRIGUEZ,"Rodriguez, Daniel",2010,(Sin datos),Junta Electoral,Vocal Junta Electoral,SI
CARLOS PADULKA,"Padulka, Carlos",2016,(Sin datos),Junta Electoral,Vocal Junta Electoral,SI
ALE JAVIER LUCAS,"Ale, Lucas Javier",2023,(Sin datos),Junta Electoral,Vocal Junta Electoral,SI
ALE JAVIER LUCAS,"Ale, Lucas Javier",2022,(Sin datos),Junta Electoral,Vocal Junta Electoral,SI
EDGARDO RODRIGUEZ,"Rodriguez, Edgardo",2023,(Sin datos),Junta Electoral,Vocal Junta Electoral,SI
NESTOR PRESEDO,"Presedo, Nestor",2016,(Sin datos),Junta Electoral,Vocal Junta Electoral,SI
JUAN OLIVER,"Oliver, Juan",2010,(Sin datos),Junta Electoral,Vocal Junta Electoral,SI
CARLOS NOVELLINO,"Novellino, Carlos",2004,(Sin datos),Junta Electoral,Vocal Junta Electoral,SI
CARLOS NOVELLINO,"Novellino, Carlos",Tribunal de Etica 2017-2014,(Sin datos),Tribunal de Ética,Miembro,SI
CARLOS NOVELLINO,"Novellino, Carlos",Tribunal de Honor 2008 - 2011,(Sin datos),Tribunal de Ética,Miembro,SI
ABRAHAM BUAMDEM,"Buamdem, Abraham",2004,(Sin datos),Junta Electoral,Vocal Junta Electoral,SI
ALBERTO CARLOS LUCCHINI,"Lucchini, Carlos Alberto",1986,(Sin datos),Junta Electoral,Presidente Junta Electoral,SI
FIZSBEIN LUCIANO,"Fizsbein, Luciano",Tribunal de Etica 2024-2030,(Sin datos),Tribunal de Ética,Miembro,SI
ARENA RUBEN,"Arena, Ruben",Tribunal de Etica 2024-2030,(Sin datos),Tribunal de Ética,Miembro,SI
CHIZZINI LEANDRO,"Chizzini, Leandro",Tribunal de Etica 2024-2030,(Sin datos),Tribunal de Ética,Presidente,SI
CARINA HENRIQUES,"Henriques, Carina",Tribunal de Etica 2024-2030,(Sin datos),Tribunal de Ética,Secretaria,SI
MATIAS PICASSO,"Picasso, Matias",Tribunal de Etica 2024-2030,(Sin datos),Tribunal de Ética,Miembro,SI
GALTIERI MARIA,"Galtieri, Maria",Tribunal de Etica 2024-2030,(Sin datos),Tribunal de Ética,Miembro,SI
GERLERO GUSTAVO,"Gerlero, Gustavo",Tribunal de Etica 2023-2017,(Sin datos),Tribunal de Ética,Presidente,SI
GERLERO GUSTAVO,"Gerlero, Gustavo",Tribunal de Etica 2017-2014,(Sin datos),Tribunal de Ética,Presidente,SI
GERLERO GUSTAVO,"Gerlero, Gustavo",Tribunal de Honor 2014-2011,(Sin datos),Tribunal de Ética,Miembro,SI
GERLERO GUSTAVO,"Gerlero, Gustavo",Tribunal de Honor 2008 - 2011,(Sin datos),Tribunal de Ética,Miembro,SI
JORGE PISARENCO,"Pisarenco, Jorge",Tribunal de Etica 2023-2017,(Sin datos),Tribunal de Ética,Miembro,SI
JORGE PISARENCO,"Pisarenco, Jorge",Tribunal de Etica 2017-2014,(Sin datos),Tribunal de Ética,Miembro,SI
HUGO PEREZ,"Perez, Hugo",Tribunal de Etica 2023-2017,(Sin datos),Tribunal de Ética,Miembro,SI
HUGO PEREZ,"Perez, Hugo",Tribunal de Etica 2017-2014,(Sin datos),Tribunal de Ética,Miembro,SI
ALBERTO CARLOS MAHIQUES,"Mahiques, Carlos Alberto",Tribunal de Etica 2023-2017,(Sin datos),Tribunal de Ética,Miembro,SI
GONZALEZ RAMIRO,"Gonzalez, Ramiro",Tribunal de Etica 2023-2017,(Sin datos),Tribunal de Ética,Miembro,SI
ALBERTO CASTRO CURCI JOSE,"Curci Castro, Alberto Jose",Tribunal de Etica 2023-2017,(Sin datos),Tribunal de Ética,Miembro,SI
LUCCHINI OMAR RICARDO,"Lucchini, Omar Ricardo",Tribunal de Etica 2023-2017,(Sin datos),Tribunal de Ética,Miembro,SI
GABRIEL RAGGIO,"Raggio, Gabriel",Tribunal de Etica 2017-2014,(Sin datos),Tribunal de Ética,Miembro,SI
FRAIMAN JORGE,"Fraiman, Jorge",Tribunal de Etica 2017-2014,(Sin datos),Tribunal de Ética,Miembro,SI
PEDRO VALLE,"Valle, Pedro",Tribunal de Honor 2014-2011,(Sin datos),Tribunal de Ética,Miembro,SI
CORCETTI ROBERTO,"Corcetti, Roberto",Tribunal de Honor 2014-2011,(Sin datos),Tribunal de Ética,Miembro,SI
CORCETTI ROBERTO,"Corcetti, Roberto",Tribunal de Honor 2008 - 2011,(Sin datos),Tribunal de Ética,Miembro,SI
MAIQUES PIZARENCO,"Pizarenco, Maiques",Tribunal de Honor 2014-2011,(Sin datos),Tribunal de Ética,Miembro,SI
ARGENTO DOMINGO JUAN,"Argento, Juan Domingo",Tribunal de Honor 2002-2005,(Sin datos),Tribunal de Ética,Miembro,SI
LORENZO ROBERTO,"Lorenzo, Roberto",Tribunal de Honor 2002-2005,(Sin datos),Tribunal de Ética,Miembro,SI
EMILIO VALLAZA,"Vallaza, Emilio",Tribunal de Honor 2008 - 2011,(Sin datos),Tribunal de Ética,Miembro,SI
EMILIO VALLAZA,"Vallaza, Emilio",Tribunal de Honor 2002-2005,(Sin datos),Tribunal de Ética,Miembro,SI
EDUARDO OSCAR ROGER,"Roger, Oscar Eduardo",Tribunal de Honor 1998-2002,(Sin datos),Tribunal de Ética,Presidente,SI
EDUARDO OSCAR ROGER,"Roger, Oscar Eduardo",Tribunal de Honor 1993-1998,(Sin datos),Tribunal de Ética,Miembro,SI
EDUARDO OSCAR ROGER,"Roger, Oscar Eduardo",Tribunal de Honor 1990-1993,(Sin datos),Tribunal de Ética,Miembro,SI
KOPP REINALDO,"Kopp, Reinaldo",Tribunal de Honor 1998-2002,(Sin datos),Tribunal de Ética,Miembro,SI
KOPP REINALDO,"Kopp, Reinaldo",Tribunal de Honor 1993-1998,(Sin datos),Tribunal de Ética,Miembro,SI
KOPP REINALDO,"Kopp, Reinaldo",Tribunal de Honor 1990-1993,(Sin datos),Tribunal de Ética,Miembro,SI
CARLOS EDUARDO ROBLES,"Robles, Carlos Eduardo",Tribunal de Honor 1998-2002,(Sin datos),Tribunal de Ética,Miembro,SI
ALBERTO HUGO PISERA,"Pisera, Hugo Alberto",Tribunal de Honor 1998-2002,(Sin datos),Tribunal de Ética,Miembro,SI
ALBERTO HUGO PISERA,"Pisera, Hugo Alberto",Tribunal de Honor 1993-1998,(Sin datos),Tribunal de Ética,Miembro,SI
ALBERTO HUGO PISERA,"Pisera, Hugo Alberto",Tribunal de Honor 1990-1993,(Sin datos),Tribunal de Ética,Miembro,SI
ROBERTO VACCAREZZA,"Vaccarezza, Roberto",Tribunal de Honor 1993-1998,(Sin datos),Tribunal de Ética,Miembro,SI
LUCIO MAZDA,"Mazda, Lucio",Tribunal de Honor 1990-1993,(Sin datos),Tribunal de Ética,Miembro,SI
CARLOS CODA GUIDO NATAL,"Natal Coda, Carlos Guido",Tribunal de Honor 1984-1990,(Sin datos),Tribunal de Ética,Miembro,SI
EDUARDO GARCIA PULLES,"Garcia Pulles, Eduardo",Tribunal de Honor 1984-1990,(Sin datos),Tribunal de Ética,Miembro,SI
MARIO ZEROLLI,"Zerolli, Mario",Tribunal de Honor 1984-1990,(Sin datos),Tribunal de Ética,Miembro,SI
OSVALDO POMBO,"Pombo, Osvaldo",Tribunal de Honor 1984-1990,(Sin datos),Tribunal de Ética,Miembro,SI
ARZENO NESTOR,"Arzeno, Nestor",Tribunal de Honor 1984-1990,(Sin datos),Tribunal de Ética,Miembro,SI
ANGEL BARROS,"Barros, Angel",Tribunal de Honor 1984-1990,(Sin datos),Tribunal de Ética,Miembro,SI